image_id,p_180
test_00000,0.6035167574882507
test_00001,0.9999967813491821
test_00002,0.9999967813491821
test_00003,0.0028088358230888844
test_00004,0.9999966621398926
test_00005,0.0012512077810242772
test_00006,0.999893307685852
test_00007,0.9999967813491821
test_00008,0.9997939467430115
test_00009,0.00013771017256658524
test_00010,0.9995809197425842
test_00011,0.00021954647672828287
test_00012,0.21011938154697418
test_00013,0.9999967813491821
test_00014,0.9544161558151245
test_00015,0.9997439980506897
test_00016,0.9994588494300842
test_00017,0.00015047009219415486
test_00018,0.9803237915039062
test_00019,0.14099863171577454
test_00020,0.00034266387228854
test_00021,0.00013402414333540946
test_00022,0.9999967813491821
test_00023,0.004320341162383556
test_00024,0.13160920143127441
test_00025,0.9998910427093506
test_00026,0.999985933303833
test_00027,0.00977346021682024
test_00028,0.9355716705322266
test_00029,0.9999967813491821
test_00030,5.07351342093898e-06
test_00031,0.9998350143432617
test_00032,0.887549638748169
test_00033,0.9978218078613281
test_00034,0.9508486986160278
test_00035,0.999933123588562
test_00036,0.9644197821617126
test_00037,0.08815962821245193
test_00038,0.0008279343019239604
test_00039,0.02104240655899048
test_00040,0.9651950001716614
test_00041,0.5908677577972412
test_00042,0.9998193383216858
test_00043,0.041951823979616165
test_00044,0.04544583335518837
test_00045,0.8115724921226501
test_00046,0.00599434319883585
test_00047,0.9999082088470459
test_00048,0.9993205070495605
test_00049,0.9997528195381165
test_00050,0.9999959468841553
test_00051,0.0006117929588072002
test_00052,9.458924068894703e-06
test_00053,0.9994625449180603
test_00054,0.27562278509140015
test_00055,0.9995089769363403
test_00056,0.0007438432076014578
test_00057,0.9995434880256653
test_00058,0.00733071006834507
test_00059,0.04267946258187294
test_00060,0.8290831446647644
test_00061,0.007409621961414814
test_00062,0.1392877697944641
test_00063,0.12820884585380554
test_00064,0.0020516873337328434
test_00065,0.9999967813491821
test_00066,0.12951688468456268
test_00067,0.009140662848949432
test_00068,0.023313699290156364
test_00069,0.11874356865882874
test_00070,0.9983166456222534
test_00071,0.9998658895492554
test_00072,0.998551070690155
test_00073,0.9445129632949829
test_00074,0.9994356036186218
test_00075,0.9992976188659668
test_00076,0.002773626009002328
test_00077,0.9999967813491821
test_00078,0.999934196472168
test_00079,0.9978975057601929
test_00080,0.024438634514808655
test_00081,0.9995802044868469
test_00082,0.9999967813491821
test_00083,7.925217687443364e-06
test_00084,0.9999967813491821
test_00085,0.9995749592781067
test_00086,0.9999967813491821
test_00087,0.9999967813491821
test_00088,3.1475640298594953e-06
test_00089,0.9999967813491821
test_00090,0.010897424072027206
test_00091,0.0060623702593147755
test_00092,0.999922513961792
test_00093,0.15824414789676666
test_00094,0.9998078942298889
test_00095,0.995781421661377
test_00096,0.07055263966321945
test_00097,0.0013829843373969197
test_00098,1.5350227840826847e-05
test_00099,0.014615552499890327
test_00100,0.021758971735835075
test_00101,0.42516374588012695
test_00102,4.382220868137665e-05
test_00103,0.9999959468841553
test_00104,0.9999508857727051
test_00105,3.1475640298594953e-06
test_00106,0.0013989993603900075
test_00107,0.9999666213989258
test_00108,0.022718699648976326
test_00109,0.0002496287343092263
test_00110,0.9999946355819702
test_00111,0.01603265292942524
test_00112,0.9999927282333374
test_00113,4.626352620107355e-06
test_00114,0.9999963045120239
test_00115,0.48956796526908875
test_00116,0.7365940809249878
test_00117,0.9995843768119812
test_00118,0.9999638795852661
test_00119,0.14122673869132996
test_00120,0.012437066994607449
test_00121,0.9999586343765259
test_00122,0.9999865293502808
test_00123,0.9999967813491821
test_00124,0.048119138926267624
test_00125,0.0009305151179432869
test_00126,0.0011186683550477028
test_00127,0.9999892711639404
test_00128,6.748262967448682e-05
test_00129,0.00082102429587394
test_00130,0.9998855590820312
test_00131,5.277961099636741e-05
test_00132,0.9574183821678162
test_00133,0.9320803880691528
test_00134,0.00019980131764896214
test_00135,0.9998384714126587
test_00136,0.0003240241203457117
test_00137,0.9998047947883606
test_00138,0.9999967813491821
test_00139,0.0036700794007629156
test_00140,0.9999967813491821
test_00141,0.00013155121996533126
test_00142,0.9993407130241394
test_00143,0.9958395957946777
test_00144,0.0022601967211812735
test_00145,0.9095775485038757
test_00146,0.00023275893181562424
test_00147,0.999983549118042
test_00148,0.07146096974611282
test_00149,0.01432695984840393
test_00150,0.6719163060188293
test_00151,0.9999967813491821
test_00152,0.5360791683197021
test_00153,0.013115406036376953
test_00154,0.9915980100631714
test_00155,0.9999967813491821
test_00156,0.9999927282333374
test_00157,0.004903076216578484
test_00158,0.9999867677688599
test_00159,0.9999967813491821
test_00160,0.9999967813491821
test_00161,0.015483034774661064
test_00162,0.3180709183216095
test_00163,0.9992734789848328
test_00164,0.014960620552301407
test_00165,0.9925530552864075
test_00166,0.9997163414955139
test_00167,0.9883968234062195
test_00168,0.0003767012385651469
test_00169,0.001288195955567062
test_00170,0.9999847412109375
test_00171,0.9885563254356384
test_00172,0.9994640946388245
test_00173,0.949557363986969
test_00174,3.1475640298594953e-06
test_00175,0.9999071359634399
test_00176,0.9988884329795837
test_00177,3.7404519389383495e-05
test_00178,0.0003583170473575592
test_00179,0.988959789276123
test_00180,3.431482355154003e-06
test_00181,0.5340027809143066
test_00182,0.998701810836792
test_00183,0.09785610437393188
test_00184,0.9919849634170532
test_00185,0.9999245405197144
test_00186,0.0001505936961621046
test_00187,0.9999697208404541
test_00188,0.9999773502349854
test_00189,0.9999967813491821
test_00190,0.0006867166957817972
test_00191,0.979832649230957
test_00192,0.06975819170475006
test_00193,0.4863669276237488
test_00194,0.0006820944836363196
test_00195,0.00013045844389125705
test_00196,0.6410417556762695
test_00197,0.9978039860725403
test_00198,0.047114159911870956
test_00199,0.9999967813491821
test_00200,0.9999797344207764
test_00201,0.9995988011360168
test_00202,0.9997586607933044
test_00203,0.76118004322052
test_00204,0.9999135732650757
test_00205,1.1657340110104997e-05
test_00206,0.00017598066187929362
test_00207,3.1475640298594953e-06
test_00208,3.856562034343369e-05
test_00209,0.010578890331089497
test_00210,0.0007488011033274233
test_00211,0.9740158319473267
test_00212,0.9996671676635742
test_00213,0.9999043941497803
test_00214,0.9998968839645386
test_00215,1.2469058674469125e-05
test_00216,0.07053276151418686
test_00217,0.27947551012039185
test_00218,0.0004848532553296536
test_00219,0.9999942779541016
test_00220,0.9999967813491821
test_00221,0.9998730421066284
test_00222,0.0005895059439353645
test_00223,0.9999967813491821
test_00224,0.8721523284912109
test_00225,0.9981690645217896
test_00226,4.548414653982036e-05
test_00227,0.0031955421436578035
test_00228,0.632370114326477
test_00229,6.765060243196785e-05
test_00230,0.004764962941408157
test_00231,0.9999967813491821
test_00232,0.9766994714736938
test_00233,0.9999537467956543
test_00234,0.005118542350828648
test_00235,0.9999873638153076
test_00236,0.0003565337392501533
test_00237,1.6629473975626752e-05
test_00238,0.9984869956970215
test_00239,0.020496070384979248
test_00240,0.00037580757634714246
test_00241,0.004114346578717232
test_00242,0.07495253533124924
test_00243,0.9999949932098389
test_00244,0.9999914169311523
test_00245,0.9340065717697144
test_00246,0.22785860300064087
test_00247,0.9999853372573853
test_00248,0.9999967813491821
test_00249,0.9999537467956543
test_00250,0.9792816638946533
test_00251,0.8474094867706299
test_00252,0.44348081946372986
test_00253,0.9999967813491821
test_00254,0.00020441936794668436
test_00255,3.1475640298594953e-06
test_00256,0.0009005435858853161
test_00257,0.03632042929530144
test_00258,0.10060930252075195
test_00259,0.008076529018580914
test_00260,0.0012954175472259521
test_00261,0.5998421907424927
test_00262,0.9999967813491821
test_00263,0.999797523021698
test_00264,0.9999914169311523
test_00265,0.4794515073299408
test_00266,0.0036298593040555716
test_00267,0.9597512483596802
test_00268,7.536619523307309e-05
test_00269,0.9999929666519165
test_00270,0.9984899759292603
test_00271,0.4034033417701721
test_00272,0.9949421286582947
test_00273,0.08050116896629333
test_00274,0.9902375340461731
test_00275,0.00018180823826696724
test_00276,0.15203844010829926
test_00277,0.9999877214431763
test_00278,0.011959018185734749
test_00279,0.011457967571914196
test_00280,0.9999748468399048
test_00281,0.9999967813491821
test_00282,0.9991356730461121
test_00283,0.0003258329234085977
test_00284,0.4488157033920288
test_00285,0.005858397111296654
test_00286,8.338878251379356e-05
test_00287,0.9998345375061035
test_00288,0.9998007416725159
test_00289,0.9999873638153076
test_00290,0.9999383687973022
test_00291,0.9999967813491821
test_00292,0.9999967813491821
test_00293,0.3215453326702118
test_00294,0.9998476505279541
test_00295,0.9999967813491821
test_00296,0.0006096137221902609
test_00297,0.9999967813491821
test_00298,0.9868048429489136
test_00299,0.999974250793457
test_00300,0.028800494968891144
test_00301,0.9988412261009216
test_00302,0.7521587014198303
test_00303,0.0099803376942873
test_00304,0.0007847938686609268
test_00305,0.9990719556808472
test_00306,0.9999895095825195
test_00307,0.874053955078125
test_00308,0.31482255458831787
test_00309,0.9960986375808716
test_00310,0.9977082014083862
test_00311,0.9999598264694214
test_00312,0.04049888253211975
test_00313,0.9999929666519165
test_00314,0.0064318315126001835
test_00315,0.9930642247200012
test_00316,0.9963272213935852
test_00317,0.00017465237760916352
test_00318,0.9999933242797852
test_00319,0.48972299695014954
test_00320,0.9994463324546814
test_00321,0.11335558444261551
test_00322,0.9969853758811951
test_00323,0.9992818236351013
test_00324,0.8277738690376282
test_00325,0.999544084072113
test_00326,0.011783254332840443
test_00327,0.007669306825846434
test_00328,0.9812697172164917
test_00329,0.9950506091117859
test_00330,0.9999967813491821
test_00331,0.9939466118812561
test_00332,0.9997193217277527
test_00333,0.9999967813491821
test_00334,0.9999967813491821
test_00335,0.425859659910202
test_00336,0.00558132492005825
test_00337,0.9964304566383362
test_00338,8.970183262135834e-05
test_00339,0.9995871186256409
test_00340,0.9723780155181885
test_00341,0.017207680270075798
test_00342,0.9999967813491821
test_00343,0.9998598098754883
test_00344,0.9998742341995239
test_00345,0.9999535083770752
test_00346,0.006989430636167526
test_00347,0.04807424917817116
test_00348,0.9971078038215637
test_00349,0.019722003489732742
test_00350,0.9992719292640686
test_00351,0.44315290451049805
test_00352,0.9994712471961975
test_00353,0.9999556541442871
test_00354,0.16207854449748993
test_00355,0.9997038245201111
test_00356,0.014617346227169037
test_00357,0.0031398015562444925
test_00358,0.9999967813491821
test_00359,0.9999902248382568
test_00360,0.9999129772186279
test_00361,0.9996389150619507
test_00362,0.9837555885314941
test_00363,0.9999967813491821
test_00364,0.9960013031959534
test_00365,0.9441894888877869
test_00366,0.9999940395355225
test_00367,0.028251366689801216
test_00368,0.0024215378798544407
test_00369,0.9999967813491821
test_00370,0.9758347272872925
test_00371,0.2200336754322052
test_00372,0.9999967813491821
test_00373,0.5743390321731567
test_00374,0.9998311996459961
test_00375,0.9999967813491821
test_00376,1.3582397514255717e-05
test_00377,0.0006056562415324152
test_00378,0.9985135197639465
test_00379,0.0019382243044674397
test_00380,3.1475640298594953e-06
test_00381,0.9999967813491821
test_00382,0.996625542640686
test_00383,0.01278640702366829
test_00384,0.9999949932098389
test_00385,0.0005653575644828379
test_00386,0.9993069171905518
test_00387,0.9999967813491821
test_00388,0.9526821374893188
test_00389,0.9997100234031677
test_00390,0.9982224106788635
test_00391,0.0016688782488927245
test_00392,0.9752166867256165
test_00393,0.9997833371162415
test_00394,0.33092543482780457
test_00395,0.005540679674595594
test_00396,0.0002508459729142487
test_00397,0.9985092282295227
test_00398,0.01195957139134407
test_00399,0.8802930116653442
test_00400,0.9999967813491821
test_00401,0.9944877028465271
test_00402,0.9995959401130676
test_00403,0.00019230175530537963
test_00404,0.0001040860079228878
test_00405,0.9896373748779297
test_00406,0.9988391995429993
test_00407,0.7167534232139587
test_00408,0.9999967813491821
test_00409,0.9998600482940674
test_00410,1.214376425195951e-05
test_00411,0.08246996998786926
test_00412,0.0005127568729221821
test_00413,0.3802754282951355
test_00414,0.5827839374542236
test_00415,0.9944015145301819
test_00416,0.00041998911183327436
test_00417,5.669076563208364e-05
test_00418,0.9993532299995422
test_00419,0.9999967813491821
test_00420,0.13153384625911713
test_00421,0.9999666213989258
test_00422,0.9999967813491821
test_00423,0.0012389578623697162
test_00424,0.04034904018044472
test_00425,0.5576066374778748
test_00426,0.9998083710670471
test_00427,0.03397391736507416
test_00428,0.0024390334729105234
test_00429,0.9999967813491821
test_00430,0.9999927282333374
test_00431,0.9999831914901733
test_00432,0.9999817609786987
test_00433,0.5789614319801331
test_00434,0.9587241411209106
test_00435,0.962068498134613
test_00436,0.9999463558197021
test_00437,0.23010200262069702
test_00438,0.9992702603340149
test_00439,0.9758610725402832
test_00440,0.013512817211449146
test_00441,1.902654184959829e-05
test_00442,0.9913769960403442
test_00443,0.999909520149231
test_00444,0.9999967813491821
test_00445,0.034224703907966614
test_00446,0.0032507930882275105
test_00447,0.0014796651666983962
test_00448,0.9999967813491821
test_00449,8.35877435747534e-05
test_00450,2.8353066227282397e-05
test_00451,0.9999603033065796
test_00452,0.9538313150405884
test_00453,0.19107292592525482
test_00454,0.9777552485466003
test_00455,0.9990506768226624
test_00456,0.38532599806785583
test_00457,5.761807187809609e-05
test_00458,0.9999967813491821
test_00459,0.999956488609314
test_00460,0.00011530506890267134
test_00461,0.9999823570251465
test_00462,0.8581536412239075
test_00463,0.9999579191207886
test_00464,0.0002013248740695417
test_00465,0.002742951503023505
test_00466,0.9998654127120972
test_00467,0.6180006861686707
test_00468,0.9983478784561157
test_00469,0.0023970913607627153
test_00470,0.2756049335002899
test_00471,0.0005746106035076082
test_00472,0.011670086532831192
test_00473,0.024877388030290604
test_00474,0.12052702903747559
test_00475,0.43728208541870117
test_00476,0.0848422721028328
test_00477,0.09093829244375229
test_00478,0.0020269860979169607
test_00479,0.9975653886795044
test_00480,0.9999500513076782
test_00481,0.004058562684804201
test_00482,0.0036236511077731848
test_00483,0.9999967813491821
test_00484,0.568109929561615
test_00485,0.00011399012873880565
test_00486,0.00039843886042945087
test_00487,0.5196524858474731
test_00488,0.0007304430473595858
test_00489,0.9999967813491821
test_00490,0.9988443851470947
test_00491,0.15360069274902344
test_00492,0.9998575448989868
test_00493,0.9999967813491821
test_00494,0.9991511106491089
test_00495,0.999977707862854
test_00496,0.3624836504459381
test_00497,0.9999967813491821
test_00498,0.0042779953218996525
test_00499,0.0028302138671278954
test_00500,0.9998816251754761
test_00501,0.005725543480366468
test_00502,0.991818904876709
test_00503,0.0011778606567531824
test_00504,0.9999524354934692
test_00505,0.999264657497406
test_00506,0.9999967813491821
test_00507,0.003954293671995401
test_00508,0.998084306716919
test_00509,0.17103484272956848
test_00510,0.9995129108428955
test_00511,0.9998941421508789
test_00512,0.896017849445343
test_00513,0.9997746348381042
test_00514,0.17612650990486145
test_00515,0.2045556902885437
test_00516,0.009364561177790165
test_00517,0.0025657168589532375
test_00518,0.4494078457355499
test_00519,0.9999967813491821
test_00520,0.8342970013618469
test_00521,0.9999902248382568
test_00522,0.1922905445098877
test_00523,0.9719674587249756
test_00524,0.9999672174453735
test_00525,0.18431834876537323
test_00526,0.26362475752830505
test_00527,0.00519085256382823
test_00528,0.015116460621356964
test_00529,0.6584980487823486
test_00530,0.00047406775411218405
test_00531,0.7246520519256592
test_00532,0.10791299492120743
test_00533,0.0004421670164447278
test_00534,0.9999815225601196
test_00535,0.00038041893276385963
test_00536,0.00038069210131652653
test_00537,0.001534197712317109
test_00538,0.999614953994751
test_00539,0.6498966813087463
test_00540,0.9980970025062561
test_00541,0.0066434405744075775
test_00542,0.0014849648578092456
test_00543,0.9999908208847046
test_00544,0.9999966621398926
test_00545,0.0016429150709882379
test_00546,0.0001551504828967154
test_00547,0.9999967813491821
test_00548,0.0005100502748973668
test_00549,0.9989805817604065
test_00550,3.1475640298594953e-06
test_00551,1.0122140338353347e-05
test_00552,0.999482274055481
test_00553,0.9854787588119507
test_00554,0.024096976965665817
test_00555,0.0382610484957695
test_00556,0.9657835960388184
test_00557,0.9999967813491821
test_00558,0.0771201103925705
test_00559,0.0001335338019998744
test_00560,0.7140763998031616
test_00561,0.3872778117656708
test_00562,0.0804036408662796
test_00563,5.895843423786573e-05
test_00564,0.9999815225601196
test_00565,0.9999966621398926
test_00566,3.4294578654225916e-05
test_00567,0.9803429245948792
test_00568,0.007475070655345917
test_00569,0.9276193380355835
test_00570,0.0006034934194758534
test_00571,3.4686148865148425e-05
test_00572,0.003416072577238083
test_00573,0.04984448850154877
test_00574,0.4305461645126343
test_00575,0.9944122433662415
test_00576,0.9999841451644897
test_00577,0.1691354662179947
test_00578,7.4236872933397535e-06
test_00579,0.999737560749054
test_00580,0.9999967813491821
test_00581,0.999954342842102
test_00582,0.0036893808282911777
test_00583,0.9999819993972778
test_00584,0.007324574515223503
test_00585,0.00019878451712429523
test_00586,0.9999967813491821
test_00587,0.9999967813491821
test_00588,0.04070634767413139
test_00589,5.179819254408358e-06
test_00590,0.2944202721118927
test_00591,7.882923819124699e-05
test_00592,1.1000438462360762e-05
test_00593,0.9930714964866638
test_00594,0.9998190999031067
test_00595,0.0009032621746882796
test_00596,0.7643437385559082
test_00597,0.0007158085936680436
test_00598,0.9994240999221802
test_00599,0.00010324871254852042
test_00600,0.9993922710418701
test_00601,0.9996911287307739
test_00602,0.9999940395355225
test_00603,0.034523818641901016
test_00604,0.9380512833595276
test_00605,0.9998841285705566
test_00606,0.9999843835830688
test_00607,0.5058543682098389
test_00608,0.0019182240357622504
test_00609,3.1475640298594953e-06
test_00610,0.9998925924301147
test_00611,0.7410637736320496
test_00612,0.9751546382904053
test_00613,0.023118434473872185
test_00614,0.9985744953155518
test_00615,0.9999967813491821
test_00616,0.00010177365766139701
test_00617,0.9999967813491821
test_00618,0.011574716307222843
test_00619,0.9999657869338989
test_00620,0.999346911907196
test_00621,0.9634440541267395
test_00622,0.9999871253967285
test_00623,0.9829250574111938
test_00624,1.9643812265712768e-05
test_00625,0.00826281774789095
test_00626,0.9999819993972778
test_00627,0.00022090038692113012
test_00628,0.0009760105167515576
test_00629,0.5540904998779297
test_00630,0.9999967813491821
test_00631,0.8348784446716309
test_00632,0.9997908473014832
test_00633,0.9999711513519287
test_00634,0.9999392032623291
test_00635,0.0007040348136797547
test_00636,0.9998219609260559
test_00637,0.9436785578727722
test_00638,0.0022617026697844267
test_00639,0.9999097585678101
test_00640,0.06246456876397133
test_00641,0.9999699592590332
test_00642,0.9956822395324707
test_00643,3.1475640298594953e-06
test_00644,0.9999877214431763
test_00645,0.9997097849845886
test_00646,0.0012654280290007591
test_00647,5.054151552030817e-05
test_00648,0.30810046195983887
test_00649,0.9990923404693604
test_00650,1.091943613573676e-05
test_00651,0.01301469374448061
test_00652,0.07230059802532196
test_00653,0.9999949932098389
test_00654,0.9913391470909119
test_00655,0.9992121458053589
test_00656,0.008641808293759823
test_00657,0.11034994572401047
test_00658,0.9999837875366211
test_00659,0.003710206365212798
test_00660,0.010479791089892387
test_00661,0.0007253194344229996
test_00662,0.4110545516014099
test_00663,0.7540262341499329
test_00664,0.05032855272293091
test_00665,0.8327734470367432
test_00666,0.9999946355819702
test_00667,0.9968570470809937
test_00668,0.208276629447937
test_00669,0.048284657299518585
test_00670,0.9968581199645996
test_00671,0.9999967813491821
test_00672,0.9999967813491821
test_00673,0.9994078874588013
test_00674,0.9999717473983765
test_00675,0.9999967813491821
test_00676,0.13541299104690552
test_00677,0.9217895865440369
test_00678,0.9999967813491821
test_00679,0.9755000472068787
test_00680,0.8934261798858643
test_00681,0.9999967813491821
test_00682,0.9999841451644897
test_00683,0.9966180920600891
test_00684,0.999529242515564
test_00685,0.9997949004173279
test_00686,0.9999744892120361
test_00687,0.0010698356200009584
test_00688,0.006077400874346495
test_00689,0.9999967813491821
test_00690,0.47387224435806274
test_00691,0.9998843669891357
test_00692,0.999970555305481
test_00693,0.9999967813491821
test_00694,2.002946894208435e-05
test_00695,0.7778653502464294
test_00696,0.15726594626903534
test_00697,0.9999929666519165
test_00698,0.030138453468680382
test_00699,0.001635802211239934
test_00700,0.9999959468841553
test_00701,0.9999914169311523
test_00702,0.9999688863754272
test_00703,0.026582209393382072
test_00704,0.006639300845563412
test_00705,0.970917284488678
test_00706,0.0009088168735615909
test_00707,0.9999908208847046
test_00708,0.00021250992722343653
test_00709,0.9999849796295166
test_00710,0.09525302797555923
test_00711,0.9985896944999695
test_00712,0.9275789260864258
test_00713,0.020394857972860336
test_00714,0.5673328042030334
test_00715,0.9999967813491821
test_00716,0.9994662404060364
test_00717,0.9999967813491821
test_00718,0.08927632123231888
test_00719,0.020071133971214294
test_00720,0.9994230270385742
test_00721,0.052636533975601196
test_00722,0.00024126796051859856
test_00723,0.9998732805252075
test_00724,0.9992842078208923
test_00725,0.9996511936187744
test_00726,0.3383121192455292
test_00727,0.20142622292041779
test_00728,0.9994223117828369
test_00729,0.9998045563697815
test_00730,0.9111414551734924
test_00731,0.9494906067848206
test_00732,4.7878849727567285e-05
test_00733,0.00010526501864660531
test_00734,0.9998855590820312
test_00735,0.14790098369121552
test_00736,0.9997155070304871
test_00737,0.9013229012489319
test_00738,0.0014119670959189534
test_00739,0.9999914169311523
test_00740,6.914221012266353e-05
test_00741,0.9999967813491821
test_00742,0.9999967813491821
test_00743,0.953960657119751
test_00744,0.041628655046224594
test_00745,0.999915361404419
test_00746,0.8987017273902893
test_00747,0.03382144495844841
test_00748,0.9995065927505493
test_00749,0.002673072274774313
test_00750,0.006907186470925808
test_00751,0.9994723200798035
test_00752,9.263687388738617e-05
test_00753,0.005191453732550144
test_00754,0.00021191888663452119
test_00755,0.999494194984436
test_00756,0.01871209405362606
test_00757,1.6828478692332283e-05
test_00758,0.00048822019016370177
test_00759,0.00020023404795210809
test_00760,0.9999967813491821
test_00761,0.9983459711074829
test_00762,0.0080334497615695
test_00763,0.9991865754127502
test_00764,0.15978798270225525
test_00765,0.9998821020126343
test_00766,0.010234237648546696
test_00767,0.9993575215339661
test_00768,0.4174729883670807
test_00769,5.980482455925085e-06
test_00770,0.9987899661064148
test_00771,0.020749134942889214
test_00772,0.0022874074056744576
test_00773,0.9999929666519165
test_00774,0.9999902248382568
test_00775,0.9999967813491821
test_00776,0.9999709129333496
test_00777,0.0001819884346332401
test_00778,0.6200281381607056
test_00779,3.314941932330839e-05
test_00780,0.9968384504318237
test_00781,0.19102974236011505
test_00782,0.8472538590431213
test_00783,0.9996639490127563
test_00784,0.9531046152114868
test_00785,0.9999967813491821
test_00786,0.9999967813491821
test_00787,0.9009631872177124
test_00788,0.9998323917388916
test_00789,0.0447063185274601
test_00790,0.9993320107460022
test_00791,0.9988296627998352
test_00792,0.9985942244529724
test_00793,3.1475640298594953e-06
test_00794,0.9998953342437744
test_00795,0.00010688572365324944
test_00796,3.1475640298594953e-06
test_00797,0.020957427099347115
test_00798,0.9999655485153198
test_00799,0.9999920129776001
test_00800,0.0001389120297972113
test_00801,0.0003605666570365429
test_00802,0.00028628308791667223
test_00803,0.03657548129558563
test_00804,0.3344181180000305
test_00805,0.7840799689292908
test_00806,0.999991774559021
test_00807,0.9999967813491821
test_00808,0.07120276987552643
test_00809,0.772462785243988
test_00810,0.9997400641441345
test_00811,0.9999967813491821
test_00812,0.9992475509643555
test_00813,0.28832748532295227
test_00814,0.9997110962867737
test_00815,0.03287474811077118
test_00816,1.6002502889023162e-05
test_00817,0.00030266534304246306
test_00818,9.574092837283388e-05
test_00819,0.9998055100440979
test_00820,0.0009041546145454049
test_00821,0.0006315503851510584
test_00822,0.9802458882331848
test_00823,8.218504081014544e-05
test_00824,3.9414571801899e-05
test_00825,0.9999936819076538
test_00826,0.9084563851356506
test_00827,0.9996317625045776
test_00828,0.9999183416366577
test_00829,0.9999889135360718
test_00830,0.9998799562454224
test_00831,0.9991888403892517
test_00832,0.856644332408905
test_00833,0.001040143659338355
test_00834,4.059991169924615e-06
test_00835,0.012547418475151062
test_00836,0.9876598715782166
test_00837,0.9875857830047607
test_00838,3.1475640298594953e-06
test_00839,0.00011681860632961616
test_00840,0.0013463437790051103
test_00841,0.9811119437217712
test_00842,0.9940760135650635
test_00843,0.9997100234031677
test_00844,0.009361093863844872
test_00845,3.1475640298594953e-06
test_00846,0.9994262456893921
test_00847,0.271895170211792
test_00848,0.02092706970870495
test_00849,0.03798549994826317
test_00850,0.019228506833314896
test_00851,0.9998980760574341
test_00852,0.991168737411499
test_00853,0.9138351082801819
test_00854,0.9816880822181702
test_00855,0.00924775842577219
test_00856,0.9920684099197388
test_00857,0.30269527435302734
test_00858,0.7581294775009155
test_00859,0.999903678894043
test_00860,0.007284441497176886
test_00861,0.9684282541275024
test_00862,0.07811099290847778
test_00863,0.9999871253967285
test_00864,0.02678009681403637
test_00865,0.00013101943477522582
test_00866,0.7678705453872681
test_00867,0.00974119920283556
test_00868,0.9998195767402649
test_00869,0.23893924057483673
test_00870,0.9846706390380859
test_00871,5.538434379559476e-06
test_00872,0.014386803843080997
test_00873,0.9999967813491821
test_00874,0.10641087591648102
test_00875,0.9784774780273438
test_00876,0.2701144516468048
test_00877,0.004490959458053112
test_00878,0.0008009700104594231
test_00879,0.9999967813491821
test_00880,0.13017036020755768
test_00881,0.9975064396858215
test_00882,0.9995018243789673
test_00883,0.99960857629776
test_00884,0.9999927282333374
test_00885,0.5806027054786682
test_00886,0.9258546829223633
test_00887,0.012548045255243778
test_00888,0.052365925163030624
test_00889,0.9999966621398926
test_00890,0.9995200634002686
test_00891,0.9999967813491821
test_00892,0.0002500172413419932
test_00893,0.9999889135360718
test_00894,0.9967188239097595
test_00895,0.9995952248573303
test_00896,0.9930383563041687
test_00897,0.10760979354381561
test_00898,0.9991108775138855
test_00899,0.04743926227092743
test_00900,0.0011896447977051139
test_00901,0.9990736246109009
test_00902,0.307202011346817
test_00903,0.9999933242797852
test_00904,0.9999967813491821
test_00905,7.978294161148369e-05
test_00906,0.9926126003265381
test_00907,0.7185845971107483
test_00908,0.0035899232607334852
test_00909,0.9998531341552734
test_00910,0.19651749730110168
test_00911,0.15500596165657043
test_00912,0.9984982013702393
test_00913,0.0258571058511734
test_00914,0.0031519620679318905
test_00915,0.9213923811912537
test_00916,0.0788542851805687
test_00917,0.8472489714622498
test_00918,0.014095251448452473
test_00919,7.394293788820505e-06
test_00920,0.00016997772036120296
test_00921,0.0008376325131393969
test_00922,0.999286949634552
test_00923,0.004454529378563166
test_00924,0.5905453562736511
test_00925,0.9999904632568359
test_00926,0.982168972492218
test_00927,0.000321791012538597
test_00928,0.9994006156921387
test_00929,0.9812883138656616
test_00930,3.1475640298594953e-06
test_00931,0.9999967813491821
test_00932,0.05757831037044525
test_00933,0.9957972764968872
test_00934,0.9999967813491821
test_00935,0.005413140170276165
test_00936,0.9999674558639526
test_00937,0.9999717473983765
test_00938,7.441488560289145e-05
test_00939,0.9999967813491821
test_00940,0.9999505281448364
test_00941,0.9999955892562866
test_00942,0.9999573230743408
test_00943,0.0013373011024668813
test_00944,0.0006596985622309148
test_00945,0.9999579191207886
test_00946,0.9996641874313354
test_00947,5.527629400603473e-05
test_00948,8.49380376166664e-05
test_00949,0.010336631909012794
test_00950,0.07677822560071945
test_00951,0.9843246936798096
test_00952,0.9993170499801636
test_00953,0.9996185302734375
test_00954,0.9854345321655273
test_00955,0.9999967813491821
test_00956,0.29662710428237915
test_00957,0.9317547082901001
test_00958,3.534074130584486e-05
test_00959,0.9999697208404541
test_00960,0.06062522158026695
test_00961,0.9999688863754272
test_00962,0.6148282885551453
test_00963,0.999983549118042
test_00964,0.9999611377716064
test_00965,0.9999513626098633
test_00966,0.9801280498504639
test_00967,4.150938821112504e-06
test_00968,0.05541080981492996
test_00969,0.9999967813491821
test_00970,0.9967473745346069
test_00971,0.9999372959136963
test_00972,0.6499193906784058
test_00973,0.8180498480796814
test_00974,4.007824827567674e-05
test_00975,0.9959189295768738
test_00976,0.9999176263809204
test_00977,0.9999904632568359
test_00978,0.005368182435631752
test_00979,0.040837835520505905
test_00980,0.9995700716972351
test_00981,0.9989036321640015
test_00982,0.6295029520988464
test_00983,0.03951333835721016
test_00984,0.10823690891265869
test_00985,0.9999967813491821
test_00986,0.0023310515098273754
test_00987,0.0010496660834178329
test_00988,0.9725626707077026
test_00989,0.9999779462814331
test_00990,0.018033592030405998
test_00991,0.9922813773155212
test_00992,3.387498145457357e-05
test_00993,0.00046671568998135626
test_00994,0.00019970456196460873
test_00995,0.38109132647514343
test_00996,0.9956008195877075
test_00997,0.9999240636825562
test_00998,5.737575520470273e-06
test_00999,0.013026644475758076
test_01000,0.0002347711124457419
test_01001,0.9999967813491821
test_01002,0.6047970652580261
test_01003,0.8965731263160706
test_01004,0.14948441088199615
test_01005,0.0006736012292094529
test_01006,0.25101742148399353
test_01007,0.23799370229244232
test_01008,0.9989890456199646
test_01009,0.9999967813491821
test_01010,0.9999967813491821
test_01011,0.999815046787262
test_01012,0.023062797263264656
test_01013,3.3730350423866184e-06
test_01014,0.0009783360874280334
test_01015,0.9986245632171631
test_01016,0.997808039188385
test_01017,0.0065894280560314655
test_01018,0.9999963045120239
test_01019,0.9998871088027954
test_01020,0.9999967813491821
test_01021,0.9999967813491821
test_01022,0.0005973767256364226
test_01023,0.9999967813491821
test_01024,0.0016085660317912698
test_01025,0.024726977571845055
test_01026,0.9997230172157288
test_01027,0.008650673553347588
test_01028,0.0008577347616665065
test_01029,0.9999936819076538
test_01030,0.9999967813491821
test_01031,0.009400135837495327
test_01032,0.9952331185340881
test_01033,0.9999967813491821
test_01034,0.9985402822494507
test_01035,9.185030648950487e-05
test_01036,0.9999967813491821
test_01037,0.8739598989486694
test_01038,0.9956434965133667
test_01039,0.9997259974479675
test_01040,0.9999967813491821
test_01041,0.9809015393257141
test_01042,0.9999967813491821
test_01043,0.9889518618583679
test_01044,0.9998724460601807
test_01045,0.9999066591262817
test_01046,0.0001873074215836823
test_01047,0.9999967813491821
test_01048,0.9921811819076538
test_01049,0.00016202154802158475
test_01050,4.298456769902259e-05
test_01051,0.9986894726753235
test_01052,0.9999589920043945
test_01053,0.0016601360403001308
test_01054,0.7093589305877686
test_01055,0.21519841253757477
test_01056,0.0003023832687176764
test_01057,0.10026712715625763
test_01058,0.9982171654701233
test_01059,0.9992383718490601
test_01060,0.9992585778236389
test_01061,0.9999967813491821
test_01062,0.0828390121459961
test_01063,0.06236940994858742
test_01064,0.3912888169288635
test_01065,0.0021232478320598602
test_01066,0.9916254878044128
test_01067,0.9385455250740051
test_01068,0.9999799728393555
test_01069,0.0006607263931073248
test_01070,0.9999018907546997
test_01071,0.9999967813491821
test_01072,0.9954740405082703
test_01073,0.9999819993972778
test_01074,0.9994111061096191
test_01075,9.632406727178022e-05
test_01076,0.06687117367982864
test_01077,0.9970083832740784
test_01078,0.050976529717445374
test_01079,0.7934706211090088
test_01080,0.9999955892562866
test_01081,0.9999889135360718
test_01082,0.9999967813491821
test_01083,0.9999929666519165
test_01084,0.2348944991827011
test_01085,0.9999829530715942
test_01086,0.9959021210670471
test_01087,0.055821340531110764
test_01088,0.0006664799293503165
test_01089,0.9997987151145935
test_01090,0.9999946355819702
test_01091,0.9999967813491821
test_01092,0.12774993479251862
test_01093,0.01543372217565775
test_01094,0.05276046320796013
test_01095,0.9999145269393921
test_01096,0.043826159089803696
test_01097,0.9968476891517639
test_01098,0.9997847676277161
test_01099,0.7471715807914734
test_01100,0.005125618074089289
test_01101,0.10951290279626846
test_01102,0.9999967813491821
test_01103,0.008439679630100727
test_01104,0.9705352783203125
test_01105,0.9996968507766724
test_01106,0.07554881274700165
test_01107,0.9999959468841553
test_01108,0.9979288578033447
test_01109,0.1512487381696701
test_01110,0.999956488609314
test_01111,0.0014537401730194688
test_01112,0.3053921163082123
test_01113,0.9984152317047119
test_01114,3.1475640298594953e-06
test_01115,0.7428966164588928
test_01116,0.9973711967468262
test_01117,0.6068410873413086
test_01118,0.02029517851769924
test_01119,0.002127458807080984
test_01120,0.008520644158124924
test_01121,0.9998582601547241
test_01122,0.0001185790533781983
test_01123,0.9997979998588562
test_01124,0.062449704855680466
test_01125,0.9999305009841919
test_01126,0.9998764991760254
test_01127,3.1475640298594953e-06
test_01128,0.9807275533676147
test_01129,0.8702988028526306
test_01130,0.9999967813491821
test_01131,0.9992222785949707
test_01132,8.393732059630565e-06
test_01133,0.02753710001707077
test_01134,0.0005503199063241482
test_01135,0.9936923980712891
test_01136,0.9931750893592834
test_01137,0.9999967813491821
test_01138,0.9997331500053406
test_01139,1.6053234503488056e-05
test_01140,0.5258013010025024
test_01141,0.9999783039093018
test_01142,0.9998834133148193
test_01143,0.998772919178009
test_01144,0.99988853931427
test_01145,0.9994220733642578
test_01146,0.9998026490211487
test_01147,0.1662701517343521
test_01148,0.8849420547485352
test_01149,0.012654263526201248
test_01150,0.8337402939796448
test_01151,0.00011333862494211644
test_01152,0.0028451464604586363
test_01153,0.9976015686988831
test_01154,0.9994487166404724
test_01155,0.1331051141023636
test_01156,0.0016650588950142264
test_01157,0.007818021811544895
test_01158,0.0002238968008896336
test_01159,0.00015898740093689412
test_01160,1.1376414477126673e-05
test_01161,2.6145524316234514e-05
test_01162,0.0007977539789862931
test_01163,0.9999886751174927
test_01164,3.1475640298594953e-06
test_01165,0.012931314297020435
test_01166,0.9999669790267944
test_01167,0.999506950378418
test_01168,0.40778201818466187
test_01169,0.06583954393863678
test_01170,0.0005501601845026016
test_01171,0.9999967813491821
test_01172,0.9999967813491821
test_01173,0.003677348606288433
test_01174,0.45800134539604187
test_01175,0.00015281423111446202
test_01176,0.01395397912710905
test_01177,0.7670902013778687
test_01178,0.9952425956726074
test_01179,0.024823125451803207
test_01180,0.0006149300606921315
test_01181,4.634379729395732e-05
test_01182,0.7699248194694519
test_01183,0.9998950958251953
test_01184,0.9999967813491821
test_01185,2.72946654149564e-05
test_01186,0.0007458359468728304
test_01187,0.05365302786231041
test_01188,0.0014801147626712918
test_01189,0.005438344087451696
test_01190,3.1475640298594953e-06
test_01191,0.376293808221817
test_01192,0.9999967813491821
test_01193,0.008878649212419987
test_01194,0.9999967813491821
test_01195,0.9997667670249939
test_01196,0.9998164772987366
test_01197,0.9998036026954651
test_01198,0.0757889598608017
test_01199,0.0018193437717854977
test_01200,0.7705128192901611
test_01201,0.28845077753067017
test_01202,0.9999399185180664
test_01203,0.9999967813491821
test_01204,0.3906288743019104
test_01205,8.796648762654513e-05
test_01206,0.9999967813491821
test_01207,0.0001977285573957488
test_01208,0.9774890542030334
test_01209,0.30311375856399536
test_01210,0.9997755885124207
test_01211,0.9999967813491821
test_01212,0.05439956486225128
test_01213,0.9999967813491821
test_01214,0.5482759475708008
test_01215,0.0002645340282469988
test_01216,0.999683141708374
test_01217,0.0008635596605017781
test_01218,0.1995994746685028
test_01219,0.0037708894815295935
test_01220,0.9999963045120239
test_01221,0.9999967813491821
test_01222,0.9902010560035706
test_01223,0.9999967813491821
test_01224,0.9998722076416016
test_01225,0.9999967813491821
test_01226,0.07827895134687424
test_01227,0.9999967813491821
test_01228,0.0003183580993209034
test_01229,0.9999967813491821
test_01230,0.9999942779541016
test_01231,0.9816352128982544
test_01232,0.01090612355619669
test_01233,0.9999709129333496
test_01234,0.24007129669189453
test_01235,0.9999271631240845
test_01236,0.9999959468841553
test_01237,9.193802543450147e-05
test_01238,0.0002779490314424038
test_01239,0.9990629553794861
test_01240,0.9999967813491821
test_01241,0.9999674558639526
test_01242,0.0059389518573880196
test_01243,0.009479044936597347
test_01244,6.35121323284693e-05
test_01245,0.9999873638153076
test_01246,0.9998809099197388
test_01247,0.9999967813491821
test_01248,0.7962403893470764
test_01249,0.9999967813491821
test_01250,0.897593080997467
test_01251,0.999951958656311
test_01252,0.7560111880302429
test_01253,0.0004485981771722436
test_01254,0.9999967813491821
test_01255,0.9998248219490051
test_01256,0.999488115310669
test_01257,0.19244550168514252
test_01258,0.00018046471814159304
test_01259,2.57605188380694e-05
test_01260,9.564001084072515e-05
test_01261,0.9952878952026367
test_01262,0.7820371985435486
test_01263,0.9777702689170837
test_01264,0.3295050859451294
test_01265,0.9980019927024841
test_01266,0.04303719475865364
test_01267,0.0018224716186523438
test_01268,0.5388854146003723
test_01269,0.997979462146759
test_01270,0.9991523027420044
test_01271,4.8638736188877374e-05
test_01272,0.0007699148845858872
test_01273,0.008895587176084518
test_01274,0.0008569700876250863
test_01275,0.9999967813491821
test_01276,0.0005046836449764669
test_01277,0.4760768711566925
test_01278,0.9989884495735168
test_01279,0.27341943979263306
test_01280,0.9967131614685059
test_01281,0.7395637035369873
test_01282,0.9999967813491821
test_01283,0.9996823072433472
test_01284,0.016544640064239502
test_01285,0.4418371915817261
test_01286,0.9999661445617676
test_01287,0.9999967813491821
test_01288,0.11263488233089447
test_01289,0.9981755018234253
test_01290,0.9999967813491821
test_01291,3.1475640298594953e-06
test_01292,0.9969472289085388
test_01293,0.12905357778072357
test_01294,0.9995926022529602
test_01295,0.9999871253967285
test_01296,0.8355693817138672
test_01297,0.9999949932098389
test_01298,0.03562202677130699
test_01299,0.9999837875366211
test_01300,2.5535249733366072e-05
test_01301,0.9998859167098999
test_01302,0.9999502897262573
test_01303,0.0244450606405735
test_01304,0.00018381225527264178
test_01305,2.0321787815191783e-05
test_01306,0.0012536030262708664
test_01307,0.9999967813491821
test_01308,0.9999768733978271
test_01309,0.00299160392023623
test_01310,0.8811286091804504
test_01311,0.00046023898175917566
test_01312,0.999991774559021
test_01313,0.755983829498291
test_01314,0.9999099969863892
test_01315,0.003079029731452465
test_01316,0.9933659434318542
test_01317,0.9999433755874634
test_01318,0.19673305749893188
test_01319,0.01305148284882307
test_01320,0.6414241790771484
test_01321,0.11864142119884491
test_01322,0.8236278295516968
test_01323,0.9928529858589172
test_01324,0.0002970581699628383
test_01325,0.9999967813491821
test_01326,0.06665933132171631
test_01327,0.9987084865570068
test_01328,0.9998212456703186
test_01329,0.9999927282333374
test_01330,0.9999617338180542
test_01331,0.017728783190250397
test_01332,0.9999444484710693
test_01333,0.9999936819076538
test_01334,0.09916853159666061
test_01335,0.9996360540390015
test_01336,0.4929426312446594
test_01337,0.9999483823776245
test_01338,0.9999967813491821
test_01339,0.9827829599380493
test_01340,0.05024492368102074
test_01341,0.9999756813049316
test_01342,0.9996966123580933
test_01343,0.9997555613517761
test_01344,0.988947868347168
test_01345,0.9998724460601807
test_01346,0.0023205766920000315
test_01347,0.9991150498390198
test_01348,0.005821579601615667
test_01349,0.002225602976977825
test_01350,0.9999793767929077
test_01351,0.9999967813491821
test_01352,0.9999967813491821
test_01353,0.0023925197310745716
test_01354,0.9979596138000488
test_01355,0.9981160163879395
test_01356,0.0543682724237442
test_01357,0.00029545160941779613
test_01358,0.9999886751174927
test_01359,0.07883714139461517
test_01360,0.0004179129027761519
test_01361,0.9999877214431763
test_01362,0.000632737239357084
test_01363,0.9999967813491821
test_01364,0.9571117758750916
test_01365,0.04466945305466652
test_01366,0.027731217443943024
test_01367,0.9997467398643494
test_01368,0.3242298364639282
test_01369,0.0967893972992897
test_01370,0.03065129742026329
test_01371,8.029217860894278e-05
test_01372,0.004314339719712734
test_01373,0.9996732473373413
test_01374,0.9994150400161743
test_01375,0.00011828215792775154
test_01376,0.0073803504928946495
test_01377,0.1190599799156189
test_01378,0.9361034035682678
test_01379,0.0005269653629511595
test_01380,0.17681241035461426
test_01381,0.035895634442567825
test_01382,0.9999967813491821
test_01383,0.9999967813491821
test_01384,0.9999946355819702
test_01385,0.9999773502349854
test_01386,0.12681835889816284
test_01387,0.017271678894758224
test_01388,0.2805917263031006
test_01389,0.011124389246106148
test_01390,0.0020387056283652782
test_01391,0.5034856796264648
test_01392,0.9999967813491821
test_01393,0.9995784163475037
test_01394,0.00243066786788404
test_01395,0.9999722242355347
test_01396,0.9999929666519165
test_01397,0.9989123344421387
test_01398,0.08168925344944
test_01399,2.764317105174996e-05
test_01400,0.0018957271240651608
test_01401,0.0021156028378754854
test_01402,0.3141886293888092
test_01403,0.2880360782146454
test_01404,0.9661163091659546
test_01405,0.9878259301185608
test_01406,0.5729795098304749
test_01407,0.9994489550590515
test_01408,0.9999967813491821
test_01409,0.9999059438705444
test_01410,0.999718964099884
test_01411,0.154044970870018
test_01412,0.0055521042086184025
test_01413,0.0016499172197654843
test_01414,0.0015397319803014398
test_01415,0.8788330554962158
test_01416,0.9999967813491821
test_01417,0.0010386222274973989
test_01418,0.9955780506134033
test_01419,0.12848761677742004
test_01420,0.0004057197365909815
test_01421,0.010301715694367886
test_01422,0.0006940335733816028
test_01423,0.9638637900352478
test_01424,0.9999949932098389
test_01425,0.9999762773513794
test_01426,0.9999967813491821
test_01427,0.05862627178430557
test_01428,0.9999728202819824
test_01429,0.9999581575393677
test_01430,0.8066028952598572
test_01431,0.11791721731424332
test_01432,0.9998160004615784
test_01433,0.9995974898338318
test_01434,0.9998793601989746
test_01435,0.04040444269776344
test_01436,0.0020989906042814255
test_01437,0.0005189666990190744
test_01438,0.3113984167575836
test_01439,0.9999966621398926
test_01440,0.9999817609786987
test_01441,0.015334632247686386
test_01442,0.9981774091720581
test_01443,0.01269956212490797
test_01444,0.11233837157487869
test_01445,0.9890056252479553
test_01446,0.0010610492900013924
test_01447,0.994070827960968
test_01448,0.9999946355819702
test_01449,0.9924276471138
test_01450,0.9999967813491821
test_01451,0.011651121079921722
test_01452,0.9999771118164062
test_01453,0.999413251876831
test_01454,0.9999967813491821
test_01455,0.9994800686836243
test_01456,0.9993224143981934
test_01457,0.9999936819076538
test_01458,0.9999967813491821
test_01459,0.9999097585678101
test_01460,9.380849223816767e-05
test_01461,3.1962470075086458e-06
test_01462,0.002459781477227807
test_01463,0.9965458512306213
test_01464,0.03395090997219086
test_01465,0.9950743317604065
test_01466,0.5794011950492859
test_01467,0.9999849796295166
test_01468,0.9945408701896667
test_01469,0.21312762796878815
test_01470,0.0025830520316958427
test_01471,0.997073769569397
test_01472,0.9999051094055176
test_01473,0.1266249120235443
test_01474,0.9964390397071838
test_01475,0.07834820449352264
test_01476,0.18274998664855957
test_01477,0.9997028708457947
test_01478,0.15008363127708435
test_01479,0.9998359680175781
test_01480,0.9999966621398926
test_01481,0.9999562501907349
test_01482,0.0002355500473640859
test_01483,0.9989157915115356
test_01484,3.1475640298594953e-06
test_01485,0.9973993301391602
test_01486,0.9999959468841553
test_01487,0.31200021505355835
test_01488,0.9997977614402771
test_01489,0.3414669930934906
test_01490,0.9775384068489075
test_01491,0.0001704987807897851
test_01492,0.001612881664186716
test_01493,0.07015304267406464
test_01494,0.07351730763912201
test_01495,0.00039449174073524773
test_01496,0.9997195601463318
test_01497,0.9887174367904663
test_01498,0.9999524354934692
test_01499,0.580616295337677
test_01500,0.030127746984362602
test_01501,0.639321506023407
test_01502,0.4826783537864685
test_01503,0.9909658432006836
test_01504,0.9999622106552124
test_01505,9.688443969935179e-05
test_01506,0.9999003410339355
test_01507,0.9985477328300476
test_01508,0.9999886751174927
test_01509,0.9999942779541016
test_01510,0.970848560333252
test_01511,0.9997417330741882
test_01512,0.9999336004257202
test_01513,0.999983549118042
test_01514,0.6065144538879395
test_01515,0.9997187256813049
test_01516,0.024264026433229446
test_01517,0.1731337010860443
test_01518,0.9995546936988831
test_01519,0.9999734163284302
test_01520,0.9998304843902588
test_01521,0.9978187084197998
test_01522,0.891463577747345
test_01523,0.95052570104599
test_01524,0.9999967813491821
test_01525,0.9963406920433044
test_01526,0.0005167301860637963
test_01527,0.9999663829803467
test_01528,0.9999967813491821
test_01529,0.0004400678735692054
test_01530,0.9999946355819702
test_01531,0.04857800528407097
test_01532,0.9999967813491821
test_01533,0.9984956979751587
test_01534,0.004279748536646366
test_01535,0.6968803405761719
test_01536,0.002954331459477544
test_01537,0.9999967813491821
test_01538,0.030853040516376495
test_01539,0.9999748468399048
test_01540,0.9737713932991028
test_01541,0.9958760142326355
test_01542,0.9996558427810669
test_01543,0.9986886382102966
test_01544,3.219700010959059e-05
test_01545,0.9998107552528381
test_01546,0.999983549118042
test_01547,0.9999953508377075
test_01548,0.015174933709204197
test_01549,0.7170016169548035
test_01550,0.9999847412109375
test_01551,0.0042875236831605434
test_01552,0.9994452595710754
test_01553,0.9999877214431763
test_01554,0.0005985729512758553
test_01555,0.9344921708106995
test_01556,0.9995498061180115
test_01557,0.9999967813491821
test_01558,0.9999959468841553
test_01559,0.03969341516494751
test_01560,0.9999886751174927
test_01561,0.0016467300010845065
test_01562,0.0010592156322672963
test_01563,0.9994422793388367
test_01564,6.78688502375735e-06
test_01565,0.8114367723464966
test_01566,0.9795137643814087
test_01567,0.004170945379883051
test_01568,9.514562407275662e-05
test_01569,0.0038520998787134886
test_01570,3.584632577258162e-05
test_01571,0.9999713897705078
test_01572,0.9999104738235474
test_01573,0.9882778525352478
test_01574,0.47448650002479553
test_01575,0.07535479217767715
test_01576,0.9999946355819702
test_01577,0.015340312384068966
test_01578,0.9999892711639404
test_01579,0.9984508752822876
test_01580,0.1265389621257782
test_01581,0.9999470710754395
test_01582,3.1475640298594953e-06
test_01583,0.003986896947026253
test_01584,0.9952821135520935
test_01585,0.2980448007583618
test_01586,0.9999657869338989
test_01587,0.9992420673370361
test_01588,0.33129754662513733
test_01589,0.9708223342895508
test_01590,0.9998761415481567
test_01591,0.9999253749847412
test_01592,0.08524652570486069
test_01593,0.012884842231869698
test_01594,0.9998323917388916
test_01595,0.9999476671218872
test_01596,0.0007645087316632271
test_01597,0.5773004293441772
test_01598,3.1475640298594953e-06
test_01599,0.9985483288764954
test_01600,0.018664376810193062
test_01601,0.9992650151252747
test_01602,0.02523450180888176
test_01603,0.9999967813491821
test_01604,0.9999260902404785
test_01605,0.0473812036216259
test_01606,0.0005677137523889542
test_01607,0.9999967813491821
test_01608,0.39953210949897766
test_01609,0.9532743096351624
test_01610,0.9999936819076538
test_01611,0.004573277663439512
test_01612,0.9985039234161377
test_01613,0.9256353974342346
test_01614,0.0032258816063404083
test_01615,0.8886592984199524
test_01616,9.502258035354316e-05
test_01617,0.9396228790283203
test_01618,0.9999444484710693
test_01619,0.0027673563454300165
test_01620,0.00011928012827411294
test_01621,0.000503277056850493
test_01622,0.9999967813491821
test_01623,0.9763228893280029
test_01624,0.7085645198822021
test_01625,0.9713020324707031
test_01626,0.9998453855514526
test_01627,0.9967490434646606
test_01628,0.00366665655747056
test_01629,0.9999933242797852
test_01630,0.9999526739120483
test_01631,0.9999967813491821
test_01632,8.47018054628279e-06
test_01633,0.9999967813491821
test_01634,0.1286168098449707
test_01635,0.9998955726623535
test_01636,0.9999573230743408
test_01637,0.42747360467910767
test_01638,0.9837555885314941
test_01639,0.4855344593524933
test_01640,0.0005015692440792918
test_01641,0.3850160539150238
test_01642,0.47489404678344727
test_01643,0.36292576789855957
test_01644,0.9996768236160278
test_01645,0.9821517467498779
test_01646,0.5632645487785339
test_01647,0.9999966621398926
test_01648,0.9999927282333374
test_01649,0.008267984725534916
test_01650,0.03617585450410843
test_01651,0.44722917675971985
test_01652,0.9999967813491821
test_01653,0.0010337879648432136
test_01654,0.9961277842521667
test_01655,0.9999967813491821
test_01656,0.988262951374054
test_01657,0.032152216881513596
test_01658,0.16441409289836884
test_01659,1.1806748261733446e-05
test_01660,0.9999641180038452
test_01661,0.0010824889177456498
test_01662,0.9992551207542419
test_01663,0.032877251505851746
test_01664,0.0001921413786476478
test_01665,0.9999871253967285
test_01666,0.007528181653469801
test_01667,3.617170932557201e-06
test_01668,0.9999967813491821
test_01669,0.04157298803329468
test_01670,0.9996151924133301
test_01671,0.9978601336479187
test_01672,0.9999294281005859
test_01673,0.4879205822944641
test_01674,0.31151697039604187
test_01675,0.5833520293235779
test_01676,0.9999722242355347
test_01677,0.9953187108039856
test_01678,0.9999967813491821
test_01679,0.9999967813491821
test_01680,3.1475640298594953e-06
test_01681,0.9998171925544739
test_01682,0.9999740123748779
test_01683,0.014956993982195854
test_01684,0.9990295171737671
test_01685,0.9998735189437866
test_01686,0.9999967813491821
test_01687,0.9986886382102966
test_01688,0.004876879975199699
test_01689,0.00010944750829366967
test_01690,0.9999967813491821
test_01691,9.073999535758048e-05
test_01692,0.002115098526701331
test_01693,0.7127248644828796
test_01694,9.414958185516298e-05
test_01695,0.026791198179125786
test_01696,0.986049234867096
test_01697,0.9906136989593506
test_01698,0.9999841451644897
test_01699,6.85324539517751e-06
test_01700,0.999937891960144
test_01701,0.0002823798276949674
test_01702,0.0025947848334908485
test_01703,0.9999967813491821
test_01704,3.1475640298594953e-06
test_01705,0.998551070690155
test_01706,0.9999617338180542
test_01707,0.9746167063713074
test_01708,0.9978566765785217
test_01709,0.9997352957725525
test_01710,0.9993960857391357
test_01711,6.427276093745604e-05
test_01712,0.009670262224972248
test_01713,0.004753945395350456
test_01714,8.032390724110883e-06
test_01715,0.7628586292266846
test_01716,0.9999487400054932
test_01717,0.9999967813491821
test_01718,0.0006552908453159034
test_01719,3.1475640298594953e-06
test_01720,0.9990467429161072
test_01721,6.4908645072137006e-06
test_01722,0.9999436140060425
test_01723,0.11668441444635391
test_01724,0.010906752198934555
test_01725,4.516615081229247e-05
test_01726,0.0020923754200339317
test_01727,0.9999442100524902
test_01728,0.06574131548404694
test_01729,0.9999967813491821
test_01730,0.304993212223053
test_01731,0.07087650150060654
test_01732,0.06010022014379501
test_01733,0.9987853169441223
test_01734,0.9998883008956909
test_01735,0.9999914169311523
test_01736,0.999935507774353
test_01737,0.9999967813491821
test_01738,0.999922513961792
test_01739,0.981526255607605
test_01740,0.7893308997154236
test_01741,5.276768570183776e-05
test_01742,0.011650385335087776
test_01743,0.9999871253967285
test_01744,0.9993433356285095
test_01745,0.0030530309304594994
test_01746,0.07985430210828781
test_01747,0.9999688863754272
test_01748,0.12285666912794113
test_01749,0.9997498393058777
test_01750,0.9999263286590576
test_01751,0.6214860081672668
test_01752,0.019540712237358093
test_01753,0.8956232666969299
test_01754,9.262043022317812e-05
test_01755,0.9974459409713745
test_01756,0.9999936819076538
test_01757,0.9976736903190613
test_01758,0.80965656042099
test_01759,0.9741926193237305
test_01760,0.9987021684646606
test_01761,0.45146480202674866
test_01762,0.0005781102809123695
test_01763,6.425394531106576e-05
test_01764,0.9998273849487305
test_01765,0.9999967813491821
test_01766,0.04356130585074425
test_01767,3.7220715967123397e-06
test_01768,0.002887725131586194
test_01769,0.99921715259552
test_01770,0.9954485297203064
test_01771,0.00012880934809800237
test_01772,0.5752977132797241
test_01773,0.9999823570251465
test_01774,0.9994852542877197
test_01775,0.9998384714126587
test_01776,0.9999955892562866
test_01777,0.9999927282333374
test_01778,0.9999967813491821
test_01779,0.2537977993488312
test_01780,0.009471611119806767
test_01781,0.9999873638153076
test_01782,6.351691990857944e-05
test_01783,0.9999967813491821
test_01784,0.9940040707588196
test_01785,0.998907208442688
test_01786,0.9827207922935486
test_01787,0.09213878959417343
test_01788,0.9999444484710693
test_01789,0.23398850858211517
test_01790,0.8690842390060425
test_01791,0.9991424083709717
test_01792,0.2664104104042053
test_01793,0.12280433624982834
test_01794,0.9760540723800659
test_01795,4.471896681934595e-05
test_01796,3.0319755751406774e-05
test_01797,0.5251275897026062
test_01798,0.99281245470047
test_01799,0.9881575703620911
test_01800,0.997373104095459
test_01801,0.9999967813491821
test_01802,0.1840430647134781
test_01803,0.9999967813491821
test_01804,0.9999097585678101
test_01805,1.718283601803705e-05
test_01806,0.6199883818626404
test_01807,0.9999754428863525
test_01808,0.9999967813491821
test_01809,0.9993793964385986
test_01810,0.9925307631492615
test_01811,0.9999967813491821
test_01812,0.9992140531539917
test_01813,0.004368863068521023
test_01814,0.00010057302279165015
test_01815,0.999667763710022
test_01816,0.9997000694274902
test_01817,1.5289771909010597e-05
test_01818,0.9999436140060425
test_01819,0.999313473701477
test_01820,0.00045121557195670903
test_01821,0.9999336004257202
test_01822,0.78009033203125
test_01823,7.433471182594076e-06
test_01824,0.9965161085128784
test_01825,0.023478755727410316
test_01826,0.9998998641967773
test_01827,5.558579141506925e-05
test_01828,0.9999967813491821
test_01829,0.0009794364450499415
test_01830,0.9999967813491821
test_01831,0.00038781113107688725
test_01832,0.0017286414513364434
test_01833,0.00034454462002031505
test_01834,0.998608410358429
test_01835,0.3381102681159973
test_01836,3.479932638583705e-05
test_01837,0.9999942779541016
test_01838,0.17184637486934662
test_01839,0.9999967813491821
test_01840,0.021676432341337204
test_01841,0.9999967813491821
test_01842,0.994818389415741
test_01843,1.4291635125118773e-05
test_01844,0.9982476234436035
test_01845,0.5661191344261169
test_01846,0.999969482421875
test_01847,0.9997168183326721
test_01848,4.415714101924095e-06
test_01849,0.9999959468841553
test_01850,0.9992544054985046
test_01851,0.9999068975448608
test_01852,1.0359489351685625e-05
test_01853,0.06558749079704285
test_01854,0.006129857152700424
test_01855,0.003564972896128893
test_01856,0.9999967813491821
test_01857,3.6280948734201957e-06
test_01858,0.9999967813491821
test_01859,0.9793648719787598
test_01860,0.999915599822998
test_01861,0.23477908968925476
test_01862,0.7249115109443665
test_01863,0.9982775449752808
test_01864,0.007905330508947372
test_01865,0.9998319149017334
test_01866,0.10925348103046417
test_01867,0.008275486528873444
test_01868,0.626754879951477
test_01869,0.9988561868667603
test_01870,1.0617471161822323e-05
test_01871,0.9995768666267395
test_01872,0.017635870724916458
test_01873,0.999962568283081
test_01874,0.20722924172878265
test_01875,0.00010744624159997329
test_01876,0.9943954944610596
test_01877,0.9998169541358948
test_01878,0.0009198700427077711
test_01879,0.9993769526481628
test_01880,0.9999967813491821
test_01881,0.9631149768829346
test_01882,0.0073796166107058525
test_01883,0.012401426210999489
test_01884,1.1714567335729953e-05
test_01885,0.011802987195551395
test_01886,9.425216558156535e-05
test_01887,0.6472692489624023
test_01888,0.23523741960525513
test_01889,0.005207730457186699
test_01890,0.999985933303833
test_01891,0.015683496370911598
test_01892,6.279313674895093e-05
test_01893,0.9999967813491821
test_01894,0.15445949137210846
test_01895,0.004842173773795366
test_01896,0.9993346333503723
test_01897,0.1317947804927826
test_01898,0.9999967813491821
test_01899,0.010142219252884388
test_01900,0.9898159503936768
test_01901,0.016174202784895897
test_01902,0.9999967813491821
test_01903,3.1475640298594953e-06
test_01904,0.043882738798856735
test_01905,0.9998602867126465
test_01906,0.015583083964884281
test_01907,0.9999967813491821
test_01908,0.9993775486946106
test_01909,0.0074505265802145
test_01910,3.343831485835835e-05
test_01911,0.002959939418360591
test_01912,0.9992552399635315
test_01913,0.0018425793386995792
test_01914,0.9957708716392517
test_01915,0.9013993740081787
test_01916,0.9999967813491821
test_01917,0.9999841451644897
test_01918,0.9986555576324463
test_01919,0.0767761766910553
test_01920,0.9999524354934692
test_01921,3.723791451193392e-05
test_01922,0.9999339580535889
test_01923,0.7846221327781677
test_01924,0.024021638557314873
test_01925,0.994257926940918
test_01926,3.406608084333129e-05
test_01927,0.9999967813491821
test_01928,0.9948607087135315
test_01929,0.99969482421875
test_01930,0.9999630451202393
test_01931,0.004866040777415037
test_01932,0.9999914169311523
test_01933,0.7172247171401978
test_01934,0.7238396406173706
test_01935,0.36849522590637207
test_01936,0.046126313507556915
test_01937,0.9999967813491821
test_01938,0.001441438216716051
test_01939,0.9999967813491821
test_01940,3.1475640298594953e-06
test_01941,0.9983729124069214
test_01942,0.8058580160140991
test_01943,0.3226225674152374
test_01944,0.9999817609786987
test_01945,0.00023267220240086317
test_01946,0.344357967376709
test_01947,0.008841043338179588
test_01948,0.7504767775535583
test_01949,0.0018174094147980213
test_01950,0.9809023141860962
test_01951,0.004812848754227161
test_01952,0.9999967813491821
test_01953,0.0031114951707422733
test_01954,0.9988119602203369
test_01955,0.04390091449022293
test_01956,0.99988853931427
test_01957,0.999661922454834
test_01958,0.8093570470809937
test_01959,0.13351547718048096
test_01960,0.9997808337211609
test_01961,0.9999122619628906
test_01962,0.014810328371822834
test_01963,0.05500876158475876
test_01964,0.0020417131017893553
test_01965,0.9986409544944763
test_01966,8.9560380729381e-06
test_01967,0.00043485508649609983
test_01968,0.9916325211524963
test_01969,6.859507993794978e-05
test_01970,0.00254419376142323
test_01971,0.999985933303833
test_01972,0.9999967813491821
test_01973,0.014387182891368866
test_01974,0.9036281704902649
test_01975,0.9995008707046509
test_01976,0.9998682737350464
test_01977,0.0003235854674130678
test_01978,0.9999967813491821
test_01979,0.003671505954116583
test_01980,0.00015249937132466584
test_01981,0.06969128549098969
test_01982,0.004888902883976698
test_01983,0.7513638734817505
test_01984,0.9979110360145569
test_01985,0.9999717473983765
test_01986,0.9973377585411072
test_01987,0.00010855270375031978
test_01988,0.06306923925876617
test_01989,0.9999222755432129
test_01990,0.0018503661267459393
test_01991,0.9998307228088379
test_01992,0.27408871054649353
test_01993,0.999988317489624
test_01994,0.9801391363143921
test_01995,0.9999967813491821
test_01996,0.999974250793457
test_01997,0.9991254210472107
test_01998,0.01575680635869503
test_01999,0.4111149311065674
test_02000,0.9994526505470276
test_02001,0.37893977761268616
test_02002,0.0006749456515535712
test_02003,0.9999895095825195
test_02004,4.730694854515605e-05
test_02005,0.9970268607139587
test_02006,0.0002716804447118193
test_02007,0.8513295650482178
test_02008,0.8339810967445374
test_02009,0.999931812286377
test_02010,0.9998834133148193
test_02011,0.9999967813491821
test_02012,0.9946466088294983
test_02013,0.9999967813491821
test_02014,0.0012698288774117827
test_02015,0.002769508631899953
test_02016,0.9998823404312134
test_02017,0.00245250784792006
test_02018,0.999784529209137
test_02019,0.6931859254837036
test_02020,0.9701609015464783
test_02021,0.9999189376831055
test_02022,0.37007197737693787
test_02023,8.652117685414851e-05
test_02024,0.034099891781806946
test_02025,0.9999768733978271
test_02026,0.9999967813491821
test_02027,0.1092887818813324
test_02028,0.9999967813491821
test_02029,0.9304519891738892
test_02030,0.9999251365661621
test_02031,0.9880684018135071
test_02032,1.8042681404040195e-05
test_02033,3.1475640298594953e-06
test_02034,0.004208995960652828
test_02035,0.9977226853370667
test_02036,1.5686451661167666e-05
test_02037,0.0005458390223793685
test_02038,0.9999967813491821
test_02039,0.9999967813491821
test_02040,0.9974341988563538
test_02041,0.9999699592590332
test_02042,0.03719332069158554
test_02043,0.39148151874542236
test_02044,0.00013995800691191107
test_02045,0.9767177700996399
test_02046,5.6087374105118215e-05
test_02047,0.003901690011844039
test_02048,0.9999967813491821
test_02049,0.2780815362930298
test_02050,0.9857121109962463
test_02051,0.9999933242797852
test_02052,0.02353207767009735
test_02053,0.9999470710754395
test_02054,0.9981880784034729
test_02055,0.9995850920677185
test_02056,0.9999967813491821
test_02057,0.9999051094055176
test_02058,0.9351202249526978
test_02059,0.9999853372573853
test_02060,0.9999967813491821
test_02061,0.9998107552528381
test_02062,2.4893197405617684e-05
test_02063,0.00041083715041168034
test_02064,0.9998691082000732
test_02065,0.9999967813491821
test_02066,0.9999717473983765
test_02067,0.05828556790947914
test_02068,0.2660752832889557
test_02069,0.9986617565155029
test_02070,0.05783918872475624
test_02071,0.5384706258773804
test_02072,0.9999923706054688
test_02073,0.001558545627631247
test_02074,0.9999967813491821
test_02075,0.9685256481170654
test_02076,0.3025306165218353
test_02077,0.2817104756832123
test_02078,0.9999967813491821
test_02079,0.020394207909703255
test_02080,0.9999967813491821
test_02081,3.3916273878276115e-06
test_02082,0.9952978491783142
test_02083,3.234648102079518e-05
test_02084,0.07966332137584686
test_02085,0.6322080492973328
test_02086,0.0029978426173329353
test_02087,0.00029418565100058913
test_02088,0.03094184771180153
test_02089,0.0016532486770302057
test_02090,0.1626412272453308
test_02091,0.3846341669559479
test_02092,0.34723618626594543
test_02093,0.00020569788466673344
test_02094,0.9999929666519165
test_02095,0.0002951984934043139
test_02096,0.0007306544575840235
test_02097,0.3514792323112488
test_02098,0.9999936819076538
test_02099,0.9999809265136719
test_02100,0.9999933242797852
test_02101,0.9996588230133057
test_02102,0.9809783697128296
test_02103,0.42179325222969055
test_02104,0.6325609087944031
test_02105,0.964516818523407
test_02106,0.9999967813491821
test_02107,0.0026439190842211246
test_02108,1.4194476534612477e-05
test_02109,0.000883349624928087
test_02110,0.9997984766960144
test_02111,3.055364504689351e-05
test_02112,0.9620429873466492
test_02113,0.9997348189353943
test_02114,0.9998993873596191
test_02115,0.21565888822078705
test_02116,0.9997432827949524
test_02117,0.021571647375822067
test_02118,0.00177443353459239
test_02119,0.9999949932098389
test_02120,0.0036416298244148493
test_02121,0.999311089515686
test_02122,1.677137697697617e-05
test_02123,0.488834947347641
test_02124,0.4986414909362793
test_02125,0.999954104423523
test_02126,0.005629480350762606
test_02127,6.676043994957581e-05
test_02128,0.02741074562072754
test_02129,0.9997887015342712
test_02130,0.9999260902404785
test_02131,0.9999082088470459
test_02132,0.9754112362861633
test_02133,0.9997232556343079
test_02134,0.00016963673988357186
test_02135,0.9999688863754272
test_02136,0.9998210072517395
test_02137,0.9995680451393127
test_02138,0.96195387840271
test_02139,0.9997779726982117
test_02140,0.02141162008047104
test_02141,0.9999967813491821
test_02142,0.9999967813491821
test_02143,0.07472003251314163
test_02144,0.9913867115974426
test_02145,0.029781097546219826
test_02146,4.43910357716959e-05
test_02147,0.9659019112586975
test_02148,0.9999661445617676
test_02149,3.1475640298594953e-06
test_02150,0.9999127388000488
test_02151,2.511564889573492e-05
test_02152,0.0030207429081201553
test_02153,0.9999904632568359
test_02154,0.9999644756317139
test_02155,0.9999722242355347
test_02156,0.19546258449554443
test_02157,0.032594162970781326
test_02158,0.04415656998753548
test_02159,0.9991604089736938
test_02160,0.9965018033981323
test_02161,0.9267604351043701
test_02162,0.9999176263809204
test_02163,5.8093159168493e-05
test_02164,3.878337338392157e-06
test_02165,0.39149004220962524
test_02166,0.00014145747991278768
test_02167,0.9962712526321411
test_02168,0.0012670772848650813
test_02169,1.3946561921329703e-05
test_02170,0.9989410042762756
test_02171,0.00017318477330263704
test_02172,0.9997279047966003
test_02173,6.130710971774533e-05
test_02174,0.6447844505310059
test_02175,0.9994521737098694
test_02176,0.7940204739570618
test_02177,0.9994781613349915
test_02178,0.6343129277229309
test_02179,0.9999357461929321
test_02180,0.9999967813491821
test_02181,0.9999653100967407
test_02182,0.05292258784174919
test_02183,0.014451871626079082
test_02184,0.36207854747772217
test_02185,0.9999322891235352
test_02186,0.0003342903801240027
test_02187,0.9999963045120239
test_02188,0.05020860955119133
test_02189,0.9999089241027832
test_02190,0.9999967813491821
test_02191,0.9999817609786987
test_02192,0.0032948863226920366
test_02193,4.199684553896077e-05
test_02194,0.9999666213989258
test_02195,0.9999967813491821
test_02196,0.003341115079820156
test_02197,0.9999967813491821
test_02198,0.06230171397328377
test_02199,0.8440195918083191
test_02200,0.6152429580688477
test_02201,0.07251255214214325
test_02202,0.009303162805736065
test_02203,0.03668380528688431
test_02204,0.27566200494766235
test_02205,0.04349453002214432
test_02206,0.999953031539917
test_02207,0.02681713178753853
test_02208,0.9999740123748779
test_02209,0.9904099702835083
test_02210,0.8042028546333313
test_02211,0.9971179962158203
test_02212,0.015354041010141373
test_02213,0.9999967813491821
test_02214,0.9999722242355347
test_02215,0.002837267704308033
test_02216,0.00018287192506249994
test_02217,3.1475640298594953e-06
test_02218,0.9999955892562866
test_02219,0.0001967733260244131
test_02220,0.30973005294799805
test_02221,0.004105671308934689
test_02222,0.9999573230743408
test_02223,0.22491586208343506
test_02224,0.9997065663337708
test_02225,0.05548902973532677
test_02226,0.17579934000968933
test_02227,0.1267991065979004
test_02228,0.9999967813491821
test_02229,0.9999967813491821
test_02230,0.9964614510536194
test_02231,0.9746525287628174
test_02232,0.9986289739608765
test_02233,0.9999967813491821
test_02234,0.03495195508003235
test_02235,0.9823013544082642
test_02236,0.8493390083312988
test_02237,0.9998016953468323
test_02238,0.6231182813644409
test_02239,0.9997579455375671
test_02240,0.9999526739120483
test_02241,0.9999967813491821
test_02242,3.1475640298594953e-06
test_02243,0.5822197198867798
test_02244,0.9976237416267395
test_02245,0.00237018964253366
test_02246,0.9999967813491821
test_02247,0.999849796295166
test_02248,0.9655747413635254
test_02249,0.9999910593032837
test_02250,0.9999967813491821
test_02251,0.00046740195830352604
test_02252,0.9996101260185242
test_02253,0.9999967813491821
test_02254,1.7736401787260547e-05
test_02255,0.999702513217926
test_02256,0.0044262888841331005
test_02257,0.9921420812606812
test_02258,0.5369739532470703
test_02259,0.9635036587715149
test_02260,0.9643726348876953
test_02261,0.06637758016586304
test_02262,4.526196062215604e-05
test_02263,0.9999967813491821
test_02264,0.49246689677238464
test_02265,0.9999967813491821
test_02266,0.9999817609786987
test_02267,3.1475640298594953e-06
test_02268,0.00015797898231539875
test_02269,0.9999967813491821
test_02270,0.9999967813491821
test_02271,0.4235057830810547
test_02272,3.1475640298594953e-06
test_02273,0.07436773926019669
test_02274,0.9998406171798706
test_02275,0.9999914169311523
test_02276,0.9999703168869019
test_02277,0.9999959468841553
test_02278,0.9992345571517944
test_02279,0.9999967813491821
test_02280,3.1475640298594953e-06
test_02281,0.9999381303787231
test_02282,0.001666554482653737
test_02283,0.08396854251623154
test_02284,0.00033040871494449675
test_02285,0.9998086094856262
test_02286,0.00018771275063045323
test_02287,0.00017685303464531898
test_02288,0.008397533558309078
test_02289,3.1475640298594953e-06
test_02290,0.8862214684486389
test_02291,0.807664155960083
test_02292,0.018610205501317978
test_02293,0.19991303980350494
test_02294,0.9999873638153076
test_02295,0.9551688432693481
test_02296,0.9999967813491821
test_02297,0.9989784955978394
test_02298,0.9999532699584961
test_02299,0.9999967813491821
test_02300,0.0022627466823905706
test_02301,0.9762641191482544
test_02302,0.9972434043884277
test_02303,0.9991368651390076
test_02304,0.001069863559678197
test_02305,0.9999955892562866
test_02306,0.9999967813491821
test_02307,0.07348460704088211
test_02308,0.003205585293471813
test_02309,9.112932457355782e-05
test_02310,0.9997255206108093
test_02311,0.9999672174453735
test_02312,0.3291897475719452
test_02313,0.9981673955917358
test_02314,0.043508075177669525
test_02315,0.9995176792144775
test_02316,0.999315619468689
test_02317,0.02454036846756935
test_02318,0.9999967813491821
test_02319,0.9999967813491821
test_02320,0.5211035013198853
test_02321,0.9999967813491821
test_02322,0.9999703168869019
test_02323,4.34174853580771e-06
test_02324,0.9999388456344604
test_02325,0.9919161200523376
test_02326,0.06671079248189926
test_02327,0.6943811774253845
test_02328,0.0035532009787857533
test_02329,0.001128557720221579
test_02330,0.00010597133223200217
test_02331,2.323500120837707e-05
test_02332,0.00029777357121929526
test_02333,0.000674115028232336
test_02334,0.9705928564071655
test_02335,0.9999315738677979
test_02336,0.9999927282333374
test_02337,0.0008746151579543948
test_02338,0.3965097665786743
test_02339,0.9999967813491821
test_02340,0.9999967813491821
test_02341,0.9986635446548462
test_02342,0.033916160464286804
test_02343,0.9999933242797852
test_02344,0.00878245010972023
test_02345,5.0336759159108624e-05
test_02346,0.9994156360626221
test_02347,0.9994857311248779
test_02348,0.16990798711776733
test_02349,0.9987055063247681
test_02350,0.2671155631542206
test_02351,2.6816984245670028e-05
test_02352,7.965440454427153e-05
test_02353,0.040260497480630875
test_02354,0.9999959468841553
test_02355,0.9990063309669495
test_02356,0.9999730587005615
test_02357,0.7932833433151245
test_02358,0.004923790693283081
test_02359,0.9998893737792969
test_02360,0.8230254054069519
test_02361,0.885404109954834
test_02362,0.9906609654426575
test_02363,0.8994988203048706
test_02364,0.9999728202819824
test_02365,0.9999871253967285
test_02366,0.00014519372780341655
test_02367,0.9998354911804199
test_02368,0.0006052863318473101
test_02369,0.0003399281413294375
test_02370,0.9975664615631104
test_02371,0.9999967813491821
test_02372,0.002147282473742962
test_02373,0.8699827194213867
test_02374,0.9999902248382568
test_02375,0.9395316243171692
test_02376,0.9313661456108093
test_02377,0.9375448822975159
test_02378,0.9426781535148621
test_02379,0.03419956564903259
test_02380,0.9994742274284363
test_02381,0.9999967813491821
test_02382,0.9999871253967285
test_02383,0.6617543697357178
test_02384,3.1475640298594953e-06
test_02385,0.8837631940841675
test_02386,0.0031924243085086346
test_02387,0.9999949932098389
test_02388,0.21840263903141022
test_02389,8.70839267008705e-06
test_02390,0.9999653100967407
test_02391,0.06245068460702896
test_02392,0.9996852874755859
test_02393,0.000492297054734081
test_02394,0.019475264474749565
test_02395,0.9999967813491821
test_02396,0.005295011214911938
test_02397,0.9999967813491821
test_02398,0.9999963045120239
test_02399,0.562110185623169
test_02400,0.9999967813491821
test_02401,0.9999967813491821
test_02402,0.9999967813491821
test_02403,0.510420024394989
test_02404,0.9999688863754272
test_02405,0.999963641166687
test_02406,0.6762534976005554
test_02407,0.9999967813491821
test_02408,0.07706653326749802
test_02409,0.0007315200637094676
test_02410,0.0004430845146998763
test_02411,0.999962568283081
test_02412,0.9890644550323486
test_02413,0.9999967813491821
test_02414,0.9987185001373291
test_02415,0.9999409914016724
test_02416,0.21222463250160217
test_02417,0.9939562678337097
test_02418,0.20468562841415405
test_02419,0.0017186448676511645
test_02420,0.0011934476206079125
test_02421,0.999908447265625
test_02422,0.006999323144555092
test_02423,0.9999521970748901
test_02424,0.00017534318612888455
test_02425,0.019254039973020554
test_02426,0.9999967813491821
test_02427,0.9999843835830688
test_02428,7.801939500495791e-05
test_02429,0.005075062625110149
test_02430,0.9968530535697937
test_02431,0.4281247556209564
test_02432,0.5025327801704407
test_02433,0.9999967813491821
test_02434,0.9998359680175781
test_02435,0.9914277791976929
test_02436,0.2383711338043213
test_02437,0.9806144833564758
test_02438,0.9999487400054932
test_02439,0.9999556541442871
test_02440,0.9999728202819824
test_02441,0.9999867677688599
test_02442,0.0005925738369114697
test_02443,0.999977707862854
test_02444,0.38791215419769287
test_02445,0.9960460066795349
test_02446,0.0075446804985404015
test_02447,0.9998809099197388
test_02448,0.9999967813491821
test_02449,3.1475640298594953e-06
test_02450,0.9999871253967285
test_02451,0.9999967813491821
test_02452,2.4874427253962494e-05
test_02453,0.9982234835624695
test_02454,0.9999967813491821
test_02455,0.0012569369282573462
test_02456,0.00047611878835596144
test_02457,0.028612708672881126
test_02458,0.0002720137417782098
test_02459,0.10371525585651398
test_02460,0.9953382015228271
test_02461,0.999983549118042
test_02462,0.9997760653495789
test_02463,0.1887001097202301
test_02464,0.9995579123497009
test_02465,0.0006310215103439987
test_02466,0.6436222791671753
test_02467,2.3075546778272837e-05
test_02468,0.999870777130127
test_02469,0.0008497621165588498
test_02470,0.9995874762535095
test_02471,0.9989774227142334
test_02472,4.7261091822292656e-06
test_02473,0.9999556541442871
test_02474,0.000764828990213573
test_02475,0.05953514203429222
test_02476,0.009869220666587353
test_02477,0.4667368531227112
test_02478,0.9988017082214355
test_02479,0.999991774559021
test_02480,0.9999910593032837
test_02481,0.9999843835830688
test_02482,0.9643272161483765
test_02483,0.00011229512165300548
test_02484,0.07762450724840164
test_02485,0.016257012262940407
test_02486,0.9999661445617676
test_02487,0.8796892166137695
test_02488,0.002118188189342618
test_02489,0.9999967813491821
test_02490,0.9996583461761475
test_02491,0.15334533154964447
test_02492,0.09268950670957565
test_02493,3.798342004301958e-05
test_02494,0.9999967813491821
test_02495,0.00019094767048954964
test_02496,0.9999967813491821
test_02497,0.9403577446937561
test_02498,0.9997944235801697
test_02499,0.9211869835853577
test_02500,0.9999117851257324
test_02501,1.2120299288653769e-05
test_02502,1.3500729437510017e-05
test_02503,0.9999691247940063
test_02504,0.9882053136825562
test_02505,0.0012973913690075278
test_02506,0.06794004887342453
test_02507,0.9986176490783691
test_02508,0.004646020941436291
test_02509,0.9996315240859985
test_02510,0.18339793384075165
test_02511,0.9978030323982239
test_02512,0.9989019632339478
test_02513,0.9999927282333374
test_02514,0.03316482901573181
test_02515,0.9999967813491821
test_02516,0.9999967813491821
test_02517,0.00921330414712429
test_02518,0.0002174245601054281
test_02519,0.9982070922851562
test_02520,0.08981943130493164
test_02521,0.00696172472089529
test_02522,0.9999967813491821
test_02523,0.03290843591094017
test_02524,0.995002806186676
test_02525,0.9999895095825195
test_02526,0.027609948068857193
test_02527,0.2616770565509796
test_02528,0.641767144203186
test_02529,0.9996527433395386
test_02530,0.9996722936630249
test_02531,0.9999967813491821
test_02532,0.0007094340980984271
test_02533,0.9814844131469727
test_02534,0.00030670122941955924
test_02535,0.9939984083175659
test_02536,0.9999967813491821
test_02537,0.979720950126648
test_02538,0.022233637049794197
test_02539,0.9999955892562866
test_02540,2.181399759138003e-05
test_02541,0.002143218880519271
test_02542,0.9995742440223694
test_02543,0.8747185468673706
test_02544,0.9999908208847046
test_02545,0.9351488947868347
test_02546,0.001436294405721128
test_02547,0.9999853372573853
test_02548,0.6679724454879761
test_02549,0.999884843826294
test_02550,0.9999967813491821
test_02551,0.00013122486416250467
test_02552,0.9993758797645569
test_02553,0.9999352693557739
test_02554,0.9999955892562866
test_02555,0.8758520483970642
test_02556,0.07401596009731293
test_02557,0.9966965913772583
test_02558,0.9999967813491821
test_02559,0.0027907181065529585
test_02560,0.018768999725580215
test_02561,0.9999967813491821
test_02562,0.6510280966758728
test_02563,0.9999946355819702
test_02564,0.8857663869857788
test_02565,0.888485848903656
test_02566,0.9981712102890015
test_02567,0.2856138050556183
test_02568,0.04063089191913605
test_02569,0.002913794480264187
test_02570,0.9997022747993469
test_02571,0.3710741102695465
test_02572,0.6377078294754028
test_02573,0.0009716678177937865
test_02574,0.7926204204559326
test_02575,0.49268901348114014
test_02576,0.991296648979187
test_02577,0.9967072606086731
test_02578,0.9999967813491821
test_02579,0.0006147247040644288
test_02580,0.5719162821769714
test_02581,0.462502121925354
test_02582,0.2901603877544403
test_02583,0.9970600008964539
test_02584,0.9995198249816895
test_02585,0.00044255098327994347
test_02586,0.9939478635787964
test_02587,0.005022270139306784
test_02588,0.018967999145388603
test_02589,0.01680389977991581
test_02590,0.9999674558639526
test_02591,0.9997953772544861
test_02592,0.9342576861381531
test_02593,0.9999967813491821
test_02594,0.9999967813491821
test_02595,0.9999936819076538
test_02596,0.00042633016710169613
test_02597,0.999871015548706
test_02598,0.9999967813491821
test_02599,0.9634687304496765
test_02600,0.9995081424713135
test_02601,0.0001198135141748935
test_02602,0.04851207882165909
test_02603,0.45273739099502563
test_02604,4.287051524443086e-06
test_02605,0.00017563717847224325
test_02606,0.981126606464386
test_02607,0.9999877214431763
test_02608,0.8457028865814209
test_02609,0.9999967813491821
test_02610,0.000658653152640909
test_02611,0.9999560117721558
test_02612,0.2809455096721649
test_02613,0.0009772985940799117
test_02614,0.0006137219024822116
test_02615,0.00013500629574991763
test_02616,0.5743382573127747
test_02617,0.9992423057556152
test_02618,0.5011314153671265
test_02619,0.9999967813491821
test_02620,0.005533086601644754
test_02621,0.9999817609786987
test_02622,0.3294650614261627
test_02623,0.8179978728294373
test_02624,0.9999837875366211
test_02625,0.0003067883662879467
test_02626,0.9998732805252075
test_02627,0.9999967813491821
test_02628,0.021527264267206192
test_02629,0.01625356264412403
test_02630,0.9995183944702148
test_02631,0.0010399994207546115
test_02632,0.031463347375392914
test_02633,0.9999196529388428
test_02634,0.0035143394488841295
test_02635,0.019459832459688187
test_02636,0.002214027801528573
test_02637,0.999985933303833
test_02638,0.9999895095825195
test_02639,0.00020983967988286167
test_02640,0.9999959468841553
test_02641,0.9999967813491821
test_02642,0.23652708530426025
test_02643,0.9999877214431763
test_02644,0.004427675623446703
test_02645,0.010313866659998894
test_02646,0.0015299575170502067
test_02647,0.0005626632482744753
test_02648,0.0033039795234799385
test_02649,0.9999967813491821
test_02650,0.18663839995861053
test_02651,0.9450933337211609
test_02652,0.007561791688203812
test_02653,0.9999889135360718
test_02654,0.9999266862869263
test_02655,0.008544945158064365
test_02656,0.2511928975582123
test_02657,0.15724019706249237
test_02658,0.9998387098312378
test_02659,0.9999251365661621
test_02660,0.3691883981227875
test_02661,0.9999967813491821
test_02662,0.9998695850372314
test_02663,3.1475640298594953e-06
test_02664,0.9986498951911926
test_02665,0.9999669790267944
test_02666,0.9927293658256531
test_02667,0.9439376592636108
test_02668,0.9999942779541016
test_02669,0.20293232798576355
test_02670,0.30865201354026794
test_02671,0.06583777815103531
test_02672,0.9999077320098877
test_02673,0.9999967813491821
test_02674,0.9599877595901489
test_02675,0.7115338444709778
test_02676,0.9999967813491821
test_02677,0.0009073871187865734
test_02678,0.9999959468841553
test_02679,0.9990099668502808
test_02680,0.15075206756591797
test_02681,0.5170767307281494
test_02682,0.006181315053254366
test_02683,0.999985933303833
test_02684,0.04530054330825806
test_02685,0.9428727626800537
test_02686,0.9988118410110474
test_02687,0.3690382242202759
test_02688,0.9998626708984375
test_02689,0.9999967813491821
test_02690,0.15048937499523163
test_02691,0.011784438043832779
test_02692,0.9999967813491821
test_02693,0.09590665996074677
test_02694,0.9999967813491821
test_02695,0.9505689144134521
test_02696,0.9962310194969177
test_02697,0.0004177941882517189
test_02698,0.1035442054271698
test_02699,0.9985436201095581
test_02700,0.012187592685222626
test_02701,0.0015659969067201018
test_02702,0.8520474433898926
test_02703,0.0007091650040820241
test_02704,0.02100912667810917
test_02705,0.9999967813491821
test_02706,0.05418599769473076
test_02707,0.9999967813491821
test_02708,0.9999799728393555
test_02709,0.9999967813491821
test_02710,0.9999955892562866
test_02711,0.6924490928649902
test_02712,0.999224066734314
test_02713,0.004406298510730267
test_02714,0.00018838135292753577
test_02715,0.9999873638153076
test_02716,0.944852352142334
test_02717,0.964333713054657
test_02718,1.0644003850757144e-05
test_02719,0.9662500619888306
test_02720,3.1475640298594953e-06
test_02721,0.002335201483219862
test_02722,0.0647914782166481
test_02723,0.9999967813491821
test_02724,0.9125906229019165
test_02725,0.720007061958313
test_02726,0.934138834476471
test_02727,0.0665106326341629
test_02728,8.407232962781563e-05
test_02729,0.04053962603211403
test_02730,0.9999967813491821
test_02731,0.019650498405098915
test_02732,0.9999603033065796
test_02733,0.9813034534454346
test_02734,0.002963823499158025
test_02735,0.9999967813491821
test_02736,0.6410407423973083
test_02737,0.9997244477272034
test_02738,0.9999315738677979
test_02739,0.9909154772758484
test_02740,0.9999967813491821
test_02741,0.07642888277769089
test_02742,0.9707585573196411
test_02743,0.0037151211872696877
test_02744,0.16436602175235748
test_02745,0.9999967813491821
test_02746,0.02001812867820263
test_02747,0.007403357420116663
test_02748,0.0005264945793896914
test_02749,0.9999967813491821
test_02750,0.9998955726623535
test_02751,0.997276246547699
test_02752,0.9999661445617676
test_02753,0.9999605417251587
test_02754,0.024019239470362663
test_02755,0.9979760050773621
test_02756,0.9999762773513794
test_02757,0.004398748744279146
test_02758,0.9919553399085999
test_02759,0.9962175488471985
test_02760,0.0002988033229485154
test_02761,0.9997881054878235
test_02762,0.0548756904900074
test_02763,0.13015228509902954
test_02764,0.9998575448989868
test_02765,0.011185796931385994
test_02766,0.7889624238014221
test_02767,0.015046099200844765
test_02768,0.3351556956768036
test_02769,0.016239022836089134
test_02770,0.01068631000816822
test_02771,0.9997004270553589
test_02772,0.9942455887794495
test_02773,0.01577780582010746
test_02774,0.9996938705444336
test_02775,0.8345168828964233
test_02776,0.9999843835830688
test_02777,0.9997476935386658
test_02778,0.5569026470184326
test_02779,0.0012738723307847977
test_02780,0.6283689737319946
test_02781,0.9878283739089966
test_02782,0.6071270108222961
test_02783,7.050111162243411e-05
test_02784,0.13112673163414001
test_02785,0.9997979998588562
test_02786,5.997509106236976e-06
test_02787,0.046986062079668045
test_02788,0.9981793165206909
test_02789,0.0018022216390818357
test_02790,0.15744994580745697
test_02791,0.0008678201702423394
test_02792,0.06003075838088989
test_02793,0.0027753144968301058
test_02794,0.06993760168552399
test_02795,0.9999535083770752
test_02796,0.9994521737098694
test_02797,0.0032477134373039007
test_02798,0.9995224475860596
test_02799,0.598321259021759
test_02800,0.00224489183165133
test_02801,0.00022503001673612744
test_02802,0.0002191723178839311
test_02803,0.00015424538287334144
test_02804,0.06685593724250793
test_02805,0.04471224546432495
test_02806,0.999981164932251
test_02807,2.132586632797029e-05
test_02808,0.09520601481199265
test_02809,0.22673963010311127
test_02810,5.3502652008319274e-05
test_02811,0.0055022588931024075
test_02812,0.8470656275749207
test_02813,0.9997723698616028
test_02814,0.9999967813491821
test_02815,0.015074341557919979
test_02816,0.6236726641654968
test_02817,0.6820214986801147
test_02818,0.008832573890686035
test_02819,0.9995373487472534
test_02820,1.7006897905957885e-05
test_02821,0.9999160766601562
test_02822,0.9999967813491821
test_02823,0.9999762773513794
test_02824,0.0016946130199357867
test_02825,0.9999942779541016
test_02826,0.9999967813491821
test_02827,0.9998558759689331
test_02828,0.9999967813491821
test_02829,0.9999936819076538
test_02830,0.9985635876655579
test_02831,0.9999967813491821
test_02832,0.18108102679252625
test_02833,0.047765329480171204
test_02834,0.9956759810447693
test_02835,4.211271516396664e-06
test_02836,0.9999967813491821
test_02837,0.9995039701461792
test_02838,0.0011565632885321975
test_02839,0.9999967813491821
test_02840,0.9999877214431763
test_02841,0.9991471767425537
test_02842,0.9996324777603149
test_02843,0.0015532965771853924
test_02844,0.0027729927096515894
test_02845,0.00020763487555086613
test_02846,0.9997262358665466
test_02847,0.9998843669891357
test_02848,0.008674796670675278
test_02849,0.6368507146835327
test_02850,6.851598300272599e-06
test_02851,0.9999967813491821
test_02852,3.1475640298594953e-06
test_02853,0.0971694216132164
test_02854,0.32966384291648865
test_02855,0.9999946355819702
test_02856,0.6506472229957581
test_02857,0.9999768733978271
test_02858,0.9999904632568359
test_02859,0.9999967813491821
test_02860,0.8606022000312805
test_02861,0.9997674822807312
test_02862,0.259494423866272
test_02863,0.07035240530967712
test_02864,0.36625590920448303
test_02865,0.9999967813491821
test_02866,0.9998396635055542
test_02867,0.9999043941497803
test_02868,0.02708441950380802
test_02869,0.9971035122871399
test_02870,0.7930384874343872
test_02871,0.9996833801269531
test_02872,0.05627978965640068
test_02873,0.9999967813491821
test_02874,0.9999799728393555
test_02875,0.9999967813491821
test_02876,0.9999532699584961
test_02877,0.009278005920350552
test_02878,0.022961298003792763
test_02879,0.00036461351555772126
test_02880,0.9999765157699585
test_02881,0.1991608440876007
test_02882,0.0004975624615326524
test_02883,0.9999967813491821
test_02884,0.24024054408073425
test_02885,0.9972042441368103
test_02886,0.06273232400417328
test_02887,0.0006039778818376362
test_02888,0.0011538827093318105
test_02889,0.002505979500710964
test_02890,0.0018571041291579604
test_02891,0.0008867932483553886
test_02892,0.0701834112405777
test_02893,0.004383029416203499
test_02894,0.05976378172636032
test_02895,0.9017001986503601
test_02896,0.9998273849487305
test_02897,0.04559178650379181
test_02898,0.9807332754135132
test_02899,0.9742701053619385
test_02900,0.9999449253082275
test_02901,0.9998764991760254
test_02902,0.0001551678142277524
test_02903,0.0003076873254030943
test_02904,0.8058342337608337
test_02905,0.9997350573539734
test_02906,0.9995915293693542
test_02907,0.9996469020843506
test_02908,0.9853535890579224
test_02909,0.022119920700788498
test_02910,0.15979167819023132
test_02911,0.00013310690701473504
test_02912,0.9999722242355347
test_02913,0.03044949285686016
test_02914,0.9982088804244995
test_02915,0.9999967813491821
test_02916,0.9999902248382568
test_02917,0.04225819557905197
test_02918,0.2141703963279724
test_02919,0.005408328492194414
test_02920,1.8009966879617423e-05
test_02921,0.6987554430961609
test_02922,0.9997380375862122
test_02923,3.104617280769162e-05
test_02924,0.0018991557881236076
test_02925,0.0024143827613443136
test_02926,0.9999500513076782
test_02927,0.9255874156951904
test_02928,0.9892923831939697
test_02929,3.18635102303233e-05
test_02930,0.9999967813491821
test_02931,0.9951897859573364
test_02932,0.9993041753768921
test_02933,0.14463362097740173
test_02934,0.9955421090126038
test_02935,0.9990049004554749
test_02936,0.9998533725738525
test_02937,0.004658011719584465
test_02938,0.9936715364456177
test_02939,0.9999697208404541
test_02940,0.6204833388328552
test_02941,0.9984007477760315
test_02942,5.659893940901384e-05
test_02943,0.9991912245750427
test_02944,2.20158435695339e-05
test_02945,0.9972587823867798
test_02946,0.009322036057710648
test_02947,0.5899165868759155
test_02948,2.705748011067044e-05
test_02949,0.9897236824035645
test_02950,0.31320813298225403
test_02951,0.9778730869293213
test_02952,0.9999966621398926
test_02953,0.9998539686203003
test_02954,0.9999967813491821
test_02955,0.2134730964899063
test_02956,3.873443347401917e-05
test_02957,0.00039554142858833075
test_02958,0.9997223019599915
test_02959,0.0005665761418640614
test_02960,0.8937053680419922
test_02961,0.01158768031746149
test_02962,0.9593111276626587
test_02963,0.003966194111853838
test_02964,0.5568283796310425
test_02965,0.001904281321913004
test_02966,6.246995326364413e-05
test_02967,0.010963995940983295
test_02968,0.9998167157173157
test_02969,0.9999967813491821
test_02970,0.9998728036880493
test_02971,0.9996103644371033
test_02972,0.9999949932098389
test_02973,0.026691854000091553
test_02974,0.035529639571905136
test_02975,0.03839151933789253
test_02976,0.2532379925251007
test_02977,0.7129578590393066
test_02978,0.9997472167015076
test_02979,0.9993976354598999
test_02980,0.002000971231609583
test_02981,0.9955006241798401
test_02982,0.9999967813491821
test_02983,0.9999383687973022
test_02984,0.9993581175804138
test_02985,0.013667796738445759
test_02986,0.9936739206314087
test_02987,3.1475640298594953e-06
test_02988,0.028994198888540268
test_02989,0.9809737801551819
test_02990,0.999764621257782
test_02991,0.9999688863754272
test_02992,3.184194429195486e-05
test_02993,9.342365228803828e-05
test_02994,0.9999967813491821
test_02995,0.004014048725366592
test_02996,0.13300101459026337
test_02997,0.9990764856338501
test_02998,0.11156216263771057
test_02999,0.9999967813491821
test_03000,0.9998670816421509
test_03001,0.9998891353607178
test_03002,0.9998761415481567
test_03003,0.9999011754989624
test_03004,8.283724309876561e-05
test_03005,0.6236622929573059
test_03006,0.9998465776443481
test_03007,0.4333513677120209
test_03008,0.02941371500492096
test_03009,0.07019113749265671
test_03010,0.9999967813491821
test_03011,0.9999933242797852
test_03012,3.1475640298594953e-06
test_03013,0.9999967813491821
test_03014,0.999991774559021
test_03015,0.0006960976170375943
test_03016,3.2315924727299716e-06
test_03017,0.9438896775245667
test_03018,3.1475640298594953e-06
test_03019,7.866633495723363e-06
test_03020,0.9977681636810303
test_03021,3.545794970705174e-05
test_03022,0.9999967813491821
test_03023,0.0009501884342171252
test_03024,0.9999967813491821
test_03025,0.0947747752070427
test_03026,0.001667635515332222
test_03027,0.6779993772506714
test_03028,0.002041604369878769
test_03029,0.0003166140231769532
test_03030,0.9302764534950256
test_03031,0.0071474104188382626
test_03032,0.002958548255264759
test_03033,0.9994165897369385
test_03034,0.0032607722096145153
test_03035,0.005512741860002279
test_03036,0.012358342297375202
test_03037,0.015157404355704784
test_03038,0.0004534333129413426
test_03039,0.0022689569741487503
test_03040,0.9996030926704407
test_03041,0.9999967813491821
test_03042,0.9999799728393555
test_03043,0.9934766888618469
test_03044,0.9999686479568481
test_03045,0.9999791383743286
test_03046,0.9747647643089294
test_03047,0.9999059438705444
test_03048,0.0017238910077139735
test_03049,0.9996116757392883
test_03050,0.0016956795006990433
test_03051,0.009516771882772446
test_03052,0.6095305681228638
test_03053,0.0006559644243679941
test_03054,0.0016819685697555542
test_03055,0.9999967813491821
test_03056,0.9993877410888672
test_03057,7.146697316784412e-05
test_03058,0.18129992485046387
test_03059,0.9999936819076538
test_03060,0.9986913800239563
test_03061,0.9999877214431763
test_03062,0.9999967813491821
test_03063,1.8948425349663012e-05
test_03064,0.9999728202819824
test_03065,5.242795668891631e-05
test_03066,0.9999927282333374
test_03067,0.983988344669342
test_03068,0.9907551407814026
test_03069,0.9999889135360718
test_03070,0.48346036672592163
test_03071,0.9998422861099243
test_03072,0.5194858908653259
test_03073,0.010302109643816948
test_03074,0.9988609552383423
test_03075,0.9993762373924255
test_03076,0.024294080212712288
test_03077,0.7161585092544556
test_03078,0.02060612104833126
test_03079,0.00755651481449604
test_03080,0.13611434400081635
test_03081,0.9956790804862976
test_03082,0.9967228770256042
test_03083,0.9999889135360718
test_03084,0.014801091514527798
test_03085,0.49808427691459656
test_03086,0.5274336338043213
test_03087,0.3335653245449066
test_03088,0.9999936819076538
test_03089,0.017980728298425674
test_03090,0.9997467398643494
test_03091,0.9866863489151001
test_03092,8.729663386475295e-05
test_03093,0.9994831085205078
test_03094,0.9999967813491821
test_03095,0.9999583959579468
test_03096,0.9934895038604736
test_03097,0.002258694963529706
test_03098,3.1475640298594953e-06
test_03099,0.947525143623352
test_03100,0.9423603415489197
test_03101,0.9458322525024414
test_03102,0.9947730898857117
test_03103,7.481839566025883e-05
test_03104,0.6035553216934204
test_03105,0.3761000633239746
test_03106,0.18606948852539062
test_03107,0.00046908133663237095
test_03108,0.003874304937198758
test_03109,0.001910581486299634
test_03110,0.512701690196991
test_03111,9.091244464798365e-06
test_03112,0.0007045426173135638
test_03113,0.005653830710798502
test_03114,0.0007180859101936221
test_03115,0.0031431287061423063
test_03116,0.999991774559021
test_03117,0.00018327339785173535
test_03118,0.012102073058485985
test_03119,0.9999967813491821
test_03120,0.0002039828395936638
test_03121,3.1475640298594953e-06
test_03122,0.8273510336875916
test_03123,0.9999927282333374
test_03124,0.9998626708984375
test_03125,0.9943130016326904
test_03126,0.9991899132728577
test_03127,0.9970223307609558
test_03128,0.0003486695350147784
test_03129,0.02349920943379402
test_03130,0.999313235282898
test_03131,0.98371821641922
test_03132,0.9938528537750244
test_03133,0.00025103954249061644
test_03134,0.595810055732727
test_03135,0.9999809265136719
test_03136,0.1267693042755127
test_03137,0.9955228567123413
test_03138,0.04744140803813934
test_03139,0.0012266570702195168
test_03140,0.01946619525551796
test_03141,0.9659683108329773
test_03142,0.9999904632568359
test_03143,0.9734355211257935
test_03144,0.9999823570251465
test_03145,0.9999967813491821
test_03146,0.00013670718180947006
test_03147,0.7117574214935303
test_03148,0.004086243454366922
test_03149,0.16615666449069977
test_03150,0.999835729598999
test_03151,0.05831444635987282
test_03152,0.9999697208404541
test_03153,0.44912782311439514
test_03154,0.8882910013198853
test_03155,0.007707417476922274
test_03156,0.9997267127037048
test_03157,0.009124998934566975
test_03158,0.9999127388000488
test_03159,0.9998739957809448
test_03160,0.020255832001566887
test_03161,0.0004603842389769852
test_03162,0.9997803568840027
test_03163,0.01313056144863367
test_03164,0.9999663829803467
test_03165,0.00047427008394151926
test_03166,0.03201918676495552
test_03167,0.004336368292570114
test_03168,1.2172657989140134e-05
test_03169,0.0009273081086575985
test_03170,3.1475640298594953e-06
test_03171,0.9995216131210327
test_03172,0.9988676309585571
test_03173,0.9986292123794556
test_03174,0.8779723644256592
test_03175,0.8969023823738098
test_03176,0.9999967813491821
test_03177,0.8434496521949768
test_03178,0.9999967813491821
test_03179,0.5186740756034851
test_03180,0.9999967813491821
test_03181,0.9999967813491821
test_03182,7.361766165558947e-06
test_03183,0.9863112568855286
test_03184,0.9999967813491821
test_03185,0.9997614026069641
test_03186,0.026155073195695877
test_03187,0.9977372884750366
test_03188,0.00015990674728527665
test_03189,0.994619607925415
test_03190,0.09873996675014496
test_03191,0.031833913177251816
test_03192,0.8345470428466797
test_03193,0.03344706445932388
test_03194,0.9999436140060425
test_03195,0.23872044682502747
test_03196,0.9999967813491821
test_03197,0.2749234437942505
test_03198,0.011798773892223835
test_03199,0.4677138030529022
test_03200,0.0001625645672902465
test_03201,0.23186364769935608
test_03202,0.4708715081214905
test_03203,0.009840002283453941
test_03204,0.9999967813491821
test_03205,0.925217866897583
test_03206,0.0009236601181328297
test_03207,0.9997864365577698
test_03208,0.012144527398049831
test_03209,0.013296358287334442
test_03210,0.9744541645050049
test_03211,0.017865708097815514
test_03212,0.9999895095825195
test_03213,0.9999967813491821
test_03214,0.007181667722761631
test_03215,0.9999967813491821
test_03216,0.11150337755680084
test_03217,0.003109447658061981
test_03218,3.1475640298594953e-06
test_03219,0.9999967813491821
test_03220,0.9933773875236511
test_03221,0.8277468085289001
test_03222,0.029618648812174797
test_03223,0.003735258476808667
test_03224,0.9999927282333374
test_03225,0.9999967813491821
test_03226,3.1475640298594953e-06
test_03227,0.9984709620475769
test_03228,0.9997667670249939
test_03229,0.00048738534678705037
test_03230,0.999671220779419
test_03231,0.9999967813491821
test_03232,0.999902606010437
test_03233,0.017524518072605133
test_03234,0.0015869938069954515
test_03235,0.9969040751457214
test_03236,0.00010637845116434619
test_03237,0.9999756813049316
test_03238,0.14447352290153503
test_03239,0.022740546613931656
test_03240,4.543438262771815e-05
test_03241,0.8239577412605286
test_03242,0.9444631338119507
test_03243,0.00014181698497850448
test_03244,0.9986194372177124
test_03245,0.9995391368865967
test_03246,0.9973004460334778
test_03247,0.9999963045120239
test_03248,0.00013056308671366423
test_03249,0.9999967813491821
test_03250,0.0011095987865701318
test_03251,0.013909525237977505
test_03252,0.9999867677688599
test_03253,0.9999967813491821
test_03254,4.8769779823487625e-06
test_03255,0.0015430430648848414
test_03256,0.9990298748016357
test_03257,0.9964950680732727
test_03258,0.6464117169380188
test_03259,0.9966225624084473
test_03260,0.06260345131158829
test_03261,9.983307245420292e-05
test_03262,0.9999963045120239
test_03263,0.12630319595336914
test_03264,0.030759064480662346
test_03265,0.0063934409990906715
test_03266,0.9999967813491821
test_03267,0.9999967813491821
test_03268,0.6755106449127197
test_03269,0.9999929666519165
test_03270,0.0025778752751648426
test_03271,0.8002176284790039
test_03272,0.9999967813491821
test_03273,0.12497401982545853
test_03274,0.013976776041090488
test_03275,0.8022037744522095
test_03276,0.00032090747845359147
test_03277,0.022536447271704674
test_03278,0.9999967813491821
test_03279,0.39138975739479065
test_03280,0.9998918771743774
test_03281,0.9999967813491821
test_03282,0.3453218936920166
test_03283,0.00829438678920269
test_03284,2.1521984308492392e-05
test_03285,0.9999409914016724
test_03286,0.9939899444580078
test_03287,0.9999967813491821
test_03288,0.8987818956375122
test_03289,0.9992508292198181
test_03290,0.3385748565196991
test_03291,0.5852940678596497
test_03292,0.4250885844230652
test_03293,0.9994199275970459
test_03294,0.9993624091148376
test_03295,0.001852067420259118
test_03296,1.793592127796728e-05
test_03297,0.9999463558197021
test_03298,6.4600239966239315e-06
test_03299,0.9997214674949646
test_03300,0.9999967813491821
test_03301,0.2550676465034485
test_03302,0.9999967813491821
test_03303,0.2710491716861725
test_03304,0.010035940445959568
test_03305,0.9996757507324219
test_03306,0.9999867677688599
test_03307,0.9999428987503052
test_03308,0.9999418258666992
test_03309,0.0003353482170496136
test_03310,0.9999967813491821
test_03311,0.6451793909072876
test_03312,0.9987327456474304
test_03313,0.1272052526473999
test_03314,0.2216760218143463
test_03315,0.9996015429496765
test_03316,0.9998955726623535
test_03317,0.998080849647522
test_03318,0.998927891254425
test_03319,0.0008563860901631415
test_03320,0.9999691247940063
test_03321,0.9970177412033081
test_03322,0.9999967813491821
test_03323,0.9999274015426636
test_03324,0.0025832275860011578
test_03325,0.009702760726213455
test_03326,0.08425989001989365
test_03327,0.9999967813491821
test_03328,0.9983502626419067
test_03329,0.01629451848566532
test_03330,0.9999967813491821
test_03331,0.00635877251625061
test_03332,0.9995203018188477
test_03333,0.5090187191963196
test_03334,0.9999880790710449
test_03335,0.9903209805488586
test_03336,0.000360188219929114
test_03337,0.0009297153446823359
test_03338,0.9971383810043335
test_03339,0.9992237091064453
test_03340,0.9982761144638062
test_03341,0.00018920183356385678
test_03342,0.012527543120086193
test_03343,0.00020319609029684216
test_03344,0.9999967813491821
test_03345,0.013209843076765537
test_03346,3.1475640298594953e-06
test_03347,0.021708358079195023
test_03348,0.001570319407619536
test_03349,0.9999967813491821
test_03350,0.9731380939483643
test_03351,0.17319928109645844
test_03352,0.9999310970306396
test_03353,0.019132694229483604
test_03354,8.716861339053139e-05
test_03355,0.9990276098251343
test_03356,0.08591341227293015
test_03357,0.999767005443573
test_03358,0.00040203557000495493
test_03359,0.9999967813491821
test_03360,0.8130938410758972
test_03361,0.0005295042064972222
test_03362,0.9998542070388794
test_03363,0.9994246959686279
test_03364,0.9998998641967773
test_03365,0.8507253527641296
test_03366,0.9087139368057251
test_03367,0.887890100479126
test_03368,0.996787428855896
test_03369,0.05689723417162895
test_03370,0.9998641014099121
test_03371,0.9999895095825195
test_03372,0.5167611241340637
test_03373,0.6212939620018005
test_03374,0.9957678318023682
test_03375,0.01875063218176365
test_03376,0.9999967813491821
test_03377,0.14342431724071503
test_03378,0.00015184642688836902
test_03379,0.9999388456344604
test_03380,0.9999666213989258
test_03381,0.9999967813491821
test_03382,0.9999021291732788
test_03383,0.001551638706587255
test_03384,0.9995216131210327
test_03385,0.9983265995979309
test_03386,0.23150664567947388
test_03387,0.9999967813491821
test_03388,0.31235605478286743
test_03389,0.9999765157699585
test_03390,0.9969179630279541
test_03391,0.9999942779541016
test_03392,0.9980173110961914
test_03393,0.0030290703289210796
test_03394,0.921085774898529
test_03395,0.8413307070732117
test_03396,7.2248112701345235e-06
test_03397,5.803977182949893e-05
test_03398,0.999983549118042
test_03399,0.9999841451644897
test_03400,0.000559466949198395
test_03401,0.018284188583493233
test_03402,0.9997929930686951
test_03403,1.7367829059367068e-05
test_03404,0.006526681128889322
test_03405,0.9996621608734131
test_03406,0.10803624242544174
test_03407,0.0001496660552220419
test_03408,0.7006255388259888
test_03409,0.005005796439945698
test_03410,0.9671568870544434
test_03411,0.9910151362419128
test_03412,0.9999762773513794
test_03413,0.004148002248257399
test_03414,0.03727066516876221
test_03415,0.9994921684265137
test_03416,0.30312544107437134
test_03417,0.0017319187754765153
test_03418,0.17306558787822723
test_03419,0.02685619331896305
test_03420,0.9999779462814331
test_03421,0.0182340107858181
test_03422,0.9999967813491821
test_03423,0.000563912617508322
test_03424,3.1475640298594953e-06
test_03425,0.0024927526246756315
test_03426,0.997122585773468
test_03427,0.9999923706054688
test_03428,0.00022263193386606872
test_03429,0.9997650980949402
test_03430,0.9999524354934692
test_03431,0.9990691542625427
test_03432,0.08991129696369171
test_03433,0.9999748468399048
test_03434,0.0006812009960412979
test_03435,0.999803364276886
test_03436,0.004820309113711119
test_03437,0.9149280786514282
test_03438,0.0018692403100430965
test_03439,0.9998382329940796
test_03440,0.9995799660682678
test_03441,0.9997227787971497
test_03442,0.9771325588226318
test_03443,0.9478353261947632
test_03444,0.11809567362070084
test_03445,0.6174210906028748
test_03446,0.998084545135498
test_03447,0.9999933242797852
test_03448,0.9995563626289368
test_03449,0.9999959468841553
test_03450,0.16755543649196625
test_03451,0.8608473539352417
test_03452,1.2584257092385087e-05
test_03453,0.00020599659183062613
test_03454,0.6799308061599731
test_03455,0.0027300307992845774
test_03456,0.0023227636702358723
test_03457,0.230335533618927
test_03458,0.9993168115615845
test_03459,0.005526997148990631
test_03460,0.0038900566287338734
test_03461,0.170049786567688
test_03462,0.998627781867981
test_03463,0.011003877967596054
test_03464,0.9999967813491821
test_03465,0.016633545979857445
test_03466,0.008068682625889778
test_03467,0.9999967813491821
test_03468,0.0008146845502778888
test_03469,0.9302860498428345
test_03470,2.9108996386639774e-05
test_03471,0.9991863369941711
test_03472,0.9998912811279297
test_03473,0.9999516010284424
test_03474,0.9999754428863525
test_03475,0.5102909207344055
test_03476,0.24690961837768555
test_03477,0.007566946558654308
test_03478,0.0003443575988058001
test_03479,0.0001284992031287402
test_03480,0.9997292160987854
test_03481,0.9995181560516357
test_03482,0.9990928173065186
test_03483,0.9998587369918823
test_03484,0.6132164001464844
test_03485,0.05531562119722366
test_03486,0.9999967813491821
test_03487,0.9999444484710693
test_03488,0.9998654127120972
test_03489,0.020032379776239395
test_03490,0.9999967813491821
test_03491,0.9990512728691101
test_03492,0.9999889135360718
test_03493,0.9999567270278931
test_03494,0.16691142320632935
test_03495,0.0005057126982137561
test_03496,0.6586232781410217
test_03497,0.9985213875770569
test_03498,0.9999904632568359
test_03499,0.9999967813491821
test_03500,0.7072742581367493
test_03501,0.01076529547572136
test_03502,0.00012032909580739215
test_03503,0.012059146538376808
test_03504,0.07496462762355804
test_03505,3.1475640298594953e-06
test_03506,0.2600850462913513
test_03507,0.0002443891135044396
test_03508,0.03828979283571243
test_03509,0.11025070399045944
test_03510,0.8960222601890564
test_03511,0.05659468472003937
test_03512,0.9991670846939087
test_03513,0.041395578533411026
test_03514,0.9999641180038452
test_03515,0.9997205138206482
test_03516,0.05955421179533005
test_03517,0.9999967813491821
test_03518,0.01080288179218769
test_03519,0.9854642748832703
test_03520,0.9954822063446045
test_03521,0.9999936819076538
test_03522,0.9901391267776489
test_03523,0.9999967813491821
test_03524,0.10893948376178741
test_03525,0.9999967813491821
test_03526,0.9999967813491821
test_03527,0.9998071789741516
test_03528,0.02951865643262863
test_03529,0.0002016022481257096
test_03530,3.6258305044611916e-05
test_03531,0.021211205050349236
test_03532,0.9999967813491821
test_03533,0.00039494497468695045
test_03534,0.9956710338592529
test_03535,0.000203971954761073
test_03536,0.9999678134918213
test_03537,0.4660950005054474
test_03538,0.0015938569558784366
test_03539,0.015261142514646053
test_03540,0.4099771976470947
test_03541,0.003990684170275927
test_03542,0.0867585763335228
test_03543,0.9987649917602539
test_03544,0.00600244989618659
test_03545,0.000164592987857759
test_03546,0.9948251247406006
test_03547,0.9999967813491821
test_03548,0.9999967813491821
test_03549,0.28829115629196167
test_03550,0.9990635514259338
test_03551,0.9983787536621094
test_03552,0.9997525811195374
test_03553,0.9530282616615295
test_03554,0.8678120374679565
test_03555,0.0007161456742323935
test_03556,0.1335485428571701
test_03557,0.9999797344207764
test_03558,0.9985479712486267
test_03559,0.001745174522511661
test_03560,0.9999535083770752
test_03561,0.9999967813491821
test_03562,0.9999967813491821
test_03563,0.9645702242851257
test_03564,0.9999717473983765
test_03565,0.9999920129776001
test_03566,0.0012263855896890163
test_03567,0.9947589039802551
test_03568,0.011785965412855148
test_03569,0.006798307877033949
test_03570,0.9999967813491821
test_03571,0.0010070978896692395
test_03572,0.9662213325500488
test_03573,0.9992419481277466
test_03574,0.9988793730735779
test_03575,0.9999079704284668
test_03576,0.9999967813491821
test_03577,0.926353931427002
test_03578,0.0004049811395816505
test_03579,0.027522176504135132
test_03580,0.9999198913574219
test_03581,0.0008151379879564047
test_03582,0.9983015060424805
test_03583,0.9999967813491821
test_03584,3.1475640298594953e-06
test_03585,0.9978064894676208
test_03586,0.06348807364702225
test_03587,0.6382016539573669
test_03588,3.915299203072209e-06
test_03589,0.9942141175270081
test_03590,0.18076011538505554
test_03591,0.008872415870428085
test_03592,0.999700665473938
test_03593,0.9999967813491821
test_03594,0.0001242094876943156
test_03595,0.9974302649497986
test_03596,0.9999949932098389
test_03597,0.014455723576247692
test_03598,0.6312719583511353
test_03599,0.9999967813491821
test_03600,0.009403146803379059
test_03601,0.9999686479568481
test_03602,0.0001726469345157966
test_03603,0.9999967813491821
test_03604,0.9999967813491821
test_03605,0.999182403087616
test_03606,0.45024073123931885
test_03607,3.1475640298594953e-06
test_03608,0.9999967813491821
test_03609,0.0004162966215517372
test_03610,0.004809894599020481
test_03611,0.9987768530845642
test_03612,0.9961036443710327
test_03613,0.9957744479179382
test_03614,0.004212682601064444
test_03615,0.9988403916358948
test_03616,0.0003040327283088118
test_03617,6.300726909103105e-06
test_03618,0.9999966621398926
test_03619,0.0006757833180017769
test_03620,0.053303901106119156
test_03621,0.057782892137765884
test_03622,0.03117414377629757
test_03623,0.000145202167914249
test_03624,0.273272305727005
test_03625,0.9999967813491821
test_03626,0.9821369051933289
test_03627,0.10800334066152573
test_03628,0.6913097500801086
test_03629,0.9949890971183777
test_03630,0.48209714889526367
test_03631,0.005443695932626724
test_03632,0.9984999895095825
test_03633,0.016177451238036156
test_03634,0.0002884460845962167
test_03635,0.9999967813491821
test_03636,0.9958796501159668
test_03637,3.1475640298594953e-06
test_03638,0.9939633011817932
test_03639,0.0018176420126110315
test_03640,0.06181543692946434
test_03641,0.988346517086029
test_03642,0.9847185015678406
test_03643,0.9984402060508728
test_03644,3.1957508326740935e-05
test_03645,0.9999634027481079
test_03646,0.9999352693557739
test_03647,0.9304192662239075
test_03648,0.901573121547699
test_03649,0.9999967813491821
test_03650,0.9999963045120239
test_03651,0.02141607366502285
test_03652,8.657872058392968e-06
test_03653,0.993608832359314
test_03654,0.9998880624771118
test_03655,0.9981878399848938
test_03656,0.9941540360450745
test_03657,0.003672043327242136
test_03658,0.9763868451118469
test_03659,0.9999841451644897
test_03660,0.9996743202209473
test_03661,0.031006313860416412
test_03662,0.9999479055404663
test_03663,0.9992256164550781
test_03664,0.9999967813491821
test_03665,0.9999898672103882
test_03666,0.9784987568855286
test_03667,0.3877466022968292
test_03668,0.9998626708984375
test_03669,0.9999895095825195
test_03670,0.03109457530081272
test_03671,4.201162482786458e-06
test_03672,0.9999967813491821
test_03673,0.9774288535118103
test_03674,0.03767003118991852
test_03675,0.9998403787612915
test_03676,0.7622351050376892
test_03677,0.9998456239700317
test_03678,0.999889612197876
test_03679,0.16671811044216156
test_03680,0.9996277093887329
test_03681,0.001003673067316413
test_03682,0.9946987628936768
test_03683,0.9999953508377075
test_03684,0.9999756813049316
test_03685,0.9999256134033203
test_03686,0.9990552067756653
test_03687,0.39245831966400146
test_03688,0.9999817609786987
test_03689,0.0002736420719884336
test_03690,0.985758900642395
test_03691,0.9999967813491821
test_03692,0.0017011124873533845
test_03693,0.9998937845230103
test_03694,0.9999927282333374
test_03695,0.2365960031747818
test_03696,0.0013806379865854979
test_03697,0.996977686882019
test_03698,0.9999967813491821
test_03699,0.9999967813491821
test_03700,0.9999967813491821
test_03701,0.0005142164882272482
test_03702,0.9996529817581177
test_03703,0.9998786449432373
test_03704,0.06470204144716263
test_03705,0.0011649022344499826
test_03706,0.0003418960841372609
test_03707,0.9995065927505493
test_03708,0.009374718181788921
test_03709,0.9999953508377075
test_03710,0.9990730285644531
test_03711,0.5227346420288086
test_03712,0.9999920129776001
test_03713,0.031003981828689575
test_03714,0.0007964168325997889
test_03715,0.999886155128479
test_03716,0.9999967813491821
test_03717,9.641607175581157e-05
test_03718,0.32912975549697876
test_03719,0.999970555305481
test_03720,0.2115941196680069
test_03721,0.0026729272212833166
test_03722,0.0007773212273605168
test_03723,0.0002703203645069152
test_03724,0.9983812570571899
test_03725,9.329825843451545e-06
test_03726,0.999922513961792
test_03727,0.0016891855048015714
test_03728,0.48266345262527466
test_03729,0.019674943760037422
test_03730,0.8738506436347961
test_03731,0.2016593962907791
test_03732,0.9927669763565063
test_03733,0.9999339580535889
test_03734,0.9996811151504517
test_03735,0.0011960542760789394
test_03736,0.007083038799464703
test_03737,0.9999779462814331
test_03738,0.2048608511686325
test_03739,0.9996416568756104
test_03740,0.0003291241591796279
test_03741,0.0021080211736261845
test_03742,0.14165739715099335
test_03743,0.9999837875366211
test_03744,0.9995957016944885
test_03745,0.9999809265136719
test_03746,0.005967056378722191
test_03747,0.4671352803707123
test_03748,0.00037403174792416394
test_03749,0.9970790147781372
test_03750,0.9999865293502808
test_03751,0.9832947254180908
test_03752,0.992970883846283
test_03753,0.02003294974565506
test_03754,0.9999489784240723
test_03755,0.9999819993972778
test_03756,0.9999942779541016
test_03757,0.04574206471443176
test_03758,0.9999697208404541
test_03759,0.0006752727786079049
test_03760,0.2192937284708023
test_03761,0.7596390843391418
test_03762,0.9992856383323669
test_03763,0.0028242734260857105
test_03764,0.9857227206230164
test_03765,0.00011471985635580495
test_03766,0.9998925924301147
test_03767,0.8476654291152954
test_03768,0.00011896843352587894
test_03769,0.9901540875434875
test_03770,0.9999967813491821
test_03771,0.9819859266281128
test_03772,0.9999967813491821
test_03773,0.0006435421528294683
test_03774,0.6787283420562744
test_03775,0.9995830655097961
test_03776,0.00018222250218968838
test_03777,0.05417409539222717
test_03778,0.9999598264694214
test_03779,0.19131438434123993
test_03780,0.0001529091241536662
test_03781,0.022569136694073677
test_03782,9.18938712857198e-06
test_03783,0.00011045697465306148
test_03784,2.6440493456902914e-05
test_03785,0.9999294281005859
test_03786,0.47636160254478455
test_03787,0.03230307251214981
test_03788,0.0022138645872473717
test_03789,0.004466835875064135
test_03790,0.06812476366758347
test_03791,0.9920903444290161
test_03792,0.9999967813491821
test_03793,0.05417536571621895
test_03794,0.9999967813491821
test_03795,0.9999967813491821
test_03796,0.999991774559021
test_03797,0.11675313115119934
test_03798,0.9997889399528503
test_03799,4.127347710891627e-05
test_03800,0.9995552897453308
test_03801,3.1475640298594953e-06
test_03802,0.00916861742734909
test_03803,0.12196151912212372
test_03804,0.03477643057703972
test_03805,0.9997155070304871
test_03806,1.2416729077813216e-05
test_03807,0.9995373487472534
test_03808,0.9966368675231934
test_03809,0.7955049872398376
test_03810,0.004055819008499384
test_03811,0.0031370942015200853
test_03812,0.0019229098688811064
test_03813,0.9999942779541016
test_03814,0.0023337267339229584
test_03815,0.9972532391548157
test_03816,0.0015380870318040252
test_03817,0.9984519481658936
test_03818,0.0003611559804994613
test_03819,0.6443684697151184
test_03820,0.9999967813491821
test_03821,0.9999967813491821
test_03822,0.9999302625656128
test_03823,0.5283955335617065
test_03824,0.9999953508377075
test_03825,0.9923087358474731
test_03826,0.9998328685760498
test_03827,0.9807391166687012
test_03828,0.9999927282333374
test_03829,0.006762274540960789
test_03830,0.9746096730232239
test_03831,3.1475640298594953e-06
test_03832,0.00021608659881167114
test_03833,0.06108500435948372
test_03834,0.999885082244873
test_03835,0.8496264815330505
test_03836,3.1475640298594953e-06
test_03837,0.033353809267282486
test_03838,0.012254208326339722
test_03839,0.14376282691955566
test_03840,0.9999967813491821
test_03841,0.9999967813491821
test_03842,0.8612468242645264
test_03843,0.9946982860565186
test_03844,0.002138216281309724
test_03845,0.9999953508377075
test_03846,0.9999967813491821
test_03847,0.0001995450584217906
test_03848,0.9999699592590332
test_03849,0.9999877214431763
test_03850,0.13985410332679749
test_03851,0.9690185189247131
test_03852,0.009772762656211853
test_03853,0.9999967813491821
test_03854,0.9999809265136719
test_03855,0.002575970720499754
test_03856,0.9946947693824768
test_03857,0.0007797657744958997
test_03858,0.0026586903259158134
test_03859,0.00055632961448282
test_03860,0.01666712760925293
test_03861,0.3856736123561859
test_03862,0.9997970461845398
test_03863,0.9999791383743286
test_03864,0.9988510608673096
test_03865,0.8689987063407898
test_03866,0.9999967813491821
test_03867,0.0018949430668726563
test_03868,0.0045784516260027885
test_03869,0.9991708993911743
test_03870,0.975966215133667
test_03871,8.122384315356612e-05
test_03872,0.03734399005770683
test_03873,0.0034366040490567684
test_03874,0.00019273256475571543
test_03875,0.03780648857355118
test_03876,0.9999638795852661
test_03877,0.017489619553089142
test_03878,0.9993312358856201
test_03879,0.9999967813491821
test_03880,0.9998539686203003
test_03881,0.03365093842148781
test_03882,0.999977707862854
test_03883,0.10166646540164948
test_03884,0.9998600482940674
test_03885,0.00017002342792693526
test_03886,0.08809535950422287
test_03887,0.41484683752059937
test_03888,0.9999967813491821
test_03889,0.00027313848841004074
test_03890,0.9818862676620483
test_03891,0.01588522270321846
test_03892,0.7844062447547913
test_03893,0.0011890195310115814
test_03894,0.9528157711029053
test_03895,0.29331862926483154
test_03896,0.9991563558578491
test_03897,0.9999967813491821
test_03898,0.013290965929627419
test_03899,0.9967275857925415
test_03900,0.9628402590751648
test_03901,8.835826156428084e-05
test_03902,0.00395191041752696
test_03903,0.9999967813491821
test_03904,0.00021221065253484994
test_03905,0.9967170357704163
test_03906,0.003502681152895093
test_03907,0.9999713897705078
test_03908,0.9984419941902161
test_03909,0.9999865293502808
test_03910,0.044194597750902176
test_03911,0.9945646524429321
test_03912,0.9999117851257324
test_03913,0.36401641368865967
test_03914,0.8531910181045532
test_03915,0.0022316118702292442
test_03916,0.9984625577926636
test_03917,0.9985558390617371
test_03918,0.9995632767677307
test_03919,0.9749894142150879
test_03920,0.9954084753990173
test_03921,0.4766596853733063
test_03922,3.686806667246856e-05
test_03923,0.9996205568313599
test_03924,0.9517477750778198
test_03925,4.317672392062377e-06
test_03926,0.9986095428466797
test_03927,0.5380589365959167
test_03928,0.005808958318084478
test_03929,0.998387336730957
test_03930,0.9975886344909668
test_03931,0.9999892711639404
test_03932,3.1475640298594953e-06
test_03933,0.814960241317749
test_03934,0.9999967813491821
test_03935,0.004486505873501301
test_03936,0.8730369806289673
test_03937,0.002257442334666848
test_03938,0.7768475413322449
test_03939,0.00025313199148513377
test_03940,0.024418309330940247
test_03941,0.20525935292243958
test_03942,0.32069817185401917
test_03943,0.0906105786561966
test_03944,0.9986239671707153
test_03945,0.9999967813491821
test_03946,0.3298797607421875
test_03947,0.9965157508850098
test_03948,0.9963374137878418
test_03949,0.6746193766593933
test_03950,0.9999967813491821
test_03951,0.025401851162314415
test_03952,0.9744628667831421
test_03953,0.9998052716255188
test_03954,0.999988317489624
test_03955,0.001160030602477491
test_03956,0.0009523193002678454
test_03957,0.2875257730484009
test_03958,0.9999967813491821
test_03959,0.04411565139889717
test_03960,0.0002837899955920875
test_03961,0.9998164772987366
test_03962,0.9999817609786987
test_03963,0.002593053039163351
test_03964,0.9923304319381714
test_03965,3.1475640298594953e-06
test_03966,0.19128091633319855
test_03967,3.1475640298594953e-06
test_03968,0.9999967813491821
test_03969,0.9990783929824829
test_03970,0.9998610019683838
test_03971,0.005910172592848539
test_03972,0.005387911573052406
test_03973,0.9999628067016602
test_03974,0.9200936555862427
test_03975,0.9999946355819702
test_03976,0.9999967813491821
test_03977,0.9999682903289795
test_03978,0.0014117821119725704
test_03979,0.9999865293502808
test_03980,0.9999967813491821
test_03981,0.9999630451202393
test_03982,0.999568521976471
test_03983,0.9999502897262573
test_03984,0.9970118999481201
test_03985,0.7545897364616394
test_03986,0.000207647739443928
test_03987,0.3479469418525696
test_03988,0.9999910593032837
test_03989,0.0013070766581222415
test_03990,0.0006043982575647533
test_03991,0.0015053743263706565
test_03992,0.9976109266281128
test_03993,0.3606003224849701
test_03994,3.1475640298594953e-06
test_03995,0.01832367293536663
test_03996,0.9999967813491821
test_03997,0.9892303347587585
test_03998,0.9998888969421387
test_03999,0.9999955892562866
test_04000,0.9999793767929077
test_04001,0.011274431832134724
test_04002,0.9997816681861877
test_04003,0.9989970326423645
test_04004,0.9968298077583313
test_04005,0.0112724918872118
test_04006,0.6965230703353882
test_04007,7.098284550011158e-05
test_04008,0.176320880651474
test_04009,3.4794913517544046e-05
test_04010,0.0025408498477190733
test_04011,0.0015865814639255404
test_04012,5.5473217798862606e-05
test_04013,0.33515873551368713
test_04014,0.9993810653686523
test_04015,0.9990496039390564
test_04016,0.4399954378604889
test_04017,0.556679904460907
test_04018,0.9999967813491821
test_04019,0.9987770915031433
test_04020,0.9999336004257202
test_04021,0.011709651909768581
test_04022,0.7644235491752625
test_04023,0.9117181897163391
test_04024,0.7141985297203064
test_04025,0.0029666991904377937
test_04026,0.9999959468841553
test_04027,0.2457839995622635
test_04028,0.037024494260549545
test_04029,0.9996788501739502
test_04030,0.9999967813491821
test_04031,6.1009606724837795e-05
test_04032,0.001539860968478024
test_04033,0.9999963045120239
test_04034,0.9999873638153076
test_04035,0.9999959468841553
test_04036,0.9987899661064148
test_04037,0.9998668432235718
test_04038,0.024729426950216293
test_04039,0.059432610869407654
test_04040,0.9999967813491821
test_04041,0.9998880624771118
test_04042,0.9999003410339355
test_04043,0.006627109833061695
test_04044,0.05107397586107254
test_04045,0.2784741520881653
test_04046,0.5580872297286987
test_04047,0.9999865293502808
test_04048,0.9999959468841553
test_04049,0.9918577075004578
test_04050,3.1475640298594953e-06
test_04051,0.999556839466095
test_04052,0.9989776611328125
test_04053,0.9889311194419861
test_04054,0.01269207801669836
test_04055,0.9994001388549805
test_04056,0.9999967813491821
test_04057,0.9830027222633362
test_04058,0.9992820620536804
test_04059,0.6198301911354065
test_04060,0.9999967813491821
test_04061,0.8575099110603333
test_04062,6.658616621280089e-05
test_04063,0.008329658769071102
test_04064,0.9999730587005615
test_04065,0.9996449947357178
test_04066,0.9987297654151917
test_04067,0.9309979677200317
test_04068,7.652331987628713e-05
test_04069,0.0030971530359238386
test_04070,8.709201210876927e-05
test_04071,0.9997866749763489
test_04072,0.04384108632802963
test_04073,0.0025521162897348404
test_04074,0.010067855007946491
test_04075,0.9999819993972778
test_04076,0.9999682903289795
test_04077,0.9965628981590271
test_04078,0.9999967813491821
test_04079,0.00017157710681203753
test_04080,0.811271071434021
test_04081,0.9999967813491821
test_04082,3.1475640298594953e-06
test_04083,0.9946324825286865
test_04084,0.9241749048233032
test_04085,3.200153969373787e-06
test_04086,0.9992915391921997
test_04087,0.9999963045120239
test_04088,0.9999805688858032
test_04089,0.4907889664173126
test_04090,0.9998233914375305
test_04091,0.9927543997764587
test_04092,0.9995220899581909
test_04093,0.9999963045120239
test_04094,3.1475640298594953e-06
test_04095,0.0054285163059830666
test_04096,0.686314046382904
test_04097,0.9977688789367676
test_04098,0.00010105908586410806
test_04099,0.9999967813491821
test_04100,0.9999967813491821
test_04101,0.0003719791129697114
test_04102,0.004100303165614605
test_04103,6.276314525166526e-05
test_04104,0.9986575841903687
test_04105,0.0003170329728163779
test_04106,0.01028145756572485
test_04107,0.08604686707258224
test_04108,0.9999853372573853
test_04109,0.4410070776939392
test_04110,0.8510463237762451
test_04111,0.9999967813491821
test_04112,0.2583285868167877
test_04113,0.9995689988136292
test_04114,0.978025496006012
test_04115,0.5073283314704895
test_04116,0.9999967813491821
test_04117,0.9999892711639404
test_04118,0.026412831619381905
test_04119,2.9134766009519808e-05
test_04120,0.9999873638153076
test_04121,0.5830262303352356
test_04122,0.11133302003145218
test_04123,0.9999966621398926
test_04124,0.7526047229766846
test_04125,0.012655448168516159
test_04126,0.0030539422295987606
test_04127,0.007879446260631084
test_04128,0.985602080821991
test_04129,0.9993195533752441
test_04130,0.0005173126119188964
test_04131,9.184812370222062e-05
test_04132,0.06956818699836731
test_04133,0.010277028195559978
test_04134,0.9999967813491821
test_04135,0.9999967813491821
test_04136,0.9982045888900757
test_04137,0.4203314185142517
test_04138,0.8188868165016174
test_04139,0.9995288848876953
test_04140,0.9999967813491821
test_04141,0.007217953447252512
test_04142,0.948651134967804
test_04143,0.8397670984268188
test_04144,0.9997097849845886
test_04145,0.9996904134750366
test_04146,0.000402951700380072
test_04147,6.737897365383105e-06
test_04148,0.9996973276138306
test_04149,0.9890196919441223
test_04150,0.00012806837912648916
test_04151,0.7732250690460205
test_04152,0.5973303914070129
test_04153,0.998943030834198
test_04154,0.05091864615678787
test_04155,0.7625780701637268
test_04156,0.8447440266609192
test_04157,0.9999967813491821
test_04158,0.9992289543151855
test_04159,0.24574793875217438
test_04160,0.9995142221450806
test_04161,0.0032503141555935144
test_04162,0.9995676875114441
test_04163,0.005860975012183189
test_04164,0.9994693398475647
test_04165,0.9999967813491821
test_04166,3.961247784900479e-05
test_04167,0.0079572768881917
test_04168,0.009612730704247952
test_04169,0.9999967813491821
test_04170,0.9999967813491821
test_04171,0.9999099969863892
test_04172,0.004687919281423092
test_04173,0.9996050000190735
test_04174,2.52465015364578e-05
test_04175,0.9999967813491821
test_04176,0.9980407357215881
test_04177,0.000482419301988557
test_04178,0.9998878240585327
test_04179,0.07715409249067307
test_04180,3.9597860450157896e-05
test_04181,0.9976766705513
test_04182,0.9998512268066406
test_04183,0.0035167078021913767
test_04184,0.9990153312683105
test_04185,0.9994074106216431
test_04186,0.9967880249023438
test_04187,0.9999282360076904
test_04188,0.22828231751918793
test_04189,0.00026844776584766805
test_04190,0.999974250793457
test_04191,0.999981164932251
test_04192,0.0016547839622944593
test_04193,0.2677563428878784
test_04194,0.08575118333101273
test_04195,0.00027709733694791794
test_04196,0.9996246099472046
test_04197,3.1475640298594953e-06
test_04198,0.9999967813491821
test_04199,0.8337188363075256
test_04200,0.3471975326538086
test_04201,0.09509759396314621
test_04202,0.9991959929466248
test_04203,0.9999357461929321
test_04204,0.06047474592924118
test_04205,0.4512883722782135
test_04206,0.0012062564492225647
test_04207,0.9999865293502808
test_04208,0.013456364162266254
test_04209,0.004326669964939356
test_04210,0.9982718229293823
test_04211,0.9999967813491821
test_04212,0.9996166229248047
test_04213,5.802831947221421e-05
test_04214,0.9999967813491821
test_04215,0.036768246442079544
test_04216,0.0011346786050125957
test_04217,0.9999967813491821
test_04218,0.04980115219950676
test_04219,0.9807466864585876
test_04220,0.0002992794616147876
test_04221,0.9895472526550293
test_04222,0.9999077320098877
test_04223,0.9999967813491821
test_04224,0.9997301697731018
test_04225,0.9997484087944031
test_04226,0.999744713306427
test_04227,0.9999160766601562
test_04228,0.9999967813491821
test_04229,0.9697662591934204
test_04230,0.9698843359947205
test_04231,0.8618007898330688
test_04232,0.9999936819076538
test_04233,0.999767005443573
test_04234,0.9999815225601196
test_04235,0.9977752566337585
test_04236,1.2613199942279607e-05
test_04237,0.18135160207748413
test_04238,0.00019830914970953017
test_04239,0.9995489716529846
test_04240,0.46411943435668945
test_04241,0.9999967813491821
test_04242,0.9999771118164062
test_04243,0.00012705479457508773
test_04244,0.9999949932098389
test_04245,0.9999966621398926
test_04246,0.9999815225601196
test_04247,0.9999966621398926
test_04248,0.999666690826416
test_04249,0.9999967813491821
test_04250,0.9997946619987488
test_04251,0.9999936819076538
test_04252,0.0017888251459226012
test_04253,0.11008421331644058
test_04254,0.04806569963693619
test_04255,0.9932498931884766
test_04256,0.9999908208847046
test_04257,0.9350303411483765
test_04258,0.01657242327928543
test_04259,0.9998100399971008
test_04260,0.9999953508377075
test_04261,0.9999949932098389
test_04262,0.9778979420661926
test_04263,0.9647856950759888
test_04264,0.9999880790710449
test_04265,0.9999967813491821
test_04266,0.2741665542125702
test_04267,0.0010751094669103622
test_04268,0.9991241097450256
test_04269,0.986589789390564
test_04270,0.7229266166687012
test_04271,0.007717471104115248
test_04272,1.435931699234061e-05
test_04273,0.9870852828025818
test_04274,2.793020030367188e-05
test_04275,0.056169841438531876
test_04276,0.9701827764511108
test_04277,0.8393872380256653
test_04278,0.9836123585700989
test_04279,0.0009343427955172956
test_04280,0.2369994819164276
test_04281,0.9999949932098389
test_04282,0.8523337841033936
test_04283,9.27454893826507e-05
test_04284,0.2755374312400818
test_04285,0.9999902248382568
test_04286,0.0002687650849111378
test_04287,0.9999420642852783
test_04288,0.003983397502452135
test_04289,0.9999967813491821
test_04290,0.04077087342739105
test_04291,0.09369257092475891
test_04292,0.01492340862751007
test_04293,0.9894437789916992
test_04294,0.9869003891944885
test_04295,0.0004817674634978175
test_04296,0.7863947153091431
test_04297,0.9972202777862549
test_04298,0.9933784604072571
test_04299,0.005679761059582233
test_04300,0.18417344987392426
test_04301,0.9884436726570129
test_04302,0.037711773067712784
test_04303,0.9993780851364136
test_04304,0.9999967813491821
test_04305,0.9982144832611084
test_04306,3.399546767468564e-05
test_04307,0.9998908042907715
test_04308,0.004321707878261805
test_04309,0.9970688223838806
test_04310,0.9999967813491821
test_04311,0.9955281615257263
test_04312,0.0518355518579483
test_04313,0.009852568618953228
test_04314,0.9991111159324646
test_04315,0.9999829530715942
test_04316,0.008398812264204025
test_04317,0.0009549491805955768
test_04318,0.011689791455864906
test_04319,0.001274614711292088
test_04320,0.5342889428138733
test_04321,0.9999431371688843
test_04322,0.990382730960846
test_04323,0.00016275983944069594
test_04324,0.994814395904541
test_04325,0.9999487400054932
test_04326,0.9999567270278931
test_04327,0.07520969212055206
test_04328,0.0016569043509662151
test_04329,0.9999284744262695
test_04330,0.9993780851364136
test_04331,0.9999949932098389
test_04332,0.09403558075428009
test_04333,0.0003223864478059113
test_04334,0.9950236082077026
test_04335,0.000855370657518506
test_04336,2.844211303454358e-05
test_04337,0.9882683753967285
test_04338,0.9999967813491821
test_04339,0.9999847412109375
test_04340,0.026330506429076195
test_04341,0.9994792342185974
test_04342,0.00915453303605318
test_04343,0.9993928670883179
test_04344,0.9318646192550659
test_04345,0.991945207118988
test_04346,0.0002611977979540825
test_04347,0.03775813430547714
test_04348,0.9987830519676208
test_04349,0.9998816251754761
test_04350,0.999991774559021
test_04351,0.0016834648558869958
test_04352,0.006690432783216238
test_04353,0.7673148512840271
test_04354,0.16822440922260284
test_04355,0.9999967813491821
test_04356,0.008880235254764557
test_04357,0.9567416906356812
test_04358,4.011515193269588e-05
test_04359,0.01539525855332613
test_04360,0.9916748404502869
test_04361,0.8960113525390625
test_04362,6.163585203466937e-05
test_04363,0.9917144179344177
test_04364,0.9932836294174194
test_04365,0.3695732653141022
test_04366,0.018574614077806473
test_04367,0.0005713105201721191
test_04368,0.0009121912298724055
test_04369,0.5462987422943115
test_04370,0.013195815496146679
test_04371,0.9997242093086243
test_04372,0.7107863426208496
test_04373,0.7629126906394958
test_04374,0.0010185641003772616
test_04375,0.9999967813491821
test_04376,0.27186498045921326
test_04377,0.010796752758324146
test_04378,0.9999967813491821
test_04379,8.274834544863552e-05
test_04380,0.13460882008075714
test_04381,0.9999967813491821
test_04382,0.004355511628091335
test_04383,0.18890497088432312
test_04384,0.9997871518135071
test_04385,0.7585903406143188
test_04386,0.0021618888713419437
test_04387,0.004083837848156691
test_04388,0.014454549178481102
test_04389,0.1334080696105957
test_04390,0.937466025352478
test_04391,0.9999001026153564
test_04392,0.9999117851257324
test_04393,0.9999817609786987
test_04394,0.9999967813491821
test_04395,0.001029770472086966
test_04396,0.00849147979170084
test_04397,0.9883108139038086
test_04398,0.1808764636516571
test_04399,0.08270557224750519
test_04400,0.20453250408172607
test_04401,0.0005193063989281654
test_04402,0.9999653100967407
test_04403,0.9615674018859863
test_04404,0.004465547390282154
test_04405,0.9995796084403992
test_04406,0.9999967813491821
test_04407,0.1257864087820053
test_04408,0.9999754428863525
test_04409,0.9999967813491821
test_04410,0.9991317391395569
test_04411,0.9999594688415527
test_04412,0.9995297193527222
test_04413,0.999923825263977
test_04414,0.9999686479568481
test_04415,0.0007855959702283144
test_04416,0.492194801568985
test_04417,0.04469437897205353
test_04418,9.424375093658455e-06
test_04419,0.0044070095755159855
test_04420,0.0015446454053744674
test_04421,0.9999803304672241
test_04422,0.00021829472098033875
test_04423,0.12867939472198486
test_04424,0.20219968259334564
test_04425,0.9999388456344604
test_04426,0.09260999411344528
test_04427,0.9992567896842957
test_04428,0.023077597841620445
test_04429,0.9999967813491821
test_04430,0.9845618605613708
test_04431,0.9998631477355957
test_04432,0.0016966169932857156
test_04433,0.3463112711906433
test_04434,0.9980013966560364
test_04435,0.5507876873016357
test_04436,0.23177391290664673
test_04437,0.9999967813491821
test_04438,0.9894334673881531
test_04439,0.00018851396453101188
test_04440,0.9999902248382568
test_04441,0.9999967813491821
test_04442,0.9693673253059387
test_04443,0.15794473886489868
test_04444,0.999955415725708
test_04445,0.9999967813491821
test_04446,0.00047421533963643014
test_04447,0.999963641166687
test_04448,0.2643643319606781
test_04449,0.9804368615150452
test_04450,0.9999959468841553
test_04451,0.0008128881454467773
test_04452,0.0001208403191412799
test_04453,0.9999946355819702
test_04454,0.02113972045481205
test_04455,0.9187576174736023
test_04456,0.001281474600546062
test_04457,0.3268939256668091
test_04458,0.9999967813491821
test_04459,0.0272359699010849
test_04460,0.08487715572118759
test_04461,0.9999967813491821
test_04462,0.059442829340696335
test_04463,0.9991372227668762
test_04464,0.9941593408584595
test_04465,0.9990793466567993
test_04466,0.00034647565917111933
test_04467,0.9998921155929565
test_04468,0.005729254800826311
test_04469,0.00014167657354846597
test_04470,0.5986825823783875
test_04471,0.781699538230896
test_04472,0.9774619936943054
test_04473,0.00040789751801639795
test_04474,0.03974608704447746
test_04475,0.040502067655324936
test_04476,0.0022095616441220045
test_04477,0.0035030755680054426
test_04478,0.9997274279594421
test_04479,0.9053012132644653
test_04480,0.999334990978241
test_04481,0.9999914169311523
test_04482,0.6387983560562134
test_04483,0.9999942779541016
test_04484,0.9632323980331421
test_04485,0.9427469968795776
test_04486,0.9999362230300903
test_04487,0.8621639609336853
test_04488,0.9998539686203003
test_04489,5.536960998142604e-06
test_04490,0.9827176928520203
test_04491,0.6169347763061523
test_04492,0.07644563168287277
test_04493,0.027066033333539963
test_04494,0.008952965959906578
test_04495,0.9830323457717896
test_04496,3.1475640298594953e-06
test_04497,3.278779695392586e-05
test_04498,0.0024269118439406157
test_04499,0.008684384636580944
test_04500,0.9999122619628906
test_04501,8.219311712309718e-05
test_04502,0.9999920129776001
test_04503,0.00014794916205573827
test_04504,0.000918154139071703
test_04505,0.011161108501255512
test_04506,0.9999967813491821
test_04507,0.00034257714287377894
test_04508,2.2965452444623224e-05
test_04509,4.884906957158819e-05
test_04510,0.48077085614204407
test_04511,0.0001055555185303092
test_04512,0.999052107334137
test_04513,2.7744503313442692e-05
test_04514,0.9999849796295166
test_04515,0.011867142282426357
test_04516,0.9994210004806519
test_04517,0.9966496825218201
test_04518,9.015551768243313e-06
test_04519,0.8924046158790588
test_04520,0.0063180760480463505
test_04521,0.9999967813491821
test_04522,0.9999967813491821
test_04523,0.0006030442891642451
test_04524,0.9999967813491821
test_04525,0.0002572295197751373
test_04526,0.9999967813491821
test_04527,0.9827296733856201
test_04528,0.9994749426841736
test_04529,9.232819138560444e-05
test_04530,0.00014839846699032933
test_04531,0.24404370784759521
test_04532,0.9914650321006775
test_04533,0.006655232049524784
test_04534,0.0034245082642883062
test_04535,0.9999959468841553
test_04536,4.016556704300456e-05
test_04537,0.015070823021233082
test_04538,0.9966899156570435
test_04539,0.9999107122421265
test_04540,0.9999680519104004
test_04541,0.9999967813491821
test_04542,0.9885854125022888
test_04543,4.835287472815253e-05
test_04544,0.0007117565255612135
test_04545,0.9999771118164062
test_04546,0.9997090697288513
test_04547,0.9998776912689209
test_04548,0.9998993873596191
test_04549,0.002341911196708679
test_04550,0.9987333416938782
test_04551,0.9996333122253418
test_04552,0.015141050331294537
test_04553,0.02186429128050804
test_04554,0.11818793416023254
test_04555,0.056036438792943954
test_04556,0.9965680837631226
test_04557,4.299240026739426e-05
test_04558,0.004859093111008406
test_04559,4.867930783802876e-06
test_04560,0.022054236382246017
test_04561,0.0018330755410715938
test_04562,0.014790784567594528
test_04563,0.9996757507324219
test_04564,0.0002127664047293365
test_04565,0.9969162940979004
test_04566,0.0001945423282450065
test_04567,0.9999967813491821
test_04568,0.5357491374015808
test_04569,0.9999399185180664
test_04570,0.2863025367259979
test_04571,2.0603096345439553e-05
test_04572,0.999981164932251
test_04573,0.9999799728393555
test_04574,6.24838430667296e-05
test_04575,0.9993677735328674
test_04576,0.9997816681861877
test_04577,0.9999785423278809
test_04578,0.9999638795852661
test_04579,0.22065778076648712
test_04580,0.19332751631736755
test_04581,0.002425176091492176
test_04582,6.809986371081322e-05
test_04583,0.9991471767425537
test_04584,0.9999867677688599
test_04585,0.9159438610076904
test_04586,0.001931859995238483
test_04587,0.9910412430763245
test_04588,0.9999349117279053
test_04589,0.9992425441741943
test_04590,0.9983909130096436
test_04591,0.9999967813491821
test_04592,0.520158052444458
test_04593,0.999599277973175
test_04594,0.00010049402771983296
test_04595,0.9990506768226624
test_04596,0.7168243527412415
test_04597,0.050534918904304504
test_04598,0.00011803711095126346
test_04599,0.9999929666519165
test_04600,0.14828655123710632
test_04601,0.003498028963804245
test_04602,0.12677058577537537
test_04603,0.9999927282333374
test_04604,0.025081491097807884
test_04605,0.999903678894043
test_04606,0.9999573230743408
test_04607,0.2960447371006012
test_04608,0.027203846722841263
test_04609,0.9999352693557739
test_04610,0.004508904181420803
test_04611,0.9999817609786987
test_04612,0.9999940395355225
test_04613,0.9961768388748169
test_04614,0.9999967813491821
test_04615,0.999885082244873
test_04616,0.9999967813491821
test_04617,9.074828994926065e-05
test_04618,0.9999967813491821
test_04619,0.998508632183075
test_04620,0.011917723342776299
test_04621,0.9999005794525146
test_04622,0.8906424045562744
test_04623,0.9998528957366943
test_04624,0.9999452829360962
test_04625,0.9991868138313293
test_04626,1.576996874064207e-05
test_04627,0.0002499649999663234
test_04628,0.9923126101493835
test_04629,0.9900162816047668
test_04630,0.9845587611198425
test_04631,0.9999809265136719
test_04632,0.9694690108299255
test_04633,0.026597151532769203
test_04634,0.9997000694274902
test_04635,0.9999967813491821
test_04636,0.9999967813491821
test_04637,0.9999797344207764
test_04638,0.9998923540115356
test_04639,0.9999823570251465
test_04640,0.9999967813491821
test_04641,0.9469528198242188
test_04642,0.49417611956596375
test_04643,0.9999902248382568
test_04644,0.9995705485343933
test_04645,0.9928291440010071
test_04646,0.9986629486083984
test_04647,0.9999967813491821
test_04648,0.574709951877594
test_04649,0.9999955892562866
test_04650,0.007255767472088337
test_04651,0.9999967813491821
test_04652,0.0028821208979934454
test_04653,0.9999927282333374
test_04654,0.2146756649017334
test_04655,0.9832047820091248
test_04656,0.00014711804396938533
test_04657,0.9999535083770752
test_04658,0.9999967813491821
test_04659,0.9978612065315247
test_04660,0.7930598258972168
test_04661,0.8991913199424744
test_04662,0.03589203953742981
test_04663,0.24489940702915192
test_04664,0.015968844294548035
test_04665,0.9999967813491821
test_04666,0.0017624282045289874
test_04667,0.9999967813491821
test_04668,0.14087724685668945
test_04669,0.9982755184173584
test_04670,0.999763548374176
test_04671,0.4460829794406891
test_04672,0.18590769171714783
test_04673,0.01335696317255497
test_04674,0.01854780875146389
test_04675,0.04802900552749634
test_04676,0.003962432034313679
test_04677,0.9999649524688721
test_04678,0.9999216794967651
test_04679,0.0013780697481706738
test_04680,0.9992448091506958
test_04681,0.9999967813491821
test_04682,0.0006658038473688066
test_04683,0.5846269130706787
test_04684,0.009686574339866638
test_04685,0.9996432065963745
test_04686,0.9999967813491821
test_04687,0.9999473094940186
test_04688,0.15489086508750916
test_04689,0.9483080506324768
test_04690,0.9996057152748108
test_04691,0.0033079152926802635
test_04692,0.0001878113835118711
test_04693,0.9999793767929077
test_04694,0.9941117167472839
test_04695,0.0005522354040294886
test_04696,0.9999967813491821
test_04697,0.001524657942354679
test_04698,0.00018860746058635414
test_04699,0.10898192226886749
test_04700,0.9999771118164062
test_04701,0.9479166269302368
test_04702,0.005219850689172745
test_04703,0.9999967813491821
test_04704,0.3130945861339569
test_04705,0.07382411509752274
test_04706,0.00012883894669357687
test_04707,0.9996353387832642
test_04708,0.20586122572422028
test_04709,0.016794832423329353
test_04710,0.9984295964241028
test_04711,0.9999754428863525
test_04712,0.9998675584793091
test_04713,0.9999949932098389
test_04714,0.023320946842432022
test_04715,0.9999902248382568
test_04716,0.0010213454952463508
test_04717,0.007898293435573578
test_04718,0.0035490873269736767
test_04719,0.014494885690510273
test_04720,0.9999892711639404
test_04721,0.9999966621398926
test_04722,0.9999967813491821
test_04723,0.9944149255752563
test_04724,0.9999805688858032
test_04725,0.9927070736885071
test_04726,0.8740924000740051
test_04727,0.9999967813491821
test_04728,0.9924457669258118
test_04729,0.007451461628079414
test_04730,3.1475640298594953e-06
test_04731,0.00085889280308038
test_04732,0.9970852732658386
test_04733,0.9090597629547119
test_04734,0.9999967813491821
test_04735,0.9999967813491821
test_04736,0.00025362434098497033
test_04737,0.08786481618881226
test_04738,0.00013219642278272659
test_04739,0.3895615339279175
test_04740,0.9999967813491821
test_04741,0.9687569737434387
test_04742,0.9999524354934692
test_04743,0.9986239671707153
test_04744,0.9999603033065796
test_04745,0.8468308448791504
test_04746,0.0003663367824628949
test_04747,0.04948373883962631
test_04748,0.47289329767227173
test_04749,0.9988802075386047
test_04750,0.992687463760376
test_04751,0.9999955892562866
test_04752,0.04263368248939514
test_04753,0.9875078797340393
test_04754,0.00024131376994773746
test_04755,0.057236142456531525
test_04756,0.05556323751807213
test_04757,0.0032443227246403694
test_04758,6.426987965824082e-05
test_04759,0.9955333471298218
test_04760,0.9917908906936646
test_04761,0.9215419888496399
test_04762,0.006453255191445351
test_04763,0.022788608446717262
test_04764,0.9994852542877197
test_04765,0.9999967813491821
test_04766,0.2265593707561493
test_04767,0.9998152852058411
test_04768,0.08036614209413528
test_04769,0.9999409914016724
test_04770,0.9999287128448486
test_04771,0.0003541272599250078
test_04772,0.9990549683570862
test_04773,0.9999287128448486
test_04774,0.0007215418154373765
test_04775,0.998654842376709
test_04776,0.9999967813491821
test_04777,0.0006499051232822239
test_04778,0.9830684065818787
test_04779,0.04935910925269127
test_04780,0.9939832091331482
test_04781,0.0011450708843767643
test_04782,2.372039125475567e-05
test_04783,0.999592125415802
test_04784,0.0007938077324070036
test_04785,0.999835729598999
test_04786,0.008699611760675907
test_04787,0.9982447624206543
test_04788,0.04122772067785263
test_04789,7.319576980080456e-05
test_04790,0.999795138835907
test_04791,0.0009234647150151432
test_04792,0.9999967813491821
test_04793,0.9999967813491821
test_04794,0.04346297308802605
test_04795,0.03147540241479874
test_04796,0.4609070122241974
test_04797,0.9999967813491821
test_04798,0.9999754428863525
test_04799,0.37788817286491394
test_04800,0.9999967813491821
test_04801,0.6370431184768677
test_04802,0.31902143359184265
test_04803,0.9999967813491821
test_04804,0.9589667916297913
test_04805,8.425250416621566e-05
test_04806,0.9968327879905701
test_04807,0.07590285688638687
test_04808,0.8909476399421692
test_04809,0.9999953508377075
test_04810,0.8454062938690186
test_04811,0.06552175432443619
test_04812,0.9996325969696045
test_04813,0.9998493194580078
test_04814,0.0003539457102306187
test_04815,0.9951732754707336
test_04816,0.992584228515625
test_04817,0.016713164746761322
test_04818,0.009964020922780037
test_04819,0.0012560877948999405
test_04820,0.009151855483651161
test_04821,0.999983549118042
test_04822,0.9998691082000732
test_04823,0.9999967813491821
test_04824,0.718426525592804
test_04825,0.6980888247489929
test_04826,0.939955472946167
test_04827,0.0020997179672122
test_04828,0.9999967813491821
test_04829,0.9999967813491821
test_04830,0.002990496112033725
test_04831,0.9916700124740601
test_04832,0.9987082481384277
test_04833,0.05393548309803009
test_04834,0.01079290360212326
test_04835,0.9999920129776001
test_04836,0.005627721548080444
test_04837,0.6136268973350525
test_04838,0.0033659308683127165
test_04839,0.0002725020167417824
test_04840,0.00015940028242766857
test_04841,0.0015906661283224821
test_04842,0.9975040555000305
test_04843,0.0003026336198672652
test_04844,0.0002499495167285204
test_04845,0.9999967813491821
test_04846,3.14999015245121e-05
test_04847,0.9974896907806396
test_04848,0.3458305299282074
test_04849,0.9972696900367737
test_04850,0.9999041557312012
test_04851,0.9996179342269897
test_04852,0.9999967813491821
test_04853,9.191225399263203e-05
test_04854,0.4583357870578766
test_04855,0.9999349117279053
test_04856,0.03156633675098419
test_04857,1.1596233889576979e-05
test_04858,0.9996950626373291
test_04859,0.6417282223701477
test_04860,0.9931201934814453
test_04861,0.9998937845230103
test_04862,0.02510320022702217
test_04863,0.9731887578964233
test_04864,0.9797844886779785
test_04865,0.3679043650627136
test_04866,0.001114341663196683
test_04867,0.00019810655794572085
test_04868,3.1475640298594953e-06
test_04869,0.941136360168457
test_04870,0.9999127388000488
test_04871,0.9999967813491821
test_04872,0.9991710186004639
test_04873,0.9864261150360107
test_04874,0.00023284020426217467
test_04875,0.9999967813491821
test_04876,0.0005128285265527666
test_04877,0.9988254904747009
test_04878,0.03174729645252228
test_04879,0.999530553817749
test_04880,0.1444563865661621
test_04881,0.00030781791429035366
test_04882,0.9832331538200378
test_04883,0.9978821873664856
test_04884,0.0017421443480998278
test_04885,0.00790177658200264
test_04886,0.9999949932098389
test_04887,0.277992844581604
test_04888,0.14288394153118134
test_04889,0.9999508857727051
test_04890,0.0010353397810831666
test_04891,0.999964714050293
test_04892,0.09685979038476944
test_04893,0.6805142760276794
test_04894,0.04507699981331825
test_04895,0.00026508921291679144
test_04896,0.0015212695579975843
test_04897,0.016290973871946335
test_04898,0.0012323632836341858
test_04899,0.024386215955018997
test_04900,0.9997842907905579
test_04901,0.8579826354980469
test_04902,1.6874168068170547e-05
test_04903,0.9999680519104004
test_04904,0.9989209175109863
test_04905,0.039916250854730606
test_04906,0.9999598264694214
test_04907,0.9867572784423828
test_04908,0.18391497433185577
test_04909,0.999964714050293
test_04910,0.9999963045120239
test_04911,0.9997993111610413
test_04912,0.9999942779541016
test_04913,0.9999598264694214
test_04914,3.1475640298594953e-06
test_04915,0.9999628067016602
test_04916,0.01722913607954979
test_04917,0.9999923706054688
test_04918,0.9985824823379517
test_04919,0.2004629522562027
test_04920,0.5211328268051147
test_04921,0.9999967813491821
test_04922,3.1475640298594953e-06
test_04923,0.05350387468934059
test_04924,0.0005690231337212026
test_04925,0.9999674558639526
test_04926,0.9999963045120239
test_04927,0.0003005822654813528
test_04928,0.0002370238653384149
test_04929,0.9999967813491821
test_04930,0.21283389627933502
test_04931,0.9980646967887878
test_04932,0.9999829530715942
test_04933,0.9999728202819824
test_04934,0.5662940740585327
test_04935,3.1475640298594953e-06
test_04936,0.9999967813491821
test_04937,8.229601917264517e-06
test_04938,0.0037396925035864115
test_04939,0.9999967813491821
test_04940,0.9989523887634277
test_04941,0.9666616916656494
test_04942,0.2156248688697815
test_04943,0.9952046871185303
test_04944,0.9982292056083679
test_04945,0.0006140964105725288
test_04946,0.019626149907708168
test_04947,0.9682945609092712
test_04948,0.9999967813491821
test_04949,0.9997115731239319
test_04950,0.006326064933091402
test_04951,0.5856001973152161
test_04952,0.9998262524604797
test_04953,0.0026576865930110216
test_04954,0.9999583959579468
test_04955,0.9999967813491821
test_04956,0.9988511800765991
test_04957,0.998375654220581
test_04958,0.017503103241324425
test_04959,0.0008135123061947525
test_04960,0.6963568925857544
test_04961,0.9471009969711304
test_04962,0.9999086856842041
test_04963,0.005150353070348501
test_04964,0.7511877417564392
test_04965,0.9997896552085876
test_04966,0.9999967813491821
test_04967,0.435247004032135
test_04968,0.9308331608772278
test_04969,0.9999829530715942
test_04970,0.9999967813491821
test_04971,0.9997088313102722
test_04972,3.1475640298594953e-06
test_04973,0.9999392032623291
test_04974,0.9997798800468445
test_04975,0.0175207257270813
test_04976,0.0008381303632631898
test_04977,0.0002518200781196356
test_04978,0.020861385390162468
test_04979,0.002480955794453621
test_04980,0.9177785515785217
test_04981,0.9999967813491821
test_04982,0.9999967813491821
test_04983,0.035747230052948
test_04984,0.2623872756958008
test_04985,0.9998836517333984
test_04986,0.059488218277692795
test_04987,0.9999967813491821
test_04988,0.05496007949113846
test_04989,0.3434472680091858
test_04990,0.9999967813491821
test_04991,0.00400953134521842
test_04992,0.0036095285322517157
test_04993,0.9999967813491821
test_04994,7.390040991595015e-05
test_04995,0.9999849796295166
test_04996,0.998458743095398
test_04997,6.659702194156125e-05
test_04998,4.4556422835739795e-06
test_04999,0.024758493527770042
test_05000,0.9999725818634033
test_05001,0.9999946355819702
test_05002,0.04341819882392883
test_05003,0.9999198913574219
test_05004,0.08588576316833496
test_05005,0.9998382329940796
test_05006,3.1475640298594953e-06
test_05007,0.9551604986190796
test_05008,0.9999967813491821
test_05009,0.9998533725738525
test_05010,0.06857362389564514
test_05011,0.640546977519989
test_05012,0.9999955892562866
test_05013,0.9923081398010254
test_05014,0.9999967813491821
test_05015,0.9999967813491821
test_05016,0.6448046565055847
test_05017,0.9999315738677979
test_05018,0.32938453555107117
test_05019,8.039936801651493e-05
test_05020,0.9999929666519165
test_05021,0.0577896386384964
test_05022,0.9999949932098389
test_05023,0.999931812286377
test_05024,0.999921441078186
test_05025,0.07542681694030762
test_05026,0.9964559674263
test_05027,0.9998468160629272
test_05028,0.9999967813491821
test_05029,0.9999953508377075
test_05030,0.9999967813491821
test_05031,0.3141123652458191
test_05032,0.9997808337211609
test_05033,0.9999232292175293
test_05034,0.007034095004200935
test_05035,0.8389228582382202
test_05036,0.9987402558326721
test_05037,0.999930739402771
test_05038,0.03372637555003166
test_05039,0.9981654286384583
test_05040,0.6943359971046448
test_05041,0.9999892711639404
test_05042,0.9543842673301697
test_05043,0.9999895095825195
test_05044,0.9933537244796753
test_05045,0.9994686245918274
test_05046,7.675235974602401e-05
test_05047,0.9995859265327454
test_05048,0.04969087615609169
test_05049,0.9999889135360718
test_05050,0.6481851935386658
test_05051,0.001397569663822651
test_05052,0.9803351163864136
test_05053,0.9998880624771118
test_05054,5.528157271328382e-05
test_05055,0.00040609764982946217
test_05056,0.9987190961837769
test_05057,0.9999967813491821
test_05058,0.9986542463302612
test_05059,6.0882677644258365e-05
test_05060,0.9999967813491821
test_05061,0.999545156955719
test_05062,0.008750648237764835
test_05063,0.9999967813491821
test_05064,0.9971674084663391
test_05065,0.00016936473548412323
test_05066,0.002408804139122367
test_05067,0.9997574687004089
test_05068,0.9999959468841553
test_05069,0.9667149186134338
test_05070,0.23375138640403748
test_05071,0.010225363075733185
test_05072,0.3057650625705719
test_05073,0.005859083030372858
test_05074,0.0018778527155518532
test_05075,0.9998698234558105
test_05076,0.9699816703796387
test_05077,2.9071490644128062e-05
test_05078,0.9998138546943665
test_05079,0.8561939597129822
test_05080,0.9999967813491821
test_05081,0.12595929205417633
test_05082,0.846000611782074
test_05083,0.9995369911193848
test_05084,0.9872037768363953
test_05085,0.9999963045120239
test_05086,0.9933978319168091
test_05087,0.9991959929466248
test_05088,0.9991193413734436
test_05089,0.005229617934674025
test_05090,0.10939428210258484
test_05091,0.9999967813491821
test_05092,4.436268500285223e-05
test_05093,0.003554732771590352
test_05094,0.9955647587776184
test_05095,0.9999661445617676
test_05096,0.0006792662316001952
test_05097,0.9999967813491821
test_05098,0.0011807272676378489
test_05099,0.9996786117553711
test_05100,0.008990691043436527
test_05101,0.24993784725666046
test_05102,0.03767877817153931
test_05103,0.9999967813491821
test_05104,0.004957865457981825
test_05105,0.9922723770141602
test_05106,0.9998724460601807
test_05107,0.0029583568684756756
test_05108,0.0002704371581785381
test_05109,0.0005877978401258588
test_05110,0.9970386028289795
test_05111,0.8334678411483765
test_05112,0.9997192025184631
test_05113,0.32212457060813904
test_05114,0.02251245267689228
test_05115,3.1475640298594953e-06
test_05116,0.09494443982839584
test_05117,0.9999271631240845
test_05118,5.770587904407876e-06
test_05119,0.9999967813491821
test_05120,0.9999489784240723
test_05121,0.00034605723340064287
test_05122,0.022662905976176262
test_05123,0.003325573168694973
test_05124,2.5030694814631715e-05
test_05125,0.9927896857261658
test_05126,0.9841152429580688
test_05127,0.9999967813491821
test_05128,0.018261542543768883
test_05129,0.9992973804473877
test_05130,0.06931792199611664
test_05131,0.008531708270311356
test_05132,0.8269032835960388
test_05133,0.08037586510181427
test_05134,0.8756927847862244
test_05135,0.001235160161741078
test_05136,0.49360379576683044
test_05137,0.9999904632568359
test_05138,0.9994797110557556
test_05139,0.9999109506607056
test_05140,0.9999191761016846
test_05141,0.7063543796539307
test_05142,0.9997115731239319
test_05143,0.34095802903175354
test_05144,0.994217038154602
test_05145,0.9999682903289795
test_05146,0.9999169111251831
test_05147,0.9999740123748779
test_05148,0.08219949901103973
test_05149,0.04496699571609497
test_05150,0.0006969432579353452
test_05151,0.9999428987503052
test_05152,0.9999967813491821
test_05153,0.29646971821784973
test_05154,0.7996298670768738
test_05155,0.8362746238708496
test_05156,0.9999967813491821
test_05157,0.09072751551866531
test_05158,0.9999855756759644
test_05159,1.4455699783866294e-05
test_05160,0.8667358756065369
test_05161,0.9994500279426575
test_05162,0.0001585761783644557
test_05163,0.000725755060557276
test_05164,0.8721112608909607
test_05165,0.00010960645886370912
test_05166,0.9996694326400757
test_05167,0.39409634470939636
test_05168,0.9846065044403076
test_05169,0.995003879070282
test_05170,0.007100571878254414
test_05171,0.9999967813491821
test_05172,0.999923825263977
test_05173,0.1985122412443161
test_05174,0.9999837875366211
test_05175,7.429384277202189e-05
test_05176,0.00014542082499247044
test_05177,0.999238133430481
test_05178,0.9991642236709595
test_05179,0.00021116835705470294
test_05180,0.007255568169057369
test_05181,0.6537197232246399
test_05182,0.029724618420004845
test_05183,0.0359145924448967
test_05184,0.9999209642410278
test_05185,0.9999904632568359
test_05186,0.9999415874481201
test_05187,0.999956488609314
test_05188,0.9999929666519165
test_05189,0.9911044836044312
test_05190,0.9971064925193787
test_05191,0.9996205568313599
test_05192,9.13862168090418e-05
test_05193,0.045659326016902924
test_05194,0.9966527819633484
test_05195,0.29333817958831787
test_05196,0.011337118223309517
test_05197,0.0014157459372654557
test_05198,0.9998953342437744
test_05199,0.9995279312133789
test_05200,0.9998563528060913
test_05201,0.9999967813491821
test_05202,0.9999476671218872
test_05203,0.9904787540435791
test_05204,5.535651780519402e-06
test_05205,0.019930502399802208
test_05206,0.9999412298202515
test_05207,0.017140572890639305
test_05208,0.991768479347229
test_05209,0.20171652734279633
test_05210,0.9191864728927612
test_05211,0.9050059914588928
test_05212,0.9999967813491821
test_05213,0.0013447074452415109
test_05214,0.4565788507461548
test_05215,0.9993379712104797
test_05216,0.9996830224990845
test_05217,0.9994457364082336
test_05218,0.9999797344207764
test_05219,0.04604526236653328
test_05220,0.9999967813491821
test_05221,0.0925336480140686
test_05222,0.14241662621498108
test_05223,0.9999967813491821
test_05224,0.0002318377810297534
test_05225,0.9999967813491821
test_05226,1.7509202734800056e-05
test_05227,0.9999505281448364
test_05228,0.9999819993972778
test_05229,0.19119155406951904
test_05230,0.02271525375545025
test_05231,0.03336114063858986
test_05232,0.003602303797379136
test_05233,0.999914288520813
test_05234,0.0005074807559140027
test_05235,0.9999545812606812
test_05236,0.9995737671852112
test_05237,0.9999829530715942
test_05238,0.019787129014730453
test_05239,0.9999855756759644
test_05240,0.9999967813491821
test_05241,0.034415166825056076
test_05242,0.36893734335899353
test_05243,0.9999908208847046
test_05244,0.9616761803627014
test_05245,3.1475640298594953e-06
test_05246,0.008468122221529484
test_05247,1.7092048437916674e-05
test_05248,0.07302434742450714
test_05249,0.9999803304672241
test_05250,0.9956138134002686
test_05251,0.9999967813491821
test_05252,4.4434300434659235e-06
test_05253,4.79565751447808e-05
test_05254,0.9990471005439758
test_05255,0.9994623064994812
test_05256,0.0014117613900452852
test_05257,0.9890736937522888
test_05258,0.9995185136795044
test_05259,7.00551099725999e-05
test_05260,0.9927058815956116
test_05261,0.9999823570251465
test_05262,0.8720860481262207
test_05263,0.9999929666519165
test_05264,0.9992239475250244
test_05265,0.00016533953021280468
test_05266,0.9979525804519653
test_05267,0.9997896552085876
test_05268,0.982314944267273
test_05269,0.9997995495796204
test_05270,0.9998005032539368
test_05271,0.9650339484214783
test_05272,0.9999880790710449
test_05273,4.830467514693737e-05
test_05274,0.901231586933136
test_05275,0.0022405025083571672
test_05276,0.995275616645813
test_05277,0.9102347493171692
test_05278,0.998698353767395
test_05279,0.0005015577771700919
test_05280,0.8560320138931274
test_05281,0.9998162388801575
test_05282,0.06289643794298172
test_05283,0.9998831748962402
test_05284,0.9969545602798462
test_05285,3.684732655528933e-05
test_05286,0.9990121126174927
test_05287,3.1475640298594953e-06
test_05288,0.9999889135360718
test_05289,0.999981164932251
test_05290,0.9993903636932373
test_05291,4.265678580850363e-05
test_05292,0.9996908903121948
test_05293,0.0004316103004384786
test_05294,0.9970020651817322
test_05295,0.9999788999557495
test_05296,0.039271850138902664
test_05297,3.923279109585565e-06
test_05298,0.9998793601989746
test_05299,0.9999122619628906
test_05300,0.0057295155711472034
test_05301,5.725310529669514e-06
test_05302,0.00014597583503928035
test_05303,0.9999967813491821
test_05304,0.012678979896008968
test_05305,0.9941508173942566
test_05306,0.9931339025497437
test_05307,0.9999967813491821
test_05308,0.9999967813491821
test_05309,0.00023156563111115247
test_05310,0.1709122657775879
test_05311,0.9940524697303772
test_05312,0.9999967813491821
test_05313,0.9999967813491821
test_05314,0.9992579817771912
test_05315,0.07555592805147171
test_05316,0.9999967813491821
test_05317,0.9999967813491821
test_05318,0.5455026626586914
test_05319,0.9999349117279053
test_05320,0.998677670955658
test_05321,0.9999967813491821
test_05322,0.2615484893321991
test_05323,0.9980223178863525
test_05324,0.9999967813491821
test_05325,0.9999459981918335
test_05326,0.9999967813491821
test_05327,0.9993312358856201
test_05328,0.4929852783679962
test_05329,0.9999967813491821
test_05330,0.00030828898889012635
test_05331,0.0018082777969539165
test_05332,0.00890087429434061
test_05333,0.9753241539001465
test_05334,0.03344201296567917
test_05335,0.029109086841344833
test_05336,0.9998193383216858
test_05337,0.9994657635688782
test_05338,0.9999967813491821
test_05339,0.00016445339133497328
test_05340,0.9999436140060425
test_05341,0.036814868450164795
test_05342,0.004008162766695023
test_05343,0.9945893287658691
test_05344,3.1475640298594953e-06
test_05345,0.020510200411081314
test_05346,0.9999967813491821
test_05347,0.04352738708257675
test_05348,0.9979057312011719
test_05349,0.9969657063484192
test_05350,0.024255402386188507
test_05351,0.9991175532341003
test_05352,0.0010288885096088052
test_05353,0.00010818647569976747
test_05354,8.520850678905845e-05
test_05355,0.00041585892904549837
test_05356,0.0013584709959104657
test_05357,0.9785072803497314
test_05358,0.06638015061616898
test_05359,0.0014269031817093492
test_05360,0.16848114132881165
test_05361,0.9969168901443481
test_05362,0.9999967813491821
test_05363,0.010681389831006527
test_05364,0.9999967813491821
test_05365,0.11730921268463135
test_05366,0.17931771278381348
test_05367,0.001229735091328621
test_05368,0.025120967999100685
test_05369,0.08060052990913391
test_05370,0.9999865293502808
test_05371,0.030985724180936813
test_05372,0.9857019186019897
test_05373,0.9993579983711243
test_05374,0.0028216547798365355
test_05375,1.3543181921704672e-05
test_05376,0.01363571360707283
test_05377,0.9998654127120972
test_05378,0.9999967813491821
test_05379,0.9999967813491821
test_05380,0.0010500730713829398
test_05381,0.9998855590820312
test_05382,0.4527032673358917
test_05383,0.9984241724014282
test_05384,0.3182205855846405
test_05385,0.9981325268745422
test_05386,0.0985981822013855
test_05387,0.9999967813491821
test_05388,0.9999967813491821
test_05389,9.17720390134491e-05
test_05390,0.9999967813491821
test_05391,0.9999967813491821
test_05392,0.9995437264442444
test_05393,0.9949691891670227
test_05394,0.9911718964576721
test_05395,0.9966765642166138
test_05396,0.131678968667984
test_05397,3.7065623473608866e-05
test_05398,0.9991862177848816
test_05399,0.9994884729385376
test_05400,0.9779624938964844
test_05401,0.2934107184410095
test_05402,0.9998514652252197
test_05403,0.9997377991676331
test_05404,0.9989166259765625
test_05405,0.0008917926461435854
test_05406,0.9999940395355225
test_05407,0.9972531199455261
test_05408,0.9998898506164551
test_05409,0.0037896407302469015
test_05410,0.9799730181694031
test_05411,0.9999967813491821
test_05412,0.9999967813491821
test_05413,0.01613619551062584
test_05414,0.02186429128050804
test_05415,0.006507481448352337
test_05416,0.978033185005188
test_05417,0.08562688529491425
test_05418,0.9999949932098389
test_05419,0.9999946355819702
test_05420,0.6643422245979309
test_05421,0.9859743714332581
test_05422,0.9925158619880676
test_05423,0.7197426557540894
test_05424,0.04971177503466606
test_05425,0.502451479434967
test_05426,7.351593376370147e-05
test_05427,0.0066022793762385845
test_05428,0.9999967813491821
test_05429,0.9999748468399048
test_05430,0.9999967813491821
test_05431,0.00043329637264832854
test_05432,0.9999967813491821
test_05433,0.9967895150184631
test_05434,0.999988317489624
test_05435,0.9999967813491821
test_05436,0.009664647281169891
test_05437,0.9999843835830688
test_05438,0.2579330503940582
test_05439,0.05432930961251259
test_05440,0.0001693219383014366
test_05441,0.9999498128890991
test_05442,0.9802566170692444
test_05443,0.12807047367095947
test_05444,0.9995843768119812
test_05445,0.0017746436642482877
test_05446,0.06937523931264877
test_05447,0.999362051486969
test_05448,0.9999756813049316
test_05449,0.22308139503002167
test_05450,0.9999886751174927
test_05451,0.9881090521812439
test_05452,0.9999967813491821
test_05453,0.9999966621398926
test_05454,0.006553672719746828
test_05455,0.00334415421821177
test_05456,3.1475640298594953e-06
test_05457,0.00018666630785446614
test_05458,0.013880426064133644
test_05459,0.0023133910726755857
test_05460,0.9999967813491821
test_05461,0.004412601236253977
test_05462,0.9999967813491821
test_05463,0.9999967813491821
test_05464,0.9999809265136719
test_05465,0.8484498858451843
test_05466,0.9965202808380127
test_05467,0.003799892496317625
test_05468,0.999817430973053
test_05469,0.9755191206932068
test_05470,0.006055323872715235
test_05471,0.023426927626132965
test_05472,0.9682090878486633
test_05473,0.9924907088279724
test_05474,2.6403604351799004e-05
test_05475,0.0022666039876639843
test_05476,3.264284896431491e-05
test_05477,0.08054813742637634
test_05478,0.9982476234436035
test_05479,0.9999023675918579
test_05480,0.00015802145935595036
test_05481,0.9952080845832825
test_05482,7.74172367528081e-05
test_05483,0.9991801381111145
test_05484,7.551302405772731e-05
test_05485,3.1475640298594953e-06
test_05486,0.9840249419212341
test_05487,0.9521963596343994
test_05488,0.9999967813491821
test_05489,0.0032244406174868345
test_05490,1.7411724911653437e-05
test_05491,0.9969651103019714
test_05492,3.1475640298594953e-06
test_05493,0.0017549777403473854
test_05494,0.9985213875770569
test_05495,0.9999967813491821
test_05496,0.9909384250640869
test_05497,0.0021729955915361643
test_05498,0.0018259576754644513
test_05499,0.22436679899692535
test_05500,0.9994691014289856
test_05501,0.998467743396759
test_05502,1.3463494724419434e-05
test_05503,0.002377038123086095
test_05504,0.9999967813491821
test_05505,0.9975288510322571
test_05506,0.048085857182741165
test_05507,0.020931193605065346
test_05508,0.9982668161392212
test_05509,0.0003425118629820645
test_05510,0.9997814297676086
test_05511,0.9997684359550476
test_05512,0.0006264332914724946
test_05513,0.00020834444148931652
test_05514,0.00028429803205654025
test_05515,0.00040685906424187124
test_05516,7.906999962870032e-05
test_05517,0.0031131417490541935
test_05518,0.011584960855543613
test_05519,0.39220744371414185
test_05520,0.9976900815963745
test_05521,0.9998793601989746
test_05522,0.0718020647764206
test_05523,0.9994351267814636
test_05524,0.9999605417251587
test_05525,0.0009720881935209036
test_05526,0.07769940793514252
test_05527,0.9992594122886658
test_05528,0.004600544925779104
test_05529,0.9999967813491821
test_05530,0.015895908698439598
test_05531,0.39052334427833557
test_05532,0.9990147352218628
test_05533,0.9999963045120239
test_05534,0.9996509552001953
test_05535,0.9998846054077148
test_05536,0.9999966621398926
test_05537,0.9996752738952637
test_05538,0.5605053901672363
test_05539,0.9990010857582092
test_05540,0.9938200116157532
test_05541,0.7769880294799805
test_05542,0.11115048825740814
test_05543,3.1475640298594953e-06
test_05544,0.9999967813491821
test_05545,0.0034065356012433767
test_05546,0.015559877268970013
test_05547,0.30242758989334106
test_05548,0.9999967813491821
test_05549,0.39247971773147583
test_05550,0.00976512860506773
test_05551,0.9957835674285889
test_05552,0.09014090895652771
test_05553,0.9999967813491821
test_05554,0.9999967813491821
test_05555,0.9999967813491821
test_05556,0.9999967813491821
test_05557,0.999909520149231
test_05558,0.18017391860485077
test_05559,2.7138161385664716e-05
test_05560,0.9999966621398926
test_05561,0.43053165078163147
test_05562,0.9999357461929321
test_05563,0.9671644568443298
test_05564,0.9997338652610779
test_05565,0.9992259740829468
test_05566,0.0009756395011208951
test_05567,0.9999381303787231
test_05568,0.9999713897705078
test_05569,0.999582827091217
test_05570,0.0011177235282957554
test_05571,0.9999967813491821
test_05572,0.9999750852584839
test_05573,0.9994519352912903
test_05574,0.3086545467376709
test_05575,0.9999423027038574
test_05576,0.08414813131093979
test_05577,0.9999849796295166
test_05578,0.9999877214431763
test_05579,0.015048552304506302
test_05580,0.02631513401865959
test_05581,0.009874315932393074
test_05582,0.999858021736145
test_05583,0.001228668843396008
test_05584,0.9999967813491821
test_05585,0.23502209782600403
test_05586,0.018927328288555145
test_05587,0.00014601759903598577
test_05588,0.9997918009757996
test_05589,0.00029312007245607674
test_05590,0.9999173879623413
test_05591,0.0135298827663064
test_05592,0.3763863444328308
test_05593,0.9999967813491821
test_05594,0.9999914169311523
test_05595,0.9999438524246216
test_05596,0.7092571258544922
test_05597,0.001473079901188612
test_05598,0.25773829221725464
test_05599,0.004083339124917984
test_05600,0.9999831914901733
test_05601,0.9999967813491821
test_05602,0.2754114270210266
test_05603,0.9923237562179565
test_05604,0.9990296363830566
test_05605,0.9975327253341675
test_05606,0.004327600356191397
test_05607,0.034626252949237823
test_05608,0.0006845598109066486
test_05609,0.0001269655185751617
test_05610,0.9999967813491821
test_05611,0.13315507769584656
test_05612,0.9999966621398926
test_05613,0.016019389033317566
test_05614,0.04618283361196518
test_05615,0.9996434450149536
test_05616,1.5020979844848625e-05
test_05617,0.5097888112068176
test_05618,3.338567694299854e-05
test_05619,0.046868856996297836
test_05620,0.3768796920776367
test_05621,0.9604206681251526
test_05622,0.9999955892562866
test_05623,6.033680165273836e-06
test_05624,0.9999923706054688
test_05625,0.0015127359656617045
test_05626,0.9999463558197021
test_05627,0.0003412340593058616
test_05628,0.4188045263290405
test_05629,0.04944387823343277
test_05630,1.094560411729617e-05
test_05631,3.4542059438535944e-05
test_05632,0.9999967813491821
test_05633,0.9999967813491821
test_05634,0.9999967813491821
test_05635,0.0836898609995842
test_05636,0.9999740123748779
test_05637,0.9999959468841553
test_05638,0.27410393953323364
test_05639,0.9993415474891663
test_05640,0.9999788999557495
test_05641,0.5999679565429688
test_05642,0.9999967813491821
test_05643,0.9886397123336792
test_05644,0.0496976263821125
test_05645,0.9996830224990845
test_05646,0.7406103610992432
test_05647,0.827163815498352
test_05648,2.5856974389171228e-05
test_05649,0.012662756256759167
test_05650,0.999686598777771
test_05651,0.06783819198608398
test_05652,0.9983818531036377
test_05653,2.455270259815734e-05
test_05654,0.9995168447494507
test_05655,0.9999847412109375
test_05656,0.7400968074798584
test_05657,0.003071385668590665
test_05658,0.02635077014565468
test_05659,0.9999785423278809
test_05660,0.9999661445617676
test_05661,0.0013221135595813394
test_05662,0.9999933242797852
test_05663,0.9950973391532898
test_05664,0.9999579191207886
test_05665,0.4029824435710907
test_05666,0.000985577586106956
test_05667,3.0382792829186656e-05
test_05668,0.0353081077337265
test_05669,0.9999967813491821
test_05670,0.06509862840175629
test_05671,0.2827059030532837
test_05672,0.9994816184043884
test_05673,0.013524474576115608
test_05674,0.004511799197643995
test_05675,0.2706356644630432
test_05676,1.0114053111465182e-05
test_05677,0.10653470456600189
test_05678,0.0009510126546956599
test_05679,0.9987232089042664
test_05680,0.0005431017489172518
test_05681,0.00012485511251725256
test_05682,0.9989853501319885
test_05683,0.00044780949247069657
test_05684,0.5053372979164124
test_05685,0.8287387490272522
test_05686,0.9999641180038452
test_05687,0.8307761549949646
test_05688,0.8160196542739868
test_05689,0.9999967813491821
test_05690,1.556558345328085e-05
test_05691,0.9999967813491821
test_05692,0.9531193375587463
test_05693,0.9999967813491821
test_05694,0.7979496121406555
test_05695,0.00014019361697137356
test_05696,0.9999465942382812
test_05697,0.44100919365882874
test_05698,2.804066207318101e-05
test_05699,0.9999967813491821
test_05700,0.9999967813491821
test_05701,0.9999594688415527
test_05702,0.996286153793335
test_05703,0.9999967813491821
test_05704,0.9999967813491821
test_05705,0.010479890741407871
test_05706,0.6582404971122742
test_05707,0.9998267292976379
test_05708,0.842681884765625
test_05709,0.7786062359809875
test_05710,0.9999967813491821
test_05711,0.6207940578460693
test_05712,0.9999955892562866
test_05713,0.03007190302014351
test_05714,0.9999967813491821
test_05715,0.09166863560676575
test_05716,0.9990224838256836
test_05717,0.9834350943565369
test_05718,0.9997289776802063
test_05719,0.008801382966339588
test_05720,0.02971256710588932
test_05721,0.9999865293502808
test_05722,0.9974234104156494
test_05723,1.4555035704688635e-05
test_05724,0.9999663829803467
test_05725,0.020702708512544632
test_05726,0.009953598491847515
test_05727,0.9999392032623291
test_05728,0.9999823570251465
test_05729,3.1475640298594953e-06
test_05730,0.9999967813491821
test_05731,0.9999560117721558
test_05732,9.10256349015981e-05
test_05733,0.9999686479568481
test_05734,0.9991043210029602
test_05735,0.03774939104914665
test_05736,0.25329920649528503
test_05737,0.005610156338661909
test_05738,0.9236006140708923
test_05739,0.916259229183197
test_05740,0.3443581461906433
test_05741,0.07478517293930054
test_05742,0.08003371208906174
test_05743,0.0018648108234629035
test_05744,0.42298424243927
test_05745,0.9907934069633484
test_05746,0.015904607251286507
test_05747,0.9994955062866211
test_05748,0.019803714007139206
test_05749,0.9992403984069824
test_05750,0.00036419546813704073
test_05751,0.0006583660724572837
test_05752,7.652989006601274e-05
test_05753,0.011500182561576366
test_05754,0.9999923706054688
test_05755,0.9995729327201843
test_05756,0.00675841374322772
test_05757,0.38113412261009216
test_05758,0.21486657857894897
test_05759,0.5821572542190552
test_05760,0.9999688863754272
test_05761,0.23398736119270325
test_05762,0.017271678894758224
test_05763,0.9999967813491821
test_05764,0.9999849796295166
test_05765,0.9999967813491821
test_05766,0.06927412003278732
test_05767,0.03555634990334511
test_05768,0.0013164738193154335
test_05769,0.9271999597549438
test_05770,0.9999963045120239
test_05771,0.980701208114624
test_05772,0.7986267805099487
test_05773,0.9999785423278809
test_05774,0.9999967813491821
test_05775,0.9928262233734131
test_05776,3.3859203085739864e-06
test_05777,0.9999107122421265
test_05778,0.9880214929580688
test_05779,0.08298782259225845
test_05780,0.982185423374176
test_05781,0.9992945194244385
test_05782,0.9999936819076538
test_05783,0.9964864253997803
test_05784,0.9999967813491821
test_05785,0.9990147352218628
test_05786,0.8111672401428223
test_05787,0.0022831237874925137
test_05788,0.9999940395355225
test_05789,0.997835099697113
test_05790,0.9957634210586548
test_05791,0.00038316173595376313
test_05792,0.04638227820396423
test_05793,0.9998207688331604
test_05794,0.9944275617599487
test_05795,0.9873576164245605
test_05796,0.9999914169311523
test_05797,0.9999788999557495
test_05798,0.9999942779541016
test_05799,0.9999841451644897
test_05800,0.9934837222099304
test_05801,0.006807689554989338
test_05802,0.0005566032486967742
test_05803,0.9973506927490234
test_05804,0.9999953508377075
test_05805,0.9999949932098389
test_05806,0.12214167416095734
test_05807,1.583110133651644e-05
test_05808,0.9993011951446533
test_05809,0.9822131395339966
test_05810,0.9999959468841553
test_05811,0.5312487483024597
test_05812,0.999871015548706
test_05813,0.9998067021369934
test_05814,0.9999929666519165
test_05815,0.9997207522392273
test_05816,0.0008836956694722176
test_05817,0.9997050166130066
test_05818,0.9999967813491821
test_05819,0.9998575448989868
test_05820,5.7642631873022765e-05
test_05821,0.996830403804779
test_05822,0.4060768187046051
test_05823,0.9299811720848083
test_05824,0.007105064578354359
test_05825,5.866577794222394e-06
test_05826,0.5081019401550293
test_05827,1.3400089301285334e-05
test_05828,0.0017870491137728095
test_05829,0.05061659589409828
test_05830,0.030290642753243446
test_05831,0.0034549925476312637
test_05832,0.9993276596069336
test_05833,0.9421113133430481
test_05834,0.02281745709478855
test_05835,0.9999967813491821
test_05836,0.9988791346549988
test_05837,0.025400111451745033
test_05838,0.0004423491773195565
test_05839,0.9999399185180664
test_05840,0.9999756813049316
test_05841,0.022303344681859016
test_05842,0.001433646073564887
test_05843,0.999863862991333
test_05844,0.0005725823575630784
test_05845,0.00503376591950655
test_05846,0.4443276822566986
test_05847,0.9993318915367126
test_05848,0.14929208159446716
test_05849,0.006146341562271118
test_05850,0.08530285954475403
test_05851,0.0011027477448806167
test_05852,0.9999967813491821
test_05853,0.973517656326294
test_05854,0.5130829811096191
test_05855,0.9964627623558044
test_05856,0.999920129776001
test_05857,0.9999736547470093
test_05858,0.1509464979171753
test_05859,0.0005146476905792952
test_05860,0.10250113159418106
test_05861,9.95222944766283e-06
test_05862,0.0025670325849205256
test_05863,0.031460054218769073
test_05864,0.08731230348348618
test_05865,0.0002841286768671125
test_05866,0.5365656614303589
test_05867,0.9999967813491821
test_05868,0.9999889135360718
test_05869,0.9999967813491821
test_05870,0.0029171935748308897
test_05871,0.9999963045120239
test_05872,0.9999967813491821
test_05873,0.18713252246379852
test_05874,0.25432708859443665
test_05875,0.5174670219421387
test_05876,0.0031214088667184114
test_05877,0.9998732805252075
test_05878,0.9999653100967407
test_05879,0.9999953508377075
test_05880,0.9999967813491821
test_05881,0.9998724460601807
test_05882,0.9999091625213623
test_05883,0.9998369216918945
test_05884,0.9971213936805725
test_05885,0.8754138946533203
test_05886,0.2658027708530426
test_05887,0.0027690227143466473
test_05888,0.09901181608438492
test_05889,0.003988649230450392
test_05890,2.535798012104351e-05
test_05891,0.034610942006111145
test_05892,0.999991774559021
test_05893,0.09075147658586502
test_05894,0.9811868667602539
test_05895,0.01264899130910635
test_05896,0.9994664788246155
test_05897,0.9993537068367004
test_05898,0.0005068960599601269
test_05899,0.9999967813491821
test_05900,0.9958498477935791
test_05901,0.9999967813491821
test_05902,0.9999940395355225
test_05903,0.8507766127586365
test_05904,0.024097202345728874
test_05905,0.3139301836490631
test_05906,0.7252391576766968
test_05907,0.22489479184150696
test_05908,0.00893254205584526
test_05909,0.8355795741081238
test_05910,0.9999966621398926
test_05911,8.359093044418842e-05
test_05912,0.0003676834749057889
test_05913,3.1475640298594953e-06
test_05914,0.001555641763843596
test_05915,0.9734581112861633
test_05916,0.4170525372028351
test_05917,0.00990082137286663
test_05918,0.999104917049408
test_05919,0.9990398287773132
test_05920,0.017148854210972786
test_05921,0.9999829530715942
test_05922,0.9999967813491821
test_05923,0.9999967813491821
test_05924,0.017406342551112175
test_05925,0.0001393632555846125
test_05926,0.3347713351249695
test_05927,0.00028360230498947203
test_05928,0.9999967813491821
test_05929,3.1475640298594953e-06
test_05930,0.0002732460561674088
test_05931,0.9999837875366211
test_05932,7.892137364251539e-05
test_05933,0.0001210775735671632
test_05934,3.1475640298594953e-06
test_05935,0.0045451819896698
test_05936,0.9905367493629456
test_05937,0.02061137557029724
test_05938,0.9997850060462952
test_05939,0.001999705331400037
test_05940,0.12434747815132141
test_05941,0.9999967813491821
test_05942,0.018296517431735992
test_05943,0.9999967813491821
test_05944,0.9995461106300354
test_05945,0.0024104146286845207
test_05946,0.9615169763565063
test_05947,0.9997535347938538
test_05948,0.9999442100524902
test_05949,0.9971767663955688
test_05950,0.032792363315820694
test_05951,0.4781957268714905
test_05952,0.0023710299283266068
test_05953,0.9999967813491821
test_05954,0.0001483110390836373
test_05955,0.9998476505279541
test_05956,0.021024594083428383
test_05957,3.1475640298594953e-06
test_05958,3.1475640298594953e-06
test_05959,0.9999759197235107
test_05960,0.00011032044858438894
test_05961,0.9953272342681885
test_05962,0.9999923706054688
test_05963,0.99974125623703
test_05964,0.23103772103786469
test_05965,2.8960501367691904e-05
test_05966,0.025043083354830742
test_05967,0.9617243409156799
test_05968,0.9999967813491821
test_05969,0.0006040887092240155
test_05970,0.9998656511306763
test_05971,1.4855133485980332e-05
test_05972,0.9999967813491821
test_05973,6.765338184777647e-05
test_05974,0.00015053396055009216
test_05975,0.996390163898468
test_05976,0.20282761752605438
test_05977,0.9999815225601196
test_05978,0.9992885589599609
test_05979,0.00012531265383586287
test_05980,2.4939818104030564e-05
test_05981,0.9999059438705444
test_05982,0.9999953508377075
test_05983,0.00018055301916319877
test_05984,0.0185856893658638
test_05985,0.0013104066019877791
test_05986,0.9990962743759155
test_05987,0.9999946355819702
test_05988,0.9995827078819275
test_05989,0.9999920129776001
test_05990,0.9997077584266663
test_05991,0.9998776912689209
test_05992,0.9872928857803345
test_05993,0.995088517665863
test_05994,0.029644586145877838
test_05995,0.0006657582125626504
test_05996,0.7476149797439575
test_05997,0.9992675185203552
test_05998,0.03376418352127075
test_05999,0.0015885375905781984
test_06000,0.9995566010475159
test_06001,0.9999788999557495
test_06002,0.9998112320899963
test_06003,0.9999967813491821
test_06004,0.0010985051048919559
test_06005,0.9999967813491821
test_06006,0.9998326301574707
test_06007,6.986830703681335e-05
test_06008,0.10574335604906082
test_06009,0.00963660515844822
test_06010,0.8216385245323181
test_06011,0.9263430833816528
test_06012,0.9999880790710449
test_06013,0.801308274269104
test_06014,0.003642505034804344
test_06015,0.013482683338224888
test_06016,0.27374231815338135
test_06017,0.00014916100190021098
test_06018,0.04234902933239937
test_06019,0.9997254014015198
test_06020,0.9121906161308289
test_06021,0.015763668343424797
test_06022,0.008645256981253624
test_06023,0.5644813179969788
test_06024,0.9999173879623413
test_06025,0.9999788999557495
test_06026,0.012058873660862446
test_06027,0.9999967813491821
test_06028,0.00013732713705394417
test_06029,0.5947778224945068
test_06030,0.9999666213989258
test_06031,0.025542670860886574
test_06032,1.9730930944206193e-05
test_06033,0.003033021232113242
test_06034,0.9834380745887756
test_06035,0.014102875255048275
test_06036,0.9999405145645142
test_06037,0.019364096224308014
test_06038,0.9999949932098389
test_06039,0.0019352223025634885
test_06040,0.6188541650772095
test_06041,0.014946503564715385
test_06042,0.9994524121284485
test_06043,0.01043427363038063
test_06044,0.9999892711639404
test_06045,0.998984158039093
test_06046,0.050826918333768845
test_06047,0.0002562692097853869
test_06048,0.997510552406311
test_06049,0.004493637476116419
test_06050,0.00012460096331778914
test_06051,0.001858076429925859
test_06052,0.9993690848350525
test_06053,0.1444113850593567
test_06054,0.0353403314948082
test_06055,0.0037050307728350163
test_06056,0.9999079704284668
test_06057,0.9999967813491821
test_06058,0.9999967813491821
test_06059,0.9998742341995239
test_06060,0.9999967813491821
test_06061,3.1475640298594953e-06
test_06062,0.9992597699165344
test_06063,0.9999666213989258
test_06064,0.9999736547470093
test_06065,0.0581546425819397
test_06066,0.0012555435532703996
test_06067,0.995048463344574
test_06068,0.9999581575393677
test_06069,0.9997838139533997
test_06070,1.6188336303457618e-05
test_06071,0.0001964113616850227
test_06072,0.9999586343765259
test_06073,0.9999967813491821
test_06074,0.029986277222633362
test_06075,0.005292271729558706
test_06076,0.9998338222503662
test_06077,0.9954428672790527
test_06078,0.051025696098804474
test_06079,0.9993107318878174
test_06080,0.9997697472572327
test_06081,0.9999843835830688
test_06082,0.9953640699386597
test_06083,0.020786775276064873
test_06084,0.0036578699946403503
test_06085,0.9999967813491821
test_06086,4.381485268822871e-05
test_06087,0.6847718954086304
test_06088,0.46920761466026306
test_06089,0.9935938715934753
test_06090,0.9999967813491821
test_06091,0.9999967813491821
test_06092,3.1475640298594953e-06
test_06093,0.0073052216321229935
test_06094,0.9999967813491821
test_06095,0.6792945861816406
test_06096,0.9999967813491821
test_06097,0.01936880685389042
test_06098,0.00021279642533045262
test_06099,3.1475640298594953e-06
test_06100,5.481138941831887e-05
test_06101,0.00021688167180400342
test_06102,0.9980383515357971
test_06103,0.9999843835830688
test_06104,0.9999967813491821
test_06105,0.9999963045120239
test_06106,0.9999967813491821
test_06107,0.982549786567688
test_06108,0.8154439926147461
test_06109,0.01804778352379799
test_06110,0.9872002601623535
test_06111,1.1783800800913014e-05
test_06112,0.9828358292579651
test_06113,0.16041556000709534
test_06114,0.00017827912233769894
test_06115,0.9999946355819702
test_06116,0.9999734163284302
test_06117,0.0013415152207016945
test_06118,0.005442846566438675
test_06119,0.9999853372573853
test_06120,0.689801037311554
test_06121,0.999934196472168
test_06122,0.01530322153121233
test_06123,0.07537037879228592
test_06124,0.3163676857948303
test_06125,0.9995573163032532
test_06126,0.9601622223854065
test_06127,0.659222424030304
test_06128,0.980962336063385
test_06129,0.486005574464798
test_06130,0.975209653377533
test_06131,0.0016015712171792984
test_06132,0.999991774559021
test_06133,0.9802219271659851
test_06134,0.00012160773621872067
test_06135,2.8258213205845095e-05
test_06136,0.9999967813491821
test_06137,0.9999967813491821
test_06138,0.99986732006073
test_06139,0.9999949932098389
test_06140,0.8579779863357544
test_06141,0.9981417655944824
test_06142,0.9997442364692688
test_06143,0.0005616760463453829
test_06144,0.9997479319572449
test_06145,0.04040445759892464
test_06146,0.004643033724278212
test_06147,0.9799266457557678
test_06148,0.08811896294355392
test_06149,0.10114550590515137
test_06150,0.0010128895519301295
test_06151,0.85031658411026
test_06152,0.001967145362868905
test_06153,0.9999936819076538
test_06154,6.403368024621159e-05
test_06155,0.9999579191207886
test_06156,9.638278424972668e-05
test_06157,0.36300337314605713
test_06158,0.1603756546974182
test_06159,0.48618337512016296
test_06160,0.9998691082000732
test_06161,0.7414470911026001
test_06162,0.9994353652000427
test_06163,0.9998264908790588
test_06164,0.9938981533050537
test_06165,0.0002624746994115412
test_06166,0.021579064428806305
test_06167,0.03609423339366913
test_06168,0.2599196434020996
test_06169,0.9999173879623413
test_06170,0.8263908624649048
test_06171,0.021479532122612
test_06172,0.9923128485679626
test_06173,0.9999967813491821
test_06174,0.00022214633645489812
test_06175,0.00012773810885846615
test_06176,0.9995249509811401
test_06177,0.9999967813491821
test_06178,0.9999949932098389
test_06179,0.9945921301841736
test_06180,0.9995788931846619
test_06181,1.2552336556836963e-05
test_06182,0.0001930776343215257
test_06183,0.9999682903289795
test_06184,0.9978850483894348
test_06185,0.8675996661186218
test_06186,0.9997987151145935
test_06187,0.08177906274795532
test_06188,0.9932842254638672
test_06189,0.0010156623320654035
test_06190,0.9912242889404297
test_06191,9.549246897222474e-05
test_06192,6.584593211300671e-05
test_06193,0.9961079955101013
test_06194,0.999969482421875
test_06195,0.0021655671298503876
test_06196,0.0007254808442667127
test_06197,0.9999967813491821
test_06198,0.005701342597603798
test_06199,0.9999967813491821
test_06200,0.9999967813491821
test_06201,0.9999967813491821
test_06202,0.020742330700159073
test_06203,0.3163888454437256
test_06204,0.03210754692554474
test_06205,0.9994688630104065
test_06206,0.006024555303156376
test_06207,0.9965223073959351
test_06208,0.00018601262127049267
test_06209,0.0013517289189621806
test_06210,0.9999923706054688
test_06211,0.9964742064476013
test_06212,0.9999657869338989
test_06213,0.03295265510678291
test_06214,0.4459817111492157
test_06215,0.9998742341995239
test_06216,0.8954553604125977
test_06217,0.9998855590820312
test_06218,0.99708491563797
test_06219,0.5367385745048523
test_06220,3.1475640298594953e-06
test_06221,0.0005239139427430928
test_06222,0.0005096374661661685
test_06223,0.0007406118093058467
test_06224,0.9903835654258728
test_06225,0.9999967813491821
test_06226,0.9915664792060852
test_06227,0.00029878312489017844
test_06228,0.9991313815116882
test_06229,1.0183051017520484e-05
test_06230,0.09060044586658478
test_06231,0.0006141832564026117
test_06232,0.14484089612960815
test_06233,3.1475640298594953e-06
test_06234,0.9999959468841553
test_06235,0.00015836101374588907
test_06236,0.0069463662803173065
test_06237,0.9994714856147766
test_06238,0.0038675921969115734
test_06239,0.9999357461929321
test_06240,0.9999686479568481
test_06241,0.9993471503257751
test_06242,0.0873531773686409
test_06243,0.9999914169311523
test_06244,0.2246517837047577
test_06245,0.9999959468841553
test_06246,0.9999967813491821
test_06247,0.882280170917511
test_06248,0.9999967813491821
test_06249,0.9998577833175659
test_06250,0.9999967813491821
test_06251,1.9382974642212503e-05
test_06252,0.9968373775482178
test_06253,0.2025824785232544
test_06254,0.995919406414032
test_06255,0.0020392341539263725
test_06256,0.9992665648460388
test_06257,0.9999967813491821
test_06258,0.9999672174453735
test_06259,0.9992923736572266
test_06260,0.9999966621398926
test_06261,0.01608804427087307
test_06262,0.8891233801841736
test_06263,0.9999446868896484
test_06264,0.9885278940200806
test_06265,0.9999765157699585
test_06266,0.9999967813491821
test_06267,0.9999446868896484
test_06268,0.9999873638153076
test_06269,0.27029865980148315
test_06270,0.866334080696106
test_06271,0.9999865293502808
test_06272,0.9999967813491821
test_06273,0.9963566064834595
test_06274,0.9954695701599121
test_06275,0.9999949932098389
test_06276,0.013711837120354176
test_06277,0.9999967813491821
test_06278,0.0016350430669263005
test_06279,0.004078651312738657
test_06280,0.7721052765846252
test_06281,0.9994913339614868
test_06282,0.9994556307792664
test_06283,0.008154215291142464
test_06284,0.32080814242362976
test_06285,0.06528592854738235
test_06286,0.9999362230300903
test_06287,0.01319738570600748
test_06288,0.9993444085121155
test_06289,0.004041615873575211
test_06290,0.008488605730235577
test_06291,0.0007457308238372207
test_06292,3.1475640298594953e-06
test_06293,0.32520791888237
test_06294,0.07425235956907272
test_06295,0.00011936978989979252
test_06296,0.7199683785438538
test_06297,0.9992533326148987
test_06298,0.9994321465492249
test_06299,0.9999967813491821
test_06300,0.9999611377716064
test_06301,0.016205865889787674
test_06302,0.9999793767929077
test_06303,0.0019045377848669887
test_06304,0.9999908208847046
test_06305,0.1904968023300171
test_06306,0.00012284396507311612
test_06307,0.7895238399505615
test_06308,0.9165821075439453
test_06309,0.9999949932098389
test_06310,0.0001693635858828202
test_06311,0.0005944099393673241
test_06312,0.9860828518867493
test_06313,0.1576978713274002
test_06314,0.000957136566285044
test_06315,0.019691163673996925
test_06316,0.1637912541627884
test_06317,0.9999326467514038
test_06318,0.9999592304229736
test_06319,0.28158318996429443
test_06320,0.9999967813491821
test_06321,0.9998278617858887
test_06322,0.9999641180038452
test_06323,0.9968336224555969
test_06324,3.0225637601688504e-05
test_06325,0.999962568283081
test_06326,0.9985741376876831
test_06327,4.544037437881343e-06
test_06328,0.999981164932251
test_06329,0.1144680604338646
test_06330,3.1475640298594953e-06
test_06331,0.004419265780597925
test_06332,3.9554342947667465e-05
test_06333,0.9984568357467651
test_06334,0.002178947674110532
test_06335,0.99628746509552
test_06336,0.030921295285224915
test_06337,0.009162697941064835
test_06338,0.9999349117279053
test_06339,0.9999194145202637
test_06340,0.9999967813491821
test_06341,0.007296976633369923
test_06342,0.9999967813491821
test_06343,0.010142214596271515
test_06344,1.962838177860249e-05
test_06345,0.2888166010379791
test_06346,0.9999967813491821
test_06347,0.029797403141856194
test_06348,0.9999967813491821
test_06349,0.8650264739990234
test_06350,0.12046495825052261
test_06351,0.9999459981918335
test_06352,0.9299607872962952
test_06353,2.2287909814622253e-05
test_06354,0.7472916841506958
test_06355,0.8159202933311462
test_06356,0.999983549118042
test_06357,0.00031921942718327045
test_06358,0.999754011631012
test_06359,0.9999967813491821
test_06360,0.9998140931129456
test_06361,0.4843899607658386
test_06362,0.49622786045074463
test_06363,0.2615560293197632
test_06364,0.9999111890792847
test_06365,0.009985366836190224
test_06366,0.9996836185455322
test_06367,0.9967131614685059
test_06368,0.9998441934585571
test_06369,0.9999418258666992
test_06370,0.9999967813491821
test_06371,5.86151782044908e-06
test_06372,0.9999904632568359
test_06373,0.9999967813491821
test_06374,0.9999967813491821
test_06375,5.493799108080566e-06
test_06376,0.0464535728096962
test_06377,0.999931812286377
test_06378,0.999932050704956
test_06379,0.011296043172478676
test_06380,0.8126991391181946
test_06381,3.1475640298594953e-06
test_06382,0.9995972514152527
test_06383,0.09822500497102737
test_06384,0.9939126372337341
test_06385,0.9414421319961548
test_06386,0.999953031539917
test_06387,0.9999346733093262
test_06388,0.9999222755432129
test_06389,9.976492583518848e-05
test_06390,0.7295194864273071
test_06391,0.00016019654867704958
test_06392,0.008411044254899025
test_06393,7.493435259675607e-05
test_06394,0.9999967813491821
test_06395,0.028165962547063828
test_06396,0.03295908123254776
test_06397,0.041137419641017914
test_06398,0.987432599067688
test_06399,0.2663082182407379
test_06400,0.00014540139818564057
test_06401,0.9544665813446045
test_06402,0.9999955892562866
test_06403,0.02156917192041874
test_06404,0.9916308522224426
test_06405,0.0185487549751997
test_06406,6.450172077165917e-05
test_06407,0.0012331922771409154
test_06408,0.0014664535410702229
test_06409,0.9980953335762024
test_06410,0.9999959468841553
test_06411,0.8445213437080383
test_06412,0.5007551312446594
test_06413,3.862819357891567e-05
test_06414,0.9990764856338501
test_06415,5.792382580693811e-05
test_06416,0.9998998641967773
test_06417,0.9936661124229431
test_06418,0.005152014084160328
test_06419,0.9995877146720886
test_06420,1.1717102097463794e-05
test_06421,0.9999825954437256
test_06422,0.9999611377716064
test_06423,0.9999229907989502
test_06424,0.9997636675834656
test_06425,0.016072645783424377
test_06426,0.001796010765247047
test_06427,0.8191216588020325
test_06428,0.999488353729248
test_06429,0.08343415707349777
test_06430,0.3460809588432312
test_06431,0.9999853372573853
test_06432,1.4434748663916253e-05
test_06433,0.8942624926567078
test_06434,0.9998985528945923
test_06435,0.9999847412109375
test_06436,0.07447353005409241
test_06437,0.38299089670181274
test_06438,0.2515442669391632
test_06439,0.9999967813491821
test_06440,0.0775589868426323
test_06441,0.9999560117721558
test_06442,0.02738213539123535
test_06443,0.0007117360946722329
test_06444,9.739771485328674e-05
test_06445,2.0359068003017455e-05
test_06446,0.9996689558029175
test_06447,0.9999140501022339
test_06448,0.9999711513519287
test_06449,3.1475640298594953e-06
test_06450,0.9999861717224121
test_06451,0.9999967813491821
test_06452,0.9999326467514038
test_06453,0.0015151399420574307
test_06454,0.9999967813491821
test_06455,0.9999967813491821
test_06456,1.4353919141285587e-05
test_06457,0.9999955892562866
test_06458,0.005726585630327463
test_06459,0.9999691247940063
test_06460,0.018061373382806778
test_06461,1.4627086784457788e-05
test_06462,0.9995926022529602
test_06463,0.9997941851615906
test_06464,0.0019394662231206894
test_06465,0.9600616693496704
test_06466,0.006693652831017971
test_06467,0.4743008017539978
test_06468,0.00027582846814766526
test_06469,0.9999967813491821
test_06470,0.9998364448547363
test_06471,0.011966814287006855
test_06472,0.35253024101257324
test_06473,0.9999967813491821
test_06474,3.6804449337068945e-05
test_06475,0.9982190728187561
test_06476,1.0812464097398333e-05
test_06477,0.0007572760223411024
test_06478,0.9999967813491821
test_06479,0.9997830986976624
test_06480,0.9996353387832642
test_06481,0.009556077420711517
test_06482,0.9998806715011597
test_06483,3.1475640298594953e-06
test_06484,3.1475640298594953e-06
test_06485,0.9999765157699585
test_06486,0.9996417760848999
test_06487,0.001191276591271162
test_06488,0.9999516010284424
test_06489,3.6016815556649817e-06
test_06490,0.9999831914901733
test_06491,0.057132553309202194
test_06492,0.9996606111526489
test_06493,4.7868215915514156e-05
test_06494,0.99043208360672
test_06495,0.00012815071386285126
test_06496,0.35823872685432434
test_06497,0.9999449253082275
test_06498,0.999983549118042
test_06499,0.0013261808780953288
test_06500,0.06272219866514206
test_06501,0.011977383866906166
test_06502,0.9999940395355225
test_06503,0.0009851130889728665
test_06504,0.01172945648431778
test_06505,0.17330606281757355
test_06506,0.973077118396759
test_06507,0.9999803304672241
test_06508,0.9999967813491821
test_06509,0.00030267919646576047
test_06510,0.998503565788269
test_06511,0.9998507499694824
test_06512,0.9012503027915955
test_06513,0.9997609257698059
test_06514,0.1365317702293396
test_06515,0.9999967813491821
test_06516,0.9999967813491821
test_06517,0.9786319732666016
test_06518,0.9911654591560364
test_06519,0.01255043875426054
test_06520,0.003350358223542571
test_06521,0.9986901879310608
test_06522,0.999931812286377
test_06523,0.9999861717224121
test_06524,0.0016159220831468701
test_06525,0.08731085807085037
test_06526,0.9999967813491821
test_06527,0.5555615425109863
test_06528,0.999902606010437
test_06529,0.0003444001486059278
test_06530,0.8168758749961853
test_06531,0.9995213747024536
test_06532,0.9945982694625854
test_06533,0.9999967813491821
test_06534,0.9999967813491821
test_06535,0.9999967813491821
test_06536,0.2703847289085388
test_06537,0.0017449726583436131
test_06538,0.9999579191207886
test_06539,0.09660573303699493
test_06540,0.007703075185418129
test_06541,0.9024288058280945
test_06542,0.0024735431652516127
test_06543,0.8724201917648315
test_06544,0.9994087219238281
test_06545,0.9999967813491821
test_06546,0.017596911638975143
test_06547,0.9906935095787048
test_06548,0.9998788833618164
test_06549,0.00036221640766598284
test_06550,0.9995409250259399
test_06551,0.22147195041179657
test_06552,0.9579124450683594
test_06553,0.9999936819076538
test_06554,0.9633607268333435
test_06555,0.024681827053427696
test_06556,0.9999407529830933
test_06557,0.21401837468147278
test_06558,0.9752574563026428
test_06559,0.0006944804918020964
test_06560,0.058713894337415695
test_06561,0.6628319025039673
test_06562,0.0009317948133684695
test_06563,0.009748976677656174
test_06564,0.9626387357711792
test_06565,0.9999871253967285
test_06566,0.972990095615387
test_06567,0.8776535987854004
test_06568,0.00016838504234328866
test_06569,0.07869944721460342
test_06570,0.00034254498314112425
test_06571,0.009180420078337193
test_06572,0.0029091667383909225
test_06573,0.3015696704387665
test_06574,0.001892099971882999
test_06575,0.004315681755542755
test_06576,0.10732206702232361
test_06577,3.1475640298594953e-06
test_06578,0.9996414184570312
test_06579,0.47458258271217346
test_06580,0.8367707133293152
test_06581,3.1475640298594953e-06
test_06582,0.9999967813491821
test_06583,0.6678980588912964
test_06584,0.9999902248382568
test_06585,0.001074845320545137
test_06586,0.018937259912490845
test_06587,0.9999375343322754
test_06588,0.018097421154379845
test_06589,0.9985318183898926
test_06590,0.005101107992231846
test_06591,1.5748537407489493e-05
test_06592,0.9986617565155029
test_06593,0.9999409914016724
test_06594,0.9999959468841553
test_06595,0.09059947729110718
test_06596,0.9259253740310669
test_06597,0.005882688332349062
test_06598,7.955070032039657e-05
test_06599,1.2502327081165276e-05
test_06600,0.9770947098731995
test_06601,0.08932701498270035
test_06602,0.250894159078598
test_06603,0.0002850691380444914
test_06604,0.016183607280254364
test_06605,0.17056509852409363
test_06606,0.9983779191970825
test_06607,3.1475640298594953e-06
test_06608,0.9999967813491821
test_06609,0.9884436726570129
test_06610,0.00823598075658083
test_06611,0.9917032122612
test_06612,0.8844627141952515
test_06613,8.895206701708958e-05
test_06614,0.012881108559668064
test_06615,0.028954321518540382
test_06616,0.9999967813491821
test_06617,0.9999079704284668
test_06618,0.011406713165342808
test_06619,0.007516917772591114
test_06620,0.9828822612762451
test_06621,2.783941636153031e-05
test_06622,0.18814383447170258
test_06623,0.09628278017044067
test_06624,0.999991774559021
test_06625,0.9937061667442322
test_06626,0.0003305467253085226
test_06627,0.0008038706728257239
test_06628,0.996973991394043
test_06629,0.0005150714423507452
test_06630,0.004056188743561506
test_06631,0.0016794732073321939
test_06632,0.002880919026210904
test_06633,0.0012349755270406604
test_06634,0.9998005032539368
test_06635,0.0005530178896151483
test_06636,0.9696924686431885
test_06637,0.004489648621529341
test_06638,0.013009666465222836
test_06639,0.9999967813491821
test_06640,0.9999773502349854
test_06641,0.03081618808209896
test_06642,0.9999622106552124
test_06643,0.9999927282333374
test_06644,0.999667763710022
test_06645,0.9999967813491821
test_06646,0.9999895095825195
test_06647,0.9893203973770142
test_06648,4.833185812458396e-05
test_06649,0.9999895095825195
test_06650,0.04113122820854187
test_06651,0.9989859461784363
test_06652,1.753242759150453e-05
test_06653,0.9984959363937378
test_06654,0.25710776448249817
test_06655,9.511713142273948e-05
test_06656,0.9999942779541016
test_06657,0.9999967813491821
test_06658,0.001929192803800106
test_06659,0.9999966621398926
test_06660,0.9998989105224609
test_06661,0.3210156559944153
test_06662,0.005036330781877041
test_06663,0.0015327271539717913
test_06664,0.0007221636478789151
test_06665,0.011124303564429283
test_06666,0.05406039208173752
test_06667,0.999991774559021
test_06668,0.6449703574180603
test_06669,0.05897035077214241
test_06670,0.05344182625412941
test_06671,0.9999940395355225
test_06672,0.017287202179431915
test_06673,0.00022371159866452217
test_06674,0.9999967813491821
test_06675,0.0035646765027195215
test_06676,0.9939806461334229
test_06677,0.9999967813491821
test_06678,0.9999560117721558
test_06679,0.00909644179046154
test_06680,4.582945621223189e-05
test_06681,0.9497136473655701
test_06682,0.022902922704815865
test_06683,0.999795138835907
test_06684,0.08748938143253326
test_06685,0.999974250793457
test_06686,0.9990192651748657
test_06687,0.0009433787199668586
test_06688,0.49832573533058167
test_06689,0.998386025428772
test_06690,0.9983586668968201
test_06691,0.00014835687761660665
test_06692,0.9997852444648743
test_06693,0.9999967813491821
test_06694,0.9948039650917053
test_06695,0.0247894786298275
test_06696,0.9990493655204773
test_06697,0.9999967813491821
test_06698,8.0131932918448e-05
test_06699,0.9993157386779785
test_06700,0.9999967813491821
test_06701,0.9999151229858398
test_06702,0.9999697208404541
test_06703,0.002252626232802868
test_06704,0.9999936819076538
test_06705,0.9996154308319092
test_06706,0.8122534155845642
test_06707,0.004346257541328669
test_06708,0.9854074120521545
test_06709,0.9959496259689331
test_06710,0.9999967813491821
test_06711,0.9999967813491821
test_06712,8.311893179779872e-05
test_06713,0.9996578693389893
test_06714,0.9997915625572205
test_06715,0.0013904731022194028
test_06716,0.9998076558113098
test_06717,0.9941534399986267
test_06718,0.9999967813491821
test_06719,0.9943370223045349
test_06720,0.9999967813491821
test_06721,0.0629604160785675
test_06722,0.9999967813491821
test_06723,0.9999936819076538
test_06724,0.025119055062532425
test_06725,0.9951586127281189
test_06726,0.9996371269226074
test_06727,0.540990948677063
test_06728,0.010022120550274849
test_06729,3.1475640298594953e-06
test_06730,0.00012671516742557287
test_06731,0.999969482421875
test_06732,0.11898845434188843
test_06733,0.9999955892562866
test_06734,0.0586615689098835
test_06735,0.9999183416366577
test_06736,0.9999967813491821
test_06737,0.9999855756759644
test_06738,0.9999886751174927
test_06739,0.9883177876472473
test_06740,0.5345810651779175
test_06741,0.9999967813491821
test_06742,0.9999967813491821
test_06743,0.9998458623886108
test_06744,0.217100128531456
test_06745,1.5622392311342992e-05
test_06746,0.9987921118736267
test_06747,0.9990004897117615
test_06748,0.023049021139740944
test_06749,0.9999865293502808
test_06750,0.9978426694869995
test_06751,0.002560615073889494
test_06752,0.00020889741426799446
test_06753,6.055038466001861e-05
test_06754,0.2720334529876709
test_06755,0.9994012117385864
test_06756,0.0044865356758236885
test_06757,0.9998155236244202
test_06758,3.9876500522950664e-05
test_06759,0.6064941883087158
test_06760,0.03741980716586113
test_06761,0.9996984004974365
test_06762,0.999828577041626
test_06763,0.9999946355819702
test_06764,0.9999415874481201
test_06765,0.9999349117279053
test_06766,0.280327707529068
test_06767,3.1475640298594953e-06
test_06768,0.9999446868896484
test_06769,4.235182586853625e-06
test_06770,0.02389323152601719
test_06771,0.9994142055511475
test_06772,0.002589694457128644
test_06773,0.9998998641967773
test_06774,0.46952149271965027
test_06775,0.02976962924003601
test_06776,0.9998880624771118
test_06777,0.9999967813491821
test_06778,3.3229584914806765e-06
test_06779,0.9941569566726685
test_06780,0.9999967813491821
test_06781,0.9992325305938721
test_06782,0.9867410063743591
test_06783,0.9676236510276794
test_06784,3.1475640298594953e-06
test_06785,0.9999613761901855
test_06786,0.9999967813491821
test_06787,0.004252957180142403
test_06788,0.0006431508809328079
test_06789,0.6339694857597351
test_06790,0.9958030581474304
test_06791,0.9849807024002075
test_06792,0.999964714050293
test_06793,4.532916864263825e-05
test_06794,0.9993966817855835
test_06795,6.008470882079564e-05
test_06796,0.9998449087142944
test_06797,0.49129074811935425
test_06798,0.9999583959579468
test_06799,0.2414434254169464
test_06800,0.00012955792772118002
test_06801,0.9916560649871826
test_06802,0.034299831837415695
test_06803,0.11860412359237671
test_06804,0.8689769506454468
test_06805,0.4163415729999542
test_06806,0.9999967813491821
test_06807,0.9996929168701172
test_06808,0.9999967813491821
test_06809,0.9999608993530273
test_06810,0.8543296456336975
test_06811,0.9999799728393555
test_06812,0.08532736450433731
test_06813,0.9827326536178589
test_06814,0.9999967813491821
test_06815,0.9999967813491821
test_06816,0.9999967813491821
test_06817,0.000611342373304069
test_06818,0.9999967813491821
test_06819,0.999569833278656
test_06820,5.3567186114378273e-05
test_06821,0.879609227180481
test_06822,0.024805819615721703
test_06823,0.022185426205396652
test_06824,0.9951345324516296
test_06825,0.009152383543550968
test_06826,0.0003015245602000505
test_06827,0.11916042864322662
test_06828,0.9999967813491821
test_06829,0.9998717308044434
test_06830,0.10680500417947769
test_06831,0.7332437634468079
test_06832,0.0004938789061270654
test_06833,0.002029254101216793
test_06834,0.009204128757119179
test_06835,0.019416937604546547
test_06836,0.009518241509795189
test_06837,0.011863651685416698
test_06838,0.0006922826287336648
test_06839,0.0023237273562699556
test_06840,0.9999967813491821
test_06841,0.00053322350140661
test_06842,0.9939340949058533
test_06843,0.07154463231563568
test_06844,3.140313856420107e-05
test_06845,7.061535870889202e-05
test_06846,0.9961537718772888
test_06847,0.9999959468841553
test_06848,0.06540922075510025
test_06849,0.9983211159706116
test_06850,0.2453092783689499
test_06851,0.029615076258778572
test_06852,0.5866125226020813
test_06853,0.025292418897151947
test_06854,0.9968923926353455
test_06855,0.006711192429065704
test_06856,0.0025463486090302467
test_06857,0.13026121258735657
test_06858,3.1475640298594953e-06
test_06859,0.9056984186172485
test_06860,0.9999415874481201
test_06861,2.2360123693943024e-05
test_06862,0.9999409914016724
test_06863,0.9989941716194153
test_06864,0.9783828854560852
test_06865,0.39643383026123047
test_06866,0.007036685943603516
test_06867,0.010156025178730488
test_06868,0.9999570846557617
test_06869,0.0009737576474435627
test_06870,0.999962568283081
test_06871,0.9916330575942993
test_06872,0.013644329272210598
test_06873,0.04470859840512276
test_06874,0.9999734163284302
test_06875,0.8942198157310486
test_06876,2.506045530026313e-05
test_06877,0.9999967813491821
test_06878,0.007144317962229252
test_06879,0.9832767248153687
test_06880,0.8699406385421753
test_06881,0.9991399049758911
test_06882,0.007932364009320736
test_06883,0.16552799940109253
test_06884,1.5193677427305374e-05
test_06885,0.9838911890983582
test_06886,0.000562453584279865
test_06887,0.9999674558639526
test_06888,0.6266313195228577
test_06889,0.9996614456176758
test_06890,0.014274363406002522
test_06891,0.0002966675965581089
test_06892,1.2109127965231892e-05
test_06893,0.4174138307571411
test_06894,0.0001771600218489766
test_06895,0.0022469619289040565
test_06896,0.9987273812294006
test_06897,0.9270977973937988
test_06898,0.9448524713516235
test_06899,0.03993804752826691
test_06900,0.0005971156642772257
test_06901,0.9627799391746521
test_06902,0.9958871006965637
test_06903,0.9999942779541016
test_06904,0.9997343420982361
test_06905,0.9999889135360718
test_06906,0.06488418579101562
test_06907,0.9998570680618286
test_06908,0.9999287128448486
test_06909,2.2024178178980947e-05
test_06910,0.9999967813491821
test_06911,0.9999967813491821
test_06912,5.11152611579746e-05
test_06913,0.000545513117685914
test_06914,0.9999855756759644
test_06915,0.1819954663515091
test_06916,0.9999967813491821
test_06917,0.046908456832170486
test_06918,0.9960711002349854
test_06919,0.9999967813491821
test_06920,0.19537779688835144
test_06921,0.9999910593032837
test_06922,0.9999904632568359
test_06923,0.9878354668617249
test_06924,0.3917384147644043
test_06925,0.0001130774908233434
test_06926,0.0005348388804122806
test_06927,0.00012230176071170717
test_06928,0.00010494779417058453
test_06929,0.9972214698791504
test_06930,0.0037427102215588093
test_06931,0.17941443622112274
test_06932,0.9997609257698059
test_06933,0.9993075132369995
test_06934,0.0026843715459108353
test_06935,0.0023964541032910347
test_06936,0.9999759197235107
test_06937,0.9419424533843994
test_06938,0.6947166323661804
test_06939,7.056520553305745e-05
test_06940,0.9999936819076538
test_06941,0.9752687215805054
test_06942,0.002738985000178218
test_06943,0.01540929265320301
test_06944,0.47175341844558716
test_06945,6.780199328204617e-05
test_06946,0.0031263416167348623
test_06947,0.9998024106025696
test_06948,0.9933152794837952
test_06949,0.9999849796295166
test_06950,0.006976700387895107
test_06951,0.0001414261932950467
test_06952,0.9261646866798401
test_06953,0.0005302327335812151
test_06954,0.9954401254653931
test_06955,0.9993366599082947
test_06956,0.9711582064628601
test_06957,0.9988100528717041
test_06958,0.9502314329147339
test_06959,0.006056572310626507
test_06960,0.0011288723908364773
test_06961,0.9997543692588806
test_06962,0.000808433280326426
test_06963,0.25444895029067993
test_06964,0.999822199344635
test_06965,0.5871163606643677
test_06966,0.000453585060313344
test_06967,0.0002512229548301548
test_06968,3.1475640298594953e-06
test_06969,7.913215813459828e-05
test_06970,0.9999967813491821
test_06971,0.9998784065246582
test_06972,0.14552918076515198
test_06973,0.9998946189880371
test_06974,0.000125729784485884
test_06975,0.9990041851997375
test_06976,0.999934196472168
test_06977,0.9999734163284302
test_06978,0.003615590510889888
test_06979,0.9857592582702637
test_06980,0.994269847869873
test_06981,0.9999967813491821
test_06982,0.9984208345413208
test_06983,0.01643872819840908
test_06984,0.07164846360683441
test_06985,0.00045550608774647117
test_06986,0.9974367022514343
test_06987,0.0020427433773875237
test_06988,0.0013959015486761928
test_06989,0.014929844066500664
test_06990,0.9999762773513794
test_06991,0.997545063495636
test_06992,0.08218346536159515
test_06993,0.0005190101801417768
test_06994,4.533073933998821e-06
test_06995,3.485855813778471e-06
test_06996,0.032529015094041824
test_06997,0.8747509717941284
test_06998,3.1475640298594953e-06
test_06999,0.9910962581634521
test_07000,0.6824524402618408
test_07001,0.9998918771743774
test_07002,0.999744713306427
test_07003,0.26308515667915344
test_07004,0.5441279411315918
test_07005,0.9845282435417175
test_07006,0.9966611862182617
test_07007,5.130174940859433e-06
test_07008,0.003329026745632291
test_07009,0.9999511241912842
test_07010,0.9999936819076538
test_07011,0.9999967813491821
test_07012,0.9899352192878723
test_07013,0.16352838277816772
test_07014,0.9999967813491821
test_07015,0.9999967813491821
test_07016,0.9999920129776001
test_07017,0.00046032603131607175
test_07018,0.999251663684845
test_07019,0.9983577132225037
test_07020,0.008752435445785522
test_07021,0.9996763467788696
test_07022,0.004369074944406748
test_07023,0.9999661445617676
test_07024,0.028579454869031906
test_07025,0.9999967813491821
test_07026,0.999863862991333
test_07027,0.07372633367776871
test_07028,0.9999740123748779
test_07029,0.9634387493133545
test_07030,0.9593232870101929
test_07031,0.003037459682673216
test_07032,0.9987353682518005
test_07033,0.9999946355819702
test_07034,0.09345099329948425
test_07035,0.00023330441035795957
test_07036,0.028823532164096832
test_07037,0.2853354215621948
test_07038,0.9999967813491821
test_07039,0.10236015915870667
test_07040,0.26769551634788513
test_07041,0.9996308088302612
test_07042,0.9999127388000488
test_07043,0.8462406992912292
test_07044,0.9999967813491821
test_07045,0.1645072102546692
test_07046,0.9999967813491821
test_07047,0.9999967813491821
test_07048,0.032647643238306046
test_07049,0.0046966602094471455
test_07050,0.018389927223324776
test_07051,0.0008564349845983088
test_07052,0.9965882301330566
test_07053,3.1475640298594953e-06
test_07054,0.9999914169311523
test_07055,0.9997028708457947
test_07056,0.9999963045120239
test_07057,0.1370358020067215
test_07058,0.9722236394882202
test_07059,0.9963172674179077
test_07060,0.9998024106025696
test_07061,0.999839186668396
test_07062,0.5711382627487183
test_07063,0.4623951315879822
test_07064,6.0224588196433615e-06
test_07065,0.01013411395251751
test_07066,0.3343678414821625
test_07067,0.9999967813491821
test_07068,0.9982699155807495
test_07069,0.9999967813491821
test_07070,8.738666110730264e-06
test_07071,0.0004033482982777059
test_07072,0.9999967813491821
test_07073,0.9913339018821716
test_07074,0.9999967813491821
test_07075,0.9997686743736267
test_07076,0.9999740123748779
test_07077,0.0015818089013919234
test_07078,0.9999967813491821
test_07079,0.9999967813491821
test_07080,0.08110646158456802
test_07081,0.0023543774150311947
test_07082,0.9999628067016602
test_07083,0.013090692460536957
test_07084,0.0005306754028424621
test_07085,0.0016000712057575583
test_07086,0.9999867677688599
test_07087,3.1475640298594953e-06
test_07088,0.9951021671295166
test_07089,0.00012291414896026254
test_07090,0.9808629751205444
test_07091,1.6281215721392073e-05
test_07092,0.9999942779541016
test_07093,0.9981422424316406
test_07094,0.9999967813491821
test_07095,3.745069989236072e-05
test_07096,0.9998311996459961
test_07097,0.00019418742158450186
test_07098,0.023157479241490364
test_07099,0.00021815071522723883
test_07100,0.9611502289772034
test_07101,0.9991255402565002
test_07102,0.999932050704956
test_07103,0.9999967813491821
test_07104,0.9999892711639404
test_07105,9.307786058343481e-06
test_07106,0.9521657824516296
test_07107,0.00012133877316955477
test_07108,0.6717603802680969
test_07109,0.28238168358802795
test_07110,0.9154045581817627
test_07111,0.011874149553477764
test_07112,0.9795899391174316
test_07113,0.0034962892532348633
test_07114,0.9999908208847046
test_07115,0.9997336268424988
test_07116,0.5296075940132141
test_07117,0.0040918802842497826
test_07118,0.0002230300597148016
test_07119,0.2533159554004669
test_07120,0.0011499685933813453
test_07121,0.14920982718467712
test_07122,0.986200213432312
test_07123,0.22336818277835846
test_07124,0.9999959468841553
test_07125,0.9999929666519165
test_07126,0.9948405623435974
test_07127,0.9999967813491821
test_07128,0.00010273145016981289
test_07129,0.0005918534006923437
test_07130,0.9998418092727661
test_07131,0.9999867677688599
test_07132,0.0008628104114905
test_07133,0.00035398738691583276
test_07134,0.7945150136947632
test_07135,0.0012285250704735518
test_07136,0.9997338652610779
test_07137,0.9996399879455566
test_07138,0.024425266310572624
test_07139,0.035268623381853104
test_07140,0.00011168386845383793
test_07141,0.0019086875254288316
test_07142,3.1475640298594953e-06
test_07143,0.8265190720558167
test_07144,0.0002607225615065545
test_07145,0.749891996383667
test_07146,0.9999902248382568
test_07147,0.7719601988792419
test_07148,0.9993728995323181
test_07149,0.02066856250166893
test_07150,0.9318479299545288
test_07151,0.8504567742347717
test_07152,0.9999967813491821
test_07153,0.987170398235321
test_07154,0.9986340403556824
test_07155,0.0004415061848703772
test_07156,0.04611608758568764
test_07157,0.9968075752258301
test_07158,0.9999949932098389
test_07159,0.05416477471590042
test_07160,3.4791537473211065e-06
test_07161,1.0657807251845952e-05
test_07162,0.9970875382423401
test_07163,0.9999442100524902
test_07164,0.9984365105628967
test_07165,0.9922208189964294
test_07166,0.9999785423278809
test_07167,0.0020525623112916946
test_07168,0.9999967813491821
test_07169,3.1475640298594953e-06
test_07170,0.9996342658996582
test_07171,0.8490464687347412
test_07172,0.9999829530715942
test_07173,0.9999967813491821
test_07174,0.9999240636825562
test_07175,0.9999287128448486
test_07176,0.0014129814226180315
test_07177,0.0001184967695735395
test_07178,0.9990463852882385
test_07179,0.03890492394566536
test_07180,0.0007358469301834702
test_07181,0.4099862575531006
test_07182,0.006321860942989588
test_07183,0.7663602232933044
test_07184,0.008235431276261806
test_07185,0.9999927282333374
test_07186,0.9998661279678345
test_07187,5.488760143634863e-05
test_07188,0.9867944121360779
test_07189,0.030817894265055656
test_07190,0.8999883532524109
test_07191,0.003085796255618334
test_07192,0.003449580632150173
test_07193,0.010126540437340736
test_07194,0.9999722242355347
test_07195,0.9716203808784485
test_07196,0.9999949932098389
test_07197,0.3200620114803314
test_07198,0.0010312014492228627
test_07199,1.691362376732286e-05
test_07200,0.9999967813491821
test_07201,0.6404451727867126
test_07202,0.0003152745484840125
test_07203,0.9999967813491821
test_07204,0.9920423626899719
test_07205,0.00019284451263956726
test_07206,0.8852943778038025
test_07207,0.9999793767929077
test_07208,0.0006339067476801574
test_07209,0.8262028098106384
test_07210,0.00015853552031330764
test_07211,0.025363227352499962
test_07212,0.993476927280426
test_07213,0.06829070299863815
test_07214,0.9999967813491821
test_07215,0.9998937845230103
test_07216,0.006041328422725201
test_07217,0.0001162931221188046
test_07218,0.3918129801750183
test_07219,0.9999967813491821
test_07220,9.941310963768046e-06
test_07221,0.9999929666519165
test_07222,0.2745288610458374
test_07223,0.6509112119674683
test_07224,0.9986555576324463
test_07225,0.17150554060935974
test_07226,0.9991745352745056
test_07227,0.9999967813491821
test_07228,0.002892131684347987
test_07229,0.002328649628907442
test_07230,0.08888991177082062
test_07231,0.002971511334180832
test_07232,0.42789924144744873
test_07233,0.9999967813491821
test_07234,0.9960030913352966
test_07235,0.9999902248382568
test_07236,0.0007269674679264426
test_07237,0.9999967813491821
test_07238,0.00012604561925400048
test_07239,0.9993909597396851
test_07240,0.002388682682067156
test_07241,4.398935197968967e-05
test_07242,0.9515917897224426
test_07243,0.9289559721946716
test_07244,0.9999967813491821
test_07245,0.150811105966568
test_07246,0.9400275945663452
test_07247,0.9812116622924805
test_07248,0.9999967813491821
test_07249,0.005086992401629686
test_07250,0.005331214517354965
test_07251,0.19579949975013733
test_07252,0.9996386766433716
test_07253,0.3968952000141144
test_07254,0.036871179938316345
test_07255,0.9945690631866455
test_07256,0.10019208490848541
test_07257,0.9995812773704529
test_07258,0.08925238251686096
test_07259,0.8387168049812317
test_07260,0.9998998641967773
test_07261,0.00025500351330265403
test_07262,7.935750181786716e-05
test_07263,0.9999967813491821
test_07264,0.0007514720782637596
test_07265,0.9998167157173157
test_07266,0.012024123221635818
test_07267,0.3306432366371155
test_07268,0.976316511631012
test_07269,0.9837378263473511
test_07270,0.9972399473190308
test_07271,0.9999479055404663
test_07272,0.7517532110214233
test_07273,0.9976769089698792
test_07274,0.9914588928222656
test_07275,0.0011779980268329382
test_07276,0.00012024489842588082
test_07277,0.9999967813491821
test_07278,0.9992035031318665
test_07279,9.561674960423261e-05
test_07280,0.0006796637899242342
test_07281,7.783538421790581e-06
test_07282,0.9529137015342712
test_07283,0.03429391607642174
test_07284,0.9957560896873474
test_07285,0.9965701103210449
test_07286,0.002861540298908949
test_07287,0.9893954396247864
test_07288,0.0009855161188170314
test_07289,0.4670763909816742
test_07290,0.0015944184269756079
test_07291,0.9999886751174927
test_07292,0.44437310099601746
test_07293,0.0003897067508660257
test_07294,0.9999600648880005
test_07295,0.9959211349487305
test_07296,0.5729879140853882
test_07297,0.9998941421508789
test_07298,0.0004504465323407203
test_07299,0.8400065898895264
test_07300,0.001942434231750667
test_07301,0.9999967813491821
test_07302,0.0003006441693287343
test_07303,0.9999967813491821
test_07304,0.015896586701273918
test_07305,0.72239089012146
test_07306,0.32307565212249756
test_07307,7.1407099312637e-05
test_07308,1.1287785127933603e-05
test_07309,0.04661702364683151
test_07310,0.029584096744656563
test_07311,0.03440304473042488
test_07312,0.9999963045120239
test_07313,0.0017098132520914078
test_07314,0.9993376135826111
test_07315,0.5698686838150024
test_07316,0.8905584216117859
test_07317,0.9999967813491821
test_07318,0.0004884536610916257
test_07319,0.9995373487472534
test_07320,0.9999967813491821
test_07321,0.9413126111030579
test_07322,0.41567370295524597
test_07323,0.0022246059961616993
test_07324,0.9937343001365662
test_07325,0.49141860008239746
test_07326,0.9999867677688599
test_07327,0.9999500513076782
test_07328,0.9998624324798584
test_07329,0.01795351877808571
test_07330,0.609134316444397
test_07331,3.3090200304286554e-05
test_07332,0.013324577361345291
test_07333,0.13799723982810974
test_07334,0.9973760843276978
test_07335,0.999817430973053
test_07336,0.12249991297721863
test_07337,0.9995531439781189
test_07338,0.9898143410682678
test_07339,0.45923876762390137
test_07340,0.9998076558113098
test_07341,0.05657805874943733
test_07342,0.001542711746878922
test_07343,0.9999768733978271
test_07344,0.9093956351280212
test_07345,0.006940487772226334
test_07346,0.0020121040288358927
test_07347,2.867310649889987e-05
test_07348,0.9081965088844299
test_07349,0.1670643389225006
test_07350,0.9870209097862244
test_07351,0.00011815759353339672
test_07352,0.8725484013557434
test_07353,0.9103055596351624
test_07354,0.9828544855117798
test_07355,0.9999967813491821
test_07356,0.9999959468841553
test_07357,0.9998788833618164
test_07358,0.9999895095825195
test_07359,0.08996492624282837
test_07360,0.999977707862854
test_07361,0.8457886576652527
test_07362,0.005672024097293615
test_07363,0.9936606287956238
test_07364,0.013382614590227604
test_07365,0.9192109704017639
test_07366,0.9999923706054688
test_07367,0.9982686042785645
test_07368,0.001171869458630681
test_07369,0.00046390274656005204
test_07370,0.9978160858154297
test_07371,0.003476175246760249
test_07372,0.019006777554750443
test_07373,0.9999617338180542
test_07374,1.2642969522858039e-05
test_07375,0.6721109747886658
test_07376,0.9227766394615173
test_07377,1.6719941413612105e-05
test_07378,0.9999405145645142
test_07379,3.284500417066738e-05
test_07380,0.1282293200492859
test_07381,0.023010244593024254
test_07382,0.9984340071678162
test_07383,0.9998866319656372
test_07384,0.9353024363517761
test_07385,0.019967172294855118
test_07386,0.27959224581718445
test_07387,0.025650903582572937
test_07388,0.9984846711158752
test_07389,0.013328288681805134
test_07390,0.0035575744695961475
test_07391,0.9999967813491821
test_07392,0.9234043955802917
test_07393,0.9999817609786987
test_07394,0.9670274257659912
test_07395,0.9999966621398926
test_07396,0.0032634218223392963
test_07397,0.9999841451644897
test_07398,0.9999871253967285
test_07399,0.9999598264694214
test_07400,0.9999967813491821
test_07401,3.0119521397864446e-05
test_07402,0.9999942779541016
test_07403,0.0012033816892653704
test_07404,0.00028275587828829885
test_07405,0.9999967813491821
test_07406,1.1456775609985925e-05
test_07407,0.004609937779605389
test_07408,0.009764548391103745
test_07409,0.9999386072158813
test_07410,0.9999357461929321
test_07411,0.47402241826057434
test_07412,0.00039151759119704366
test_07413,0.999920129776001
test_07414,1.8288326828042045e-05
test_07415,0.9756563305854797
test_07416,0.0431012287735939
test_07417,0.5979123115539551
test_07418,0.9998966455459595
test_07419,0.00042197591392323375
test_07420,1.3108381608617492e-05
test_07421,0.5578380823135376
test_07422,0.9999967813491821
test_07423,0.9999967813491821
test_07424,0.0012861291179433465
test_07425,0.4087482690811157
test_07426,0.010428298264741898
test_07427,0.04381418228149414
test_07428,0.006812666077166796
test_07429,0.4998909533023834
test_07430,3.1475640298594953e-06
test_07431,0.9999967813491821
test_07432,3.1475640298594953e-06
test_07433,0.009113443084061146
test_07434,0.008259804919362068
test_07435,2.799395952024497e-05
test_07436,0.0009463445167057216
test_07437,0.9960744380950928
test_07438,0.9997105002403259
test_07439,0.9871059656143188
test_07440,5.596205483016092e-06
test_07441,0.0031550859566777945
test_07442,0.0001991785829886794
test_07443,0.9999963045120239
test_07444,0.6908367276191711
test_07445,0.45084258913993835
test_07446,3.5963785194326192e-06
test_07447,1.0858799214474857e-05
test_07448,0.004587054718285799
test_07449,0.9999967813491821
test_07450,0.9998751878738403
test_07451,0.9999855756759644
test_07452,0.006289446260780096
test_07453,0.1817714273929596
test_07454,0.9954767823219299
test_07455,0.419657438993454
test_07456,0.999908447265625
test_07457,0.9975282549858093
test_07458,0.9999967813491821
test_07459,0.9999967813491821
test_07460,0.06762169301509857
test_07461,0.9999551773071289
test_07462,0.9916297793388367
test_07463,0.000609152833931148
test_07464,0.1530427634716034
test_07465,0.9999953508377075
test_07466,0.5102936625480652
test_07467,0.9999867677688599
test_07468,0.9999967813491821
test_07469,0.0781746506690979
test_07470,0.9999967813491821
test_07471,0.12052830308675766
test_07472,0.8955897688865662
test_07473,1.5725290722912177e-05
test_07474,0.0025204771663993597
test_07475,0.9949184060096741
test_07476,0.6318559646606445
test_07477,0.008533503860235214
test_07478,0.9976413249969482
test_07479,0.9999967813491821
test_07480,0.0010751293739303946
test_07481,0.0022542686201632023
test_07482,0.9900214076042175
test_07483,0.9999189376831055
test_07484,0.576820433139801
test_07485,0.9999594688415527
test_07486,0.9999791383743286
test_07487,0.1643265336751938
test_07488,4.158789670327678e-05
test_07489,0.9999967813491821
test_07490,0.999683141708374
test_07491,0.09539805352687836
test_07492,0.09538404643535614
test_07493,0.9993842840194702
test_07494,0.9670050144195557
test_07495,0.9999967813491821
test_07496,0.00013839600433129817
test_07497,0.024243859574198723
test_07498,0.3245784640312195
test_07499,0.0012197359465062618
test_07500,0.4410546123981476
test_07501,0.0003605719830375165
test_07502,0.9999959468841553
test_07503,0.00014314176223706454
test_07504,0.14870627224445343
test_07505,0.9997479319572449
test_07506,0.9997548460960388
test_07507,0.2214893102645874
test_07508,0.0015708871651440859
test_07509,0.9999967813491821
test_07510,0.9724021553993225
test_07511,0.9999963045120239
test_07512,9.430322825210169e-05
test_07513,0.999915599822998
test_07514,0.998907208442688
test_07515,0.9999936819076538
test_07516,0.9999967813491821
test_07517,0.9999967813491821
test_07518,0.0015294214244931936
test_07519,0.07655110955238342
test_07520,0.00594102730974555
test_07521,0.0007279074634425342
test_07522,0.9999967813491821
test_07523,1.837146373873111e-05
test_07524,0.44089028239250183
test_07525,0.3640971779823303
test_07526,0.00023330419207923114
test_07527,0.3180006146430969
test_07528,0.9999920129776001
test_07529,0.00037510087713599205
test_07530,0.9999967813491821
test_07531,0.9990264177322388
test_07532,0.9997643828392029
test_07533,0.07207327336072922
test_07534,0.20908306539058685
test_07535,0.20248393714427948
test_07536,0.3201051652431488
test_07537,0.01352041494101286
test_07538,0.05761981010437012
test_07539,0.9999967813491821
test_07540,0.02743028663098812
test_07541,0.9877718687057495
test_07542,0.9990359544754028
test_07543,0.3298875391483307
test_07544,0.9996833801269531
test_07545,0.004190137609839439
test_07546,0.9997630715370178
test_07547,0.9999967813491821
test_07548,0.2860848605632782
test_07549,0.996560275554657
test_07550,0.9999967813491821
test_07551,0.9964730143547058
test_07552,3.759239461942343e-06
test_07553,0.9999967813491821
test_07554,0.9999967813491821
test_07555,3.1475640298594953e-06
test_07556,9.61258847382851e-05
test_07557,0.9999967813491821
test_07558,0.9881068468093872
test_07559,0.9999936819076538
test_07560,0.8299484252929688
test_07561,0.004620064049959183
test_07562,0.6920043230056763
test_07563,0.9999815225601196
test_07564,0.999855637550354
test_07565,0.8978300094604492
test_07566,0.6459030508995056
test_07567,0.010432486422359943
test_07568,0.044479064643383026
test_07569,0.9996722936630249
test_07570,0.5237385034561157
test_07571,0.058589085936546326
test_07572,0.9889316558837891
test_07573,0.9999967813491821
test_07574,0.9998693466186523
test_07575,0.08248502016067505
test_07576,0.003989120479673147
test_07577,0.5664212703704834
test_07578,6.887873496452812e-06
test_07579,4.834739593206905e-05
test_07580,0.9999967813491821
test_07581,0.02427526004612446
test_07582,0.0001675998355494812
test_07583,0.9920964241027832
test_07584,0.9654209017753601
test_07585,0.9842281341552734
test_07586,0.9999940395355225
test_07587,0.7583382725715637
test_07588,0.9994755387306213
test_07589,0.5717089772224426
test_07590,0.0026335620786994696
test_07591,0.9999967813491821
test_07592,0.004636975470930338
test_07593,0.9999768733978271
test_07594,0.20048671960830688
test_07595,0.0018809750908985734
test_07596,1.9986078768852167e-05
test_07597,0.9932450652122498
test_07598,0.986069917678833
test_07599,0.9999967813491821
test_07600,0.6308206915855408
test_07601,0.0005538922850973904
test_07602,0.0004036187019664794
test_07603,0.9999967813491821
test_07604,0.8895778656005859
test_07605,0.03879591450095177
test_07606,4.262543370714411e-05
test_07607,0.029044216498732567
test_07608,0.3045198917388916
test_07609,0.9999953508377075
test_07610,6.851512443972751e-05
test_07611,0.010866519995033741
test_07612,0.00683226203545928
test_07613,0.010915495455265045
test_07614,0.9999865293502808
test_07615,0.999930739402771
test_07616,0.9985896944999695
test_07617,0.8354123830795288
test_07618,0.9999967813491821
test_07619,0.0010216862428933382
test_07620,0.0173158198595047
test_07621,0.02051902748644352
test_07622,0.08592022210359573
test_07623,0.9999853372573853
test_07624,3.0314691684907302e-05
test_07625,0.5336233973503113
test_07626,0.9999967813491821
test_07627,0.9956583976745605
test_07628,0.9999653100967407
test_07629,0.005203998647630215
test_07630,0.9999959468841553
test_07631,0.001861418830230832
test_07632,0.8152332305908203
test_07633,0.12045979499816895
test_07634,0.9997281432151794
test_07635,0.9999898672103882
test_07636,0.00037000913289375603
test_07637,0.9999849796295166
test_07638,0.9999644756317139
test_07639,0.010329507291316986
test_07640,0.019373541697859764
test_07641,0.9972615242004395
test_07642,0.5348500609397888
test_07643,0.9999967813491821
test_07644,0.9988632202148438
test_07645,0.030590688809752464
test_07646,0.7481799721717834
test_07647,0.9999967813491821
test_07648,9.63321053859545e-06
test_07649,0.9998668432235718
test_07650,0.9999967813491821
test_07651,0.9357616305351257
test_07652,0.8975101113319397
test_07653,0.9998728036880493
test_07654,0.9999791383743286
test_07655,0.28100043535232544
test_07656,0.5418157577514648
test_07657,0.9999809265136719
test_07658,0.003278515301644802
test_07659,0.9997677206993103
test_07660,0.8491417765617371
test_07661,0.9999498128890991
test_07662,0.8226146697998047
test_07663,0.20370294153690338
test_07664,9.31399772525765e-05
test_07665,0.034447528421878815
test_07666,0.9999819993972778
test_07667,0.21729782223701477
test_07668,3.1475640298594953e-06
test_07669,0.9999967813491821
test_07670,0.09443744271993637
test_07671,0.002089873654767871
test_07672,0.001629672828130424
test_07673,0.00011349478154443204
test_07674,0.9574849605560303
test_07675,0.0001114781916840002
test_07676,0.027464913204312325
test_07677,0.17434126138687134
test_07678,0.9883772730827332
test_07679,0.004583302885293961
test_07680,0.9999756813049316
test_07681,0.027141856029629707
test_07682,0.2931066155433655
test_07683,0.9998935461044312
test_07684,0.987810492515564
test_07685,0.06134698912501335
test_07686,0.0006492652464658022
test_07687,0.615351140499115
test_07688,0.9996637105941772
test_07689,0.9999966621398926
test_07690,0.9999967813491821
test_07691,0.0021794361528009176
test_07692,0.9999966621398926
test_07693,0.999977707862854
test_07694,0.000355515192495659
test_07695,0.035349007695913315
test_07696,0.20863746106624603
test_07697,0.9998446702957153
test_07698,0.9997377991676331
test_07699,0.6092720031738281
test_07700,0.9998229146003723
test_07701,0.0012659584172070026
test_07702,0.10346391797065735
test_07703,0.9999302625656128
test_07704,0.9998410940170288
test_07705,0.0491788275539875
test_07706,0.9992746710777283
test_07707,0.8139147162437439
test_07708,0.9999967813491821
test_07709,0.9683181643486023
test_07710,0.9999967813491821
test_07711,0.9996945858001709
test_07712,0.20495609939098358
test_07713,2.6845798856811598e-05
test_07714,4.243448711349629e-05
test_07715,0.9998739957809448
test_07716,0.9999825954437256
test_07717,0.0017246551578864455
test_07718,0.1482946276664734
test_07719,0.0012207109248265624
test_07720,0.004619228653609753
test_07721,0.0006885274196974933
test_07722,0.007605697028338909
test_07723,3.1475640298594953e-06
test_07724,0.9999967813491821
test_07725,0.9993847608566284
test_07726,0.9799304008483887
test_07727,0.0024184954818338156
test_07728,0.003704759757965803
test_07729,0.9999359846115112
test_07730,4.974113835487515e-05
test_07731,0.0033573296386748552
test_07732,0.7963320016860962
test_07733,0.9998138546943665
test_07734,0.18892523646354675
test_07735,0.00032830151030793786
test_07736,0.019015999510884285
test_07737,0.9999967813491821
test_07738,0.004256134852766991
test_07739,0.22617973387241364
test_07740,0.000294805591693148
test_07741,0.0019444996723905206
test_07742,0.7803717851638794
test_07743,0.998026430606842
test_07744,0.00020082334231119603
test_07745,0.9999841451644897
test_07746,0.9671196341514587
test_07747,0.377719908952713
test_07748,0.02231977880001068
test_07749,0.9994198083877563
test_07750,0.9997313618659973
test_07751,0.08479373902082443
test_07752,0.010807661339640617
test_07753,0.80724036693573
test_07754,0.0008583025191910565
test_07755,0.03874896466732025
test_07756,0.999131977558136
test_07757,0.0016460606129840016
test_07758,0.038477957248687744
test_07759,0.9997172951698303
test_07760,0.8208613395690918
test_07761,0.9967877864837646
test_07762,0.9986543655395508
test_07763,0.9999967813491821
test_07764,0.9999266862869263
test_07765,0.5525364875793457
test_07766,0.9999967813491821
test_07767,3.1475640298594953e-06
test_07768,0.5160912275314331
test_07769,0.0021075336262583733
test_07770,6.802478310419247e-05
test_07771,0.7434872984886169
test_07772,0.9999967813491821
test_07773,0.9999066591262817
test_07774,0.19969046115875244
test_07775,0.038513459265232086
test_07776,0.4512968361377716
test_07777,0.9999967813491821
test_07778,0.2787652015686035
test_07779,0.9999829530715942
test_07780,0.9479394555091858
test_07781,0.002245265059173107
test_07782,0.0036743413656949997
test_07783,0.00021297199418768287
test_07784,0.0988587886095047
test_07785,0.023132633417844772
test_07786,0.016039371490478516
test_07787,0.9997407793998718
test_07788,0.9999967813491821
test_07789,0.9989633560180664
test_07790,0.16344167292118073
test_07791,0.15579462051391602
test_07792,0.006406725849956274
test_07793,0.0011880774982273579
test_07794,0.00227804365567863
test_07795,0.9576114416122437
test_07796,5.4292822824209e-06
test_07797,0.0005749502452090383
test_07798,0.9999791383743286
test_07799,0.9993341565132141
test_07800,0.34068965911865234
test_07801,9.241519364877604e-06
test_07802,0.9134248495101929
test_07803,0.9999898672103882
test_07804,0.9999895095825195
test_07805,0.04736755043268204
test_07806,0.24689365923404694
test_07807,0.003942042589187622
test_07808,0.0076743848621845245
test_07809,3.4059542031172896e-06
test_07810,0.0003080304304603487
test_07811,0.9996533393859863
test_07812,0.9777620434761047
test_07813,0.9996691942214966
test_07814,0.6574934720993042
test_07815,0.01139346044510603
test_07816,0.004264450632035732
test_07817,0.9999940395355225
test_07818,0.027102556079626083
test_07819,0.9989665746688843
test_07820,0.027664389461278915
test_07821,0.9992544054985046
test_07822,0.03953183442354202
test_07823,0.001105605624616146
test_07824,0.9999967813491821
test_07825,0.9999967813491821
test_07826,0.0013684827135875821
test_07827,0.33925285935401917
test_07828,0.00023941509425640106
test_07829,0.8170062899589539
test_07830,0.33030545711517334
test_07831,0.9999966621398926
test_07832,0.9999967813491821
test_07833,0.9998983144760132
test_07834,0.9817455410957336
test_07835,0.9983614087104797
test_07836,0.09868492931127548
test_07837,0.00013924662198405713
test_07838,0.9999967813491821
test_07839,0.9999889135360718
test_07840,0.9991313815116882
test_07841,4.0980783523991704e-05
test_07842,0.006620402447879314
test_07843,0.00015218938642647117
test_07844,0.9999388456344604
test_07845,0.9999867677688599
test_07846,0.02996673993766308
test_07847,0.9976235032081604
test_07848,2.971745743707288e-05
test_07849,0.9996034502983093
test_07850,0.999981164932251
test_07851,0.2834639549255371
test_07852,0.9666357636451721
test_07853,0.002879667328670621
test_07854,0.9784874320030212
test_07855,0.0033729863353073597
test_07856,0.23302216827869415
test_07857,0.45555248856544495
test_07858,0.2801319658756256
test_07859,0.9999294281005859
test_07860,3.1475640298594953e-06
test_07861,0.006685195956379175
test_07862,0.0003831452631857246
test_07863,0.8770764470100403
test_07864,0.801746129989624
test_07865,0.9996657371520996
test_07866,0.5077447891235352
test_07867,3.1475640298594953e-06
test_07868,0.9999959468841553
test_07869,0.998297393321991
test_07870,0.21712322533130646
test_07871,0.9998732805252075
test_07872,0.8304226398468018
test_07873,0.00028809811919927597
test_07874,0.00032536915387026966
test_07875,0.029792625457048416
test_07876,0.9980134963989258
test_07877,0.003489384427666664
test_07878,0.016000444069504738
test_07879,3.711662793648429e-05
test_07880,0.9999570846557617
test_07881,0.9993914365768433
test_07882,0.9837058782577515
test_07883,0.9987590312957764
test_07884,0.9528927206993103
test_07885,0.9999649524688721
test_07886,0.0014613131061196327
test_07887,0.9999963045120239
test_07888,0.1501794159412384
test_07889,0.9999967813491821
test_07890,0.9964924454689026
test_07891,0.9998267292976379
test_07892,0.9775916934013367
test_07893,0.9979888200759888
test_07894,0.03899206221103668
test_07895,0.9028803706169128
test_07896,0.8776397705078125
test_07897,0.21272218227386475
test_07898,0.9999634027481079
test_07899,0.9999967813491821
test_07900,0.9999730587005615
test_07901,0.9998788833618164
test_07902,0.0037615967448800802
test_07903,0.5076882839202881
test_07904,0.020121600478887558
test_07905,0.9984367489814758
test_07906,0.9256752729415894
test_07907,0.9708643555641174
test_07908,0.00010864651994779706
test_07909,0.9971327781677246
test_07910,0.9879994988441467
test_07911,0.9964815378189087
test_07912,0.0009446992189623415
test_07913,0.001439525280147791
test_07914,0.00012841566058341414
test_07915,0.006148759741336107
test_07916,0.9994233846664429
test_07917,0.002539814682677388
test_07918,0.008294245228171349
test_07919,0.00021991648827679455
test_07920,0.24270407855510712
test_07921,0.999964714050293
test_07922,0.9039365649223328
test_07923,0.9999344348907471
test_07924,0.008567252196371555
test_07925,0.001027769292704761
test_07926,0.0002899227838497609
test_07927,0.9984525442123413
test_07928,0.9922713041305542
test_07929,0.0004550531739369035
test_07930,0.00034607455017976463
test_07931,0.038308750838041306
test_07932,0.9999843835830688
test_07933,0.999686598777771
test_07934,0.1126006543636322
test_07935,0.001392245409078896
test_07936,0.08157563209533691
test_07937,0.5196484923362732
test_07938,0.9998700618743896
test_07939,0.0001996086211875081
test_07940,0.5410340428352356
test_07941,0.35094961524009705
test_07942,0.0009160902118310332
test_07943,0.9999967813491821
test_07944,0.0029471218585968018
test_07945,0.0045730071142315865
test_07946,0.00035101803950965405
test_07947,0.9999967813491821
test_07948,0.7470522522926331
test_07949,0.9999967813491821
test_07950,0.9999855756759644
test_07951,0.004797882400453091
test_07952,0.7986796498298645
test_07953,0.0006266460986807942
test_07954,0.030770927667617798
test_07955,3.647780977189541e-05
test_07956,0.06922509521245956
test_07957,0.8149720430374146
test_07958,0.24879060685634613
test_07959,0.9999967813491821
test_07960,3.1475640298594953e-06
test_07961,0.9999933242797852
test_07962,0.011899100616574287
test_07963,0.9969907999038696
test_07964,0.004216132685542107
test_07965,0.04576287418603897
test_07966,0.9998437166213989
test_07967,0.9999967813491821
test_07968,0.0034943739883601665
test_07969,0.00026871744194068015
test_07970,0.0025566527619957924
test_07971,0.006243368145078421
test_07972,0.8753605484962463
test_07973,8.700228499947116e-05
test_07974,0.9999967813491821
test_07975,0.23519442975521088
test_07976,0.9614539742469788
test_07977,0.03354181721806526
test_07978,0.9999825954437256
test_07979,8.909172174753621e-05
test_07980,0.9187417030334473
test_07981,0.007084426935762167
test_07982,0.005221559666097164
test_07983,0.0060684639029204845
test_07984,0.9602933526039124
test_07985,0.9999967813491821
test_07986,0.016483064740896225
test_07987,1.5836158127058297e-05
test_07988,0.4090438783168793
test_07989,6.016172392264707e-06
test_07990,0.7456948161125183
test_07991,0.9996808767318726
test_07992,0.17129717767238617
test_07993,0.9999967813491821
test_07994,0.7632974982261658
test_07995,0.9949465394020081
test_07996,0.9998663663864136
test_07997,0.9999967813491821
test_07998,0.999757707118988
test_07999,0.9999598264694214
test_08000,0.03724148869514465
test_08001,0.00031526436214335263
test_08002,0.05343836918473244
test_08003,0.9882910847663879
test_08004,0.00015624167281202972
test_08005,0.9999498128890991
test_08006,0.9964110255241394
test_08007,0.004768005572259426
test_08008,0.9999759197235107
test_08009,0.43889403343200684
test_08010,0.9999967813491821
test_08011,0.9999771118164062
test_08012,0.9998328685760498
test_08013,0.0001519094075774774
test_08014,0.059424810111522675
test_08015,4.660848208004609e-05
test_08016,0.9996449947357178
test_08017,0.6548100709915161
test_08018,0.9999929666519165
test_08019,0.999955415725708
test_08020,0.9999967813491821
test_08021,0.529102623462677
test_08022,0.009991928935050964
test_08023,0.04365527257323265
test_08024,0.019629407674074173
test_08025,0.9978844523429871
test_08026,0.9999967813491821
test_08027,0.010553695261478424
test_08028,0.3823860287666321
test_08029,0.9957691431045532
test_08030,0.5016049146652222
test_08031,0.014291571453213692
test_08032,0.9990934133529663
test_08033,0.017594439908862114
test_08034,0.9999967813491821
test_08035,9.950194362318143e-05
test_08036,0.9993124008178711
test_08037,0.016599731519818306
test_08038,0.999362051486969
test_08039,0.9999946355819702
test_08040,0.9999722242355347
test_08041,0.9109196662902832
test_08042,0.9999967813491821
test_08043,0.09860106557607651
test_08044,0.07110834121704102
test_08045,0.663736879825592
test_08046,0.0041775950230658054
test_08047,6.806057626818074e-06
test_08048,0.016372816637158394
test_08049,0.9987908005714417
test_08050,0.010887867771089077
test_08051,0.0020893230102956295
test_08052,0.9996923208236694
test_08053,0.9227747917175293
test_08054,0.19322854280471802
test_08055,0.9999728202819824
test_08056,0.9993653893470764
test_08057,0.011849787086248398
test_08058,0.029821528121829033
test_08059,0.001123368158005178
test_08060,0.9999967813491821
test_08061,0.7825675010681152
test_08062,0.999932050704956
test_08063,0.7255164384841919
test_08064,0.664655864238739
test_08065,0.9999967813491821
test_08066,0.007355690933763981
test_08067,0.9998661279678345
test_08068,0.9198224544525146
test_08069,0.9905474781990051
test_08070,0.0002143568854080513
test_08071,0.999893069267273
test_08072,0.0034526993986219168
test_08073,0.8851151466369629
test_08074,0.12549644708633423
test_08075,0.9999966621398926
test_08076,5.114417945151217e-05
test_08077,0.003656169166788459
test_08078,0.4398201107978821
test_08079,0.0009052105597220361
test_08080,0.9994369149208069
test_08081,0.010477215982973576
test_08082,0.0003421864239498973
test_08083,0.9995328187942505
test_08084,0.3814913034439087
test_08085,0.008092149160802364
test_08086,0.005076476372778416
test_08087,0.9997182488441467
test_08088,0.9999967813491821
test_08089,0.010850676335394382
test_08090,0.043433334678411484
test_08091,0.9999967813491821
test_08092,0.9999099969863892
test_08093,0.7680931687355042
test_08094,0.002216906752437353
test_08095,0.9999545812606812
test_08096,0.0009155499865300953
test_08097,0.994827926158905
test_08098,0.005935071036219597
test_08099,0.00279708462767303
test_08100,0.9999967813491821
test_08101,2.437109469610732e-05
test_08102,0.18010951578617096
test_08103,0.9981843829154968
test_08104,0.0022474953439086676
test_08105,0.9999967813491821
test_08106,0.9999598264694214
test_08107,0.9986985921859741
test_08108,2.6374160370323807e-05
test_08109,0.9970710277557373
test_08110,0.9999865293502808
test_08111,0.0036383436527103186
test_08112,0.9999967813491821
test_08113,0.1847027689218521
test_08114,0.051334161311388016
test_08115,6.518312875414267e-05
test_08116,0.9999967813491821
test_08117,0.5147724747657776
test_08118,0.569584310054779
test_08119,0.3611479103565216
test_08120,0.00031212178873829544
test_08121,0.001383246504701674
test_08122,0.999790608882904
test_08123,0.8558981418609619
test_08124,0.993327260017395
test_08125,0.9997871518135071
test_08126,0.012098618783056736
test_08127,0.0010246762540191412
test_08128,0.5229289531707764
test_08129,0.010865527205169201
test_08130,0.07954132556915283
test_08131,0.9999953508377075
test_08132,0.00044491674634628
test_08133,0.023482516407966614
test_08134,0.0034969239495694637
test_08135,0.34784242510795593
test_08136,0.9999967813491821
test_08137,0.0004492229491006583
test_08138,3.1475640298594953e-06
test_08139,0.9999831914901733
test_08140,0.9972284436225891
test_08141,0.9998446702957153
test_08142,0.9999967813491821
test_08143,0.9104114174842834
test_08144,0.9956395626068115
test_08145,0.00013284847955219448
test_08146,0.9896174669265747
test_08147,0.5847609043121338
test_08148,0.7167906761169434
test_08149,0.7639103531837463
test_08150,0.9886721968650818
test_08151,0.9994584918022156
test_08152,0.01915861666202545
test_08153,0.9803552627563477
test_08154,0.2046518623828888
test_08155,0.42432233691215515
test_08156,0.02861531265079975
test_08157,0.30918726325035095
test_08158,0.00024148249940481037
test_08159,0.9999691247940063
test_08160,0.9999967813491821
test_08161,0.9813249707221985
test_08162,0.102192223072052
test_08163,0.9999967813491821
test_08164,0.0006827032193541527
test_08165,0.2756374180316925
test_08166,0.03820892795920372
test_08167,0.49471399188041687
test_08168,0.9999967813491821
test_08169,0.9977391958236694
test_08170,0.006192529574036598
test_08171,0.9997093081474304
test_08172,0.8696458339691162
test_08173,0.0038119181990623474
test_08174,0.01872398890554905
test_08175,0.9999966621398926
test_08176,0.9998090863227844
test_08177,0.9999967813491821
test_08178,0.9948622584342957
test_08179,0.9969462752342224
test_08180,2.4344195480807684e-05
test_08181,0.009779466316103935
test_08182,0.010867157019674778
test_08183,0.9999068975448608
test_08184,0.9999855756759644
test_08185,0.939049482345581
test_08186,0.9968534111976624
test_08187,0.8947709202766418
test_08188,0.0009041193407028913
test_08189,0.00015244165842887014
test_08190,0.0821109414100647
test_08191,0.9996592998504639
test_08192,0.9999967813491821
test_08193,0.9999967813491821
test_08194,0.7226013541221619
test_08195,0.0009223936940543354
test_08196,0.00022760256251785904
test_08197,0.9999967813491821
test_08198,0.9991496801376343
test_08199,3.9776118683221284e-06
test_08200,0.9999598264694214
test_08201,9.490593947703019e-05
test_08202,0.9984971284866333
test_08203,0.998521625995636
test_08204,0.9933037161827087
test_08205,0.9991206526756287
test_08206,0.2635272741317749
test_08207,0.9999967813491821
test_08208,0.7309282422065735
test_08209,0.036971524357795715
test_08210,0.00038784899516031146
test_08211,0.002847021911293268
test_08212,0.9999967813491821
test_08213,0.9999967813491821
test_08214,8.950847404776141e-05
test_08215,1.1655840353341773e-05
test_08216,4.581786470225779e-06
test_08217,0.9994125366210938
test_08218,0.9996215105056763
test_08219,0.8004055619239807
test_08220,0.01929578371345997
test_08221,5.918388342252001e-05
test_08222,0.9996745586395264
test_08223,0.0006392666255123913
test_08224,0.020141052082180977
test_08225,0.007433099206537008
test_08226,0.9998179078102112
test_08227,0.9998624324798584
test_08228,0.9999967813491821
test_08229,0.0006443564780056477
test_08230,0.9892538785934448
test_08231,3.1475640298594953e-06
test_08232,0.0006301031680777669
test_08233,0.0007563701365143061
test_08234,0.00015097210416570306
test_08235,0.004341159947216511
test_08236,0.01795903407037258
test_08237,0.9999967813491821
test_08238,0.9999967813491821
test_08239,0.9999861717224121
test_08240,0.5007059574127197
test_08241,0.8726416230201721
test_08242,0.9999936819076538
test_08243,0.0003505473432596773
test_08244,0.9774953722953796
test_08245,7.870493573136628e-05
test_08246,0.9872649908065796
test_08247,0.6972012519836426
test_08248,0.6618230938911438
test_08249,0.9999966621398926
test_08250,0.7531746625900269
test_08251,0.9998076558113098
test_08252,0.9999967813491821
test_08253,0.001971663674339652
test_08254,0.9995321035385132
test_08255,1.710806282062549e-05
test_08256,0.09220942854881287
test_08257,0.023062098771333694
test_08258,0.9997043013572693
test_08259,0.9976004958152771
test_08260,0.9807970523834229
test_08261,0.9999048709869385
test_08262,0.9999043941497803
test_08263,0.9999967813491821
test_08264,0.9994837045669556
test_08265,0.9947425127029419
test_08266,0.9997184872627258
test_08267,0.002800086745992303
test_08268,0.02925552986562252
test_08269,0.9997543692588806
test_08270,4.4374788558343425e-05
test_08271,0.9922810196876526
test_08272,0.9885857701301575
test_08273,0.999881386756897
test_08274,0.9987877011299133
test_08275,0.3619466722011566
test_08276,0.9999959468841553
test_08277,1.8061446098727174e-05
test_08278,0.0016341046430170536
test_08279,0.6408076286315918
test_08280,0.019180985167622566
test_08281,0.9047762751579285
test_08282,0.9844108819961548
test_08283,0.9989256262779236
test_08284,0.9999079704284668
test_08285,0.9999967813491821
test_08286,0.0031135976314544678
test_08287,0.417961984872818
test_08288,0.0034503855276852846
test_08289,4.799629095941782e-05
test_08290,0.04251740872859955
test_08291,0.08359375596046448
test_08292,6.912335084052756e-05
test_08293,0.9977245926856995
test_08294,0.1979619264602661
test_08295,0.9999783039093018
test_08296,0.9999759197235107
test_08297,0.9999967813491821
test_08298,0.006896038539707661
test_08299,3.1475640298594953e-06
test_08300,0.9999936819076538
test_08301,0.3263069689273834
test_08302,0.9998422861099243
test_08303,0.9998148083686829
test_08304,0.9895744919776917
test_08305,0.8991933465003967
test_08306,0.0009742554975673556
test_08307,0.9960278272628784
test_08308,0.9999886751174927
test_08309,0.11299103498458862
test_08310,0.9993690848350525
test_08311,0.6090607047080994
test_08312,0.9999005794525146
test_08313,0.9999567270278931
test_08314,0.00010546355770202354
test_08315,0.9999967813491821
test_08316,0.9999959468841553
test_08317,0.9997876286506653
test_08318,0.44428399205207825
test_08319,0.9998483657836914
test_08320,0.9959757924079895
test_08321,0.2810772657394409
test_08322,0.9996145963668823
test_08323,0.9999880790710449
test_08324,0.9732754826545715
test_08325,0.9993762373924255
test_08326,0.015247776173055172
test_08327,0.009703513234853745
test_08328,0.02121746353805065
test_08329,0.9999302625656128
test_08330,0.9997965693473816
test_08331,0.9999963045120239
test_08332,0.0010739071294665337
test_08333,0.005537453573197126
test_08334,0.9999867677688599
test_08335,0.12031389027833939
test_08336,0.9898937344551086
test_08337,0.9999500513076782
test_08338,0.9999959468841553
test_08339,0.0039011752232909203
test_08340,3.1475640298594953e-06
test_08341,0.9998742341995239
test_08342,0.00032050840673036873
test_08343,0.9169202446937561
test_08344,0.9996788501739502
test_08345,0.9999967813491821
test_08346,0.004010885953903198
test_08347,0.02507380209863186
test_08348,0.9999967813491821
test_08349,3.816598473349586e-05
test_08350,0.9998610019683838
test_08351,0.999640703201294
test_08352,0.10898664593696594
test_08353,0.9999967813491821
test_08354,3.1475640298594953e-06
test_08355,0.9999041557312012
test_08356,0.884010374546051
test_08357,0.02432181127369404
test_08358,0.9999678134918213
test_08359,0.9990085959434509
test_08360,0.9999181032180786
test_08361,0.5822412371635437
test_08362,2.3404170860885642e-05
test_08363,0.9999967813491821
test_08364,0.05559096857905388
test_08365,0.21606242656707764
test_08366,0.9009785056114197
test_08367,0.9921461939811707
test_08368,0.9999967813491821
test_08369,0.0004172915068920702
test_08370,0.9999963045120239
test_08371,0.002705987077206373
test_08372,0.008167288266122341
test_08373,0.9999967813491821
test_08374,0.999985933303833
test_08375,0.0007458447944372892
test_08376,0.9999886751174927
test_08377,0.9694226384162903
test_08378,0.9979724287986755
test_08379,0.9999278783798218
test_08380,0.9999967813491821
test_08381,0.9999967813491821
test_08382,0.9808204174041748
test_08383,0.003356634173542261
test_08384,0.015764083713293076
test_08385,2.151794069504831e-05
test_08386,3.0904149753041565e-05
test_08387,0.001239969045855105
test_08388,7.378472673735814e-06
test_08389,0.9993128776550293
test_08390,0.0003644489625003189
test_08391,0.038346488028764725
test_08392,0.9999963045120239
test_08393,0.9999483823776245
test_08394,0.11764355003833771
test_08395,0.004175222013145685
test_08396,0.02153070643544197
test_08397,0.030627362430095673
test_08398,0.9999773502349854
test_08399,0.22632934153079987
test_08400,1.2601658454514109e-05
test_08401,0.007393017411231995
test_08402,0.05452924594283104
test_08403,0.0015688929706811905
test_08404,0.9964312314987183
test_08405,0.00026397473993711174
test_08406,0.001202064799144864
test_08407,0.9999967813491821
test_08408,0.21380136907100677
test_08409,0.01700715348124504
test_08410,0.983370304107666
test_08411,0.9999725818634033
test_08412,0.9999243021011353
test_08413,8.496433110849466e-06
test_08414,0.0012415715027600527
test_08415,1.2876033906650264e-05
test_08416,0.9999967813491821
test_08417,0.9605657458305359
test_08418,0.9987609386444092
test_08419,0.05892352759838104
test_08420,0.9897651672363281
test_08421,0.01946401409804821
test_08422,0.9983959794044495
test_08423,0.9999967813491821
test_08424,0.002020543208345771
test_08425,0.08530479669570923
test_08426,0.09990634769201279
test_08427,0.9998875856399536
test_08428,0.9999967813491821
test_08429,0.009495369158685207
test_08430,0.9680516719818115
test_08431,0.24542520940303802
test_08432,0.0002568535855971277
test_08433,0.15973110496997833
test_08434,0.9997500777244568
test_08435,0.7569195628166199
test_08436,0.9999521970748901
test_08437,1.0339897926314734e-05
test_08438,0.9999394416809082
test_08439,0.9844614863395691
test_08440,0.9999967813491821
test_08441,0.00032948044827207923
test_08442,0.9992062449455261
test_08443,0.0009295159834437072
test_08444,0.0029551140032708645
test_08445,0.9999436140060425
test_08446,0.16572758555412292
test_08447,0.7698866724967957
test_08448,0.9391468167304993
test_08449,0.9958456158638
test_08450,0.9807563424110413
test_08451,5.0915899919345975e-05
test_08452,0.004826745949685574
test_08453,0.0027139720041304827
test_08454,0.04966375604271889
test_08455,0.9987123012542725
test_08456,0.9999401569366455
test_08457,0.9962403774261475
test_08458,5.62630657441332e-06
test_08459,0.9999773502349854
test_08460,0.9999936819076538
test_08461,0.0001726704795146361
test_08462,0.014804000034928322
test_08463,0.9999908208847046
test_08464,0.0036254781298339367
test_08465,0.9999967813491821
test_08466,0.001218121382407844
test_08467,0.0009527072543278337
test_08468,0.9999479055404663
test_08469,0.0006685800617560744
test_08470,6.910817319294438e-06
test_08471,0.022183986380696297
test_08472,0.9999819993972778
test_08473,9.931615204550326e-05
test_08474,0.9999940395355225
test_08475,0.00027168175438418984
test_08476,0.9999867677688599
test_08477,0.9999697208404541
test_08478,0.9958659410476685
test_08479,0.16818562150001526
test_08480,0.1722990870475769
test_08481,0.007779126521199942
test_08482,0.9999967813491821
test_08483,0.4197077453136444
test_08484,0.9998784065246582
test_08485,0.35684236884117126
test_08486,0.999881386756897
test_08487,0.9748904705047607
test_08488,0.8520674109458923
test_08489,0.025359870865941048
test_08490,0.9999657869338989
test_08491,0.9996700286865234
test_08492,0.999991774559021
test_08493,0.6560136079788208
test_08494,0.7175996899604797
test_08495,0.09949309378862381
test_08496,0.4198371469974518
test_08497,0.9998998641967773
test_08498,0.006135713309049606
test_08499,0.9428354501724243
test_08500,0.9997289776802063
test_08501,0.07701341807842255
test_08502,0.9995076656341553
test_08503,0.0010962082305923104
test_08504,0.9998693466186523
test_08505,0.00018723224638961256
test_08506,0.5537973046302795
test_08507,0.007954534143209457
test_08508,0.9992753863334656
test_08509,0.9984577894210815
test_08510,0.9988634586334229
test_08511,0.049236442893743515
test_08512,0.9872341752052307
test_08513,0.9999953508377075
test_08514,0.0007354708504863083
test_08515,0.9999967813491821
test_08516,0.9998342990875244
test_08517,0.9999967813491821
test_08518,0.9999266862869263
test_08519,0.999665379524231
test_08520,0.014165231958031654
test_08521,3.9332382584689185e-05
test_08522,0.08229837566614151
test_08523,3.1475640298594953e-06
test_08524,2.293933903274592e-05
test_08525,0.9816363453865051
test_08526,0.007832265459001064
test_08527,0.1637674868106842
test_08528,0.0005595333059318364
test_08529,0.9999189376831055
test_08530,0.0006303813424892724
test_08531,0.15039150416851044
test_08532,0.9999661445617676
test_08533,0.9997276663780212
test_08534,0.06961867213249207
test_08535,0.9999399185180664
test_08536,2.2885191356181167e-05
test_08537,0.9991372227668762
test_08538,0.9989498257637024
test_08539,0.8983710408210754
test_08540,0.9999372959136963
test_08541,0.0002832024183589965
test_08542,0.9998542070388794
test_08543,0.019221583381295204
test_08544,0.9999929666519165
test_08545,0.9999138116836548
test_08546,0.896546483039856
test_08547,0.9999302625656128
test_08548,0.010158082470297813
test_08549,0.0021094288676977158
test_08550,0.9999967813491821
test_08551,0.9998769760131836
test_08552,0.9077656865119934
test_08553,0.9969492554664612
test_08554,3.1475640298594953e-06
test_08555,0.9999966621398926
test_08556,2.2040945623302832e-05
test_08557,0.0006739120581187308
test_08558,0.0013525994727388024
test_08559,0.9999967813491821
test_08560,0.17148905992507935
test_08561,0.9997223019599915
test_08562,0.9884010553359985
test_08563,8.335649908985943e-05
test_08564,1.3641410077980254e-05
test_08565,0.9999638795852661
test_08566,0.9999967813491821
test_08567,0.8556833863258362
test_08568,0.9999967813491821
test_08569,0.01848657988011837
test_08570,0.0016471941489726305
test_08571,0.0004426153318490833
test_08572,0.9965066313743591
test_08573,0.9999966621398926
test_08574,0.00024210791161749512
test_08575,0.9993396401405334
test_08576,0.9921194314956665
test_08577,0.9999967813491821
test_08578,0.0005281628691591322
test_08579,0.999881386756897
test_08580,0.9998688697814941
test_08581,0.9964654445648193
test_08582,0.01641264371573925
test_08583,0.001015844289213419
test_08584,0.09199849516153336
test_08585,0.1377059817314148
test_08586,0.9409691095352173
test_08587,0.0032822510693222284
test_08588,0.9999959468841553
test_08589,0.29863715171813965
test_08590,0.9997733235359192
test_08591,3.1475640298594953e-06
test_08592,0.969691812992096
test_08593,0.00887402705848217
test_08594,0.005253476556390524
test_08595,0.9714213609695435
test_08596,0.9985231757164001
test_08597,0.9288055896759033
test_08598,0.9906063079833984
test_08599,0.537662923336029
test_08600,0.9980044960975647
test_08601,0.9999949932098389
test_08602,0.9999967813491821
test_08603,0.9999967813491821
test_08604,0.9999914169311523
test_08605,0.07335157692432404
test_08606,0.9999967813491821
test_08607,0.999870777130127
test_08608,0.7043690085411072
test_08609,0.08905599266290665
test_08610,0.7978091835975647
test_08611,0.0041824327781796455
test_08612,0.9999967813491821
test_08613,0.8285966515541077
test_08614,0.9992326498031616
test_08615,0.2715500593185425
test_08616,0.9999959468841553
test_08617,0.00747150182723999
test_08618,0.05011431500315666
test_08619,0.9979695677757263
test_08620,0.9996497631072998
test_08621,0.9999967813491821
test_08622,0.9989722967147827
test_08623,0.20508559048175812
test_08624,0.9999313354492188
test_08625,0.9999545812606812
test_08626,0.6035324931144714
test_08627,0.0016605453565716743
test_08628,0.9999967813491821
test_08629,0.003653746796771884
test_08630,0.9999861717224121
test_08631,0.13536928594112396
test_08632,0.00749500747770071
test_08633,0.9999967813491821
test_08634,0.9999967813491821
test_08635,0.9995404481887817
test_08636,0.08740420639514923
test_08637,0.9883983731269836
test_08638,0.9999967813491821
test_08639,6.257415407162625e-06
test_08640,0.23396138846874237
test_08641,0.3469342887401581
test_08642,0.9999967813491821
test_08643,0.07422579824924469
test_08644,0.9999967813491821
test_08645,0.0026409158017486334
test_08646,0.0543091855943203
test_08647,0.0068489741533994675
test_08648,0.0003971705154981464
test_08649,0.9999967813491821
test_08650,0.9994989633560181
test_08651,0.9994457364082336
test_08652,0.9844755530357361
test_08653,0.9998823404312134
test_08654,1.1828917195089161e-05
test_08655,0.9961269497871399
test_08656,0.035771459341049194
test_08657,0.9999967813491821
test_08658,0.9999394416809082
test_08659,6.908532668603584e-05
test_08660,0.05546162649989128
test_08661,0.8823737502098083
test_08662,3.1475640298594953e-06
test_08663,2.2463245841208845e-05
test_08664,3.1475640298594953e-06
test_08665,3.277810537838377e-05
test_08666,0.999981164932251
test_08667,0.9999061822891235
test_08668,0.999977707862854
test_08669,0.9999966621398926
test_08670,0.9952877759933472
test_08671,0.9956011772155762
test_08672,0.9997581839561462
test_08673,0.9999967813491821
test_08674,0.9999967813491821
test_08675,0.2553196847438812
test_08676,0.9950727820396423
test_08677,0.9999196529388428
test_08678,0.9999041557312012
test_08679,0.999931812286377
test_08680,0.9997965693473816
test_08681,0.0007939367787912488
test_08682,0.33319181203842163
test_08683,0.9967150688171387
test_08684,0.49766242504119873
test_08685,0.998917818069458
test_08686,0.9999600648880005
test_08687,0.0016853807028383017
test_08688,0.9998774528503418
test_08689,0.9999967813491821
test_08690,0.007229309994727373
test_08691,0.9996292591094971
test_08692,0.9998090863227844
test_08693,0.0032105979043990374
test_08694,0.03965619578957558
test_08695,0.9999946355819702
test_08696,0.0011403380194678903
test_08697,0.006228822749108076
test_08698,0.9937688112258911
test_08699,0.48571962118148804
test_08700,0.9999359846115112
test_08701,0.9999967813491821
test_08702,0.00026740707107819617
test_08703,0.564384937286377
test_08704,5.88922421229654e-06
test_08705,0.0014859098009765148
test_08706,0.008328496478497982
test_08707,0.999805748462677
test_08708,0.990929901599884
test_08709,0.9998533725738525
test_08710,2.8369158826535568e-05
test_08711,0.9994931221008301
test_08712,2.0843270249315538e-05
test_08713,0.9999455213546753
test_08714,0.9998918771743774
test_08715,0.0015411620261147618
test_08716,0.9999933242797852
test_08717,0.9529560208320618
test_08718,0.9652419686317444
test_08719,0.9971923232078552
test_08720,0.9999967813491821
test_08721,0.9999967813491821
test_08722,0.9999940395355225
test_08723,0.9999927282333374
test_08724,0.04537826031446457
test_08725,0.9999809265136719
test_08726,0.9999967813491821
test_08727,0.9949851036071777
test_08728,0.006358748767524958
test_08729,0.6633476614952087
test_08730,0.012002849020063877
test_08731,0.9999949932098389
test_08732,0.5795196890830994
test_08733,0.00017567587201483548
test_08734,0.9986379742622375
test_08735,0.2671448886394501
test_08736,0.9999967813491821
test_08737,0.0027237467002123594
test_08738,0.6178686022758484
test_08739,0.001822308637201786
test_08740,0.0008789074490778148
test_08741,0.06443475186824799
test_08742,0.7481841444969177
test_08743,0.28588229417800903
test_08744,0.9928343296051025
test_08745,0.9997655749320984
test_08746,0.0016507203690707684
test_08747,0.9999966621398926
test_08748,0.17307987809181213
test_08749,0.0011188186472281814
test_08750,0.9997500777244568
test_08751,0.061084698885679245
test_08752,0.0010364005574956536
test_08753,0.9938641786575317
test_08754,0.0006635477184318006
test_08755,0.9999793767929077
test_08756,0.9999892711639404
test_08757,0.9999967813491821
test_08758,0.0011882875114679337
test_08759,3.1475640298594953e-06
test_08760,0.00039602062315680087
test_08761,0.9916046261787415
test_08762,0.999164342880249
test_08763,0.01840493083000183
test_08764,0.9586815237998962
test_08765,0.46083807945251465
test_08766,0.9999691247940063
test_08767,0.00891368743032217
test_08768,0.9989814162254333
test_08769,0.0005049692117609084
test_08770,0.9984731078147888
test_08771,0.9931665062904358
test_08772,0.00263571715913713
test_08773,0.0045025162398815155
test_08774,0.0031319078989326954
test_08775,0.964762270450592
test_08776,0.9999967813491821
test_08777,0.0003756095247808844
test_08778,0.9988154172897339
test_08779,0.8947225213050842
test_08780,0.132697194814682
test_08781,0.9999791383743286
test_08782,0.5290947556495667
test_08783,0.9999898672103882
test_08784,0.9721572399139404
test_08785,0.004992264322936535
test_08786,0.997444748878479
test_08787,0.01867080293595791
test_08788,0.0172328669577837
test_08789,0.8745779395103455
test_08790,0.011029085144400597
test_08791,0.00033360207453370094
test_08792,0.011430272832512856
test_08793,0.7758469581604004
test_08794,0.00035024070530198514
test_08795,0.9999967813491821
test_08796,0.9999880790710449
test_08797,0.7131286859512329
test_08798,0.9999691247940063
test_08799,0.9951443076133728
test_08800,0.9999773502349854
test_08801,0.999864935874939
test_08802,0.9971340894699097
test_08803,0.9999889135360718
test_08804,0.04977511614561081
test_08805,0.9999513626098633
test_08806,0.9923248291015625
test_08807,0.011290250346064568
test_08808,0.9999967813491821
test_08809,0.9995506405830383
test_08810,0.0035023002419620752
test_08811,0.999897837638855
test_08812,0.05981491133570671
test_08813,0.9999074935913086
test_08814,0.00010054732410935685
test_08815,2.800429138005711e-05
test_08816,0.0011196043342351913
test_08817,0.999955415725708
test_08818,0.0037800343707203865
test_08819,0.9999895095825195
test_08820,0.9996163845062256
test_08821,0.0849190279841423
test_08822,0.9999967813491821
test_08823,0.3570694923400879
test_08824,0.062363266944885254
test_08825,0.9255557656288147
test_08826,0.00019607905414886773
test_08827,0.9999300241470337
test_08828,0.9992863535881042
test_08829,0.7813199162483215
test_08830,0.9999929666519165
test_08831,0.9208035469055176
test_08832,0.005621680989861488
test_08833,0.9999357461929321
test_08834,0.7717685699462891
test_08835,0.9971311092376709
test_08836,0.06449337303638458
test_08837,0.9388540387153625
test_08838,0.9643571376800537
test_08839,0.9987832903862
test_08840,0.9958413243293762
test_08841,0.9995445609092712
test_08842,0.09224633872509003
test_08843,0.9994994401931763
test_08844,0.001836296753026545
test_08845,0.00012237024202477187
test_08846,0.9991815686225891
test_08847,0.9996235370635986
test_08848,0.0001335955603281036
test_08849,0.1125473901629448
test_08850,0.9999967813491821
test_08851,2.6918529329122975e-05
test_08852,0.0005076728411950171
test_08853,0.999395489692688
test_08854,0.999839186668396
test_08855,0.9944959282875061
test_08856,0.8981117606163025
test_08857,0.9996737241744995
test_08858,0.9980514049530029
test_08859,0.00014481652760878205
test_08860,0.9998793601989746
test_08861,0.9970369338989258
test_08862,0.13847734034061432
test_08863,0.45747554302215576
test_08864,0.9941739439964294
test_08865,0.0061165024526417255
test_08866,0.9999967813491821
test_08867,0.9999222755432129
test_08868,0.002629024675115943
test_08869,0.8570060133934021
test_08870,0.9991043210029602
test_08871,0.9999967813491821
test_08872,0.04395417124032974
test_08873,0.9990463852882385
test_08874,0.013700284995138645
test_08875,0.9998210072517395
test_08876,0.9999892711639404
test_08877,0.9932687878608704
test_08878,0.9995312690734863
test_08879,0.9958922863006592
test_08880,0.9973553419113159
test_08881,0.9963504076004028
test_08882,0.03516251593828201
test_08883,0.07830579578876495
test_08884,0.9999904632568359
test_08885,0.08974020928144455
test_08886,5.230570877756691e-06
test_08887,0.01169256865978241
test_08888,0.8778860569000244
test_08889,0.9999549388885498
test_08890,0.5606254935264587
test_08891,0.021249813959002495
test_08892,0.09934283047914505
test_08893,0.0036286816466599703
test_08894,0.9999502897262573
test_08895,0.6003889441490173
test_08896,0.9999877214431763
test_08897,1.6841997421579435e-05
test_08898,0.999983549118042
test_08899,0.030391646549105644
test_08900,0.9861444234848022
test_08901,0.9999967813491821
test_08902,0.9994783997535706
test_08903,0.9977108240127563
test_08904,0.9994542002677917
test_08905,0.9981005787849426
test_08906,0.9999837875366211
test_08907,0.999690055847168
test_08908,0.9999967813491821
test_08909,0.0031160542275756598
test_08910,0.0016153642209246755
test_08911,0.9999908208847046
test_08912,0.003200873266905546
test_08913,0.29287150502204895
test_08914,8.960120794654358e-06
test_08915,0.41619718074798584
test_08916,0.9998512268066406
test_08917,0.9999967813491821
test_08918,0.9999849796295166
test_08919,0.9954708814620972
test_08920,0.00037036219146102667
test_08921,0.8256067037582397
test_08922,0.000712190754711628
test_08923,0.9848647117614746
test_08924,0.9999967813491821
test_08925,0.9999967813491821
test_08926,0.03299243375658989
test_08927,0.05021974444389343
test_08928,0.26254427433013916
test_08929,0.999955415725708
test_08930,0.9999967813491821
test_08931,0.002536613028496504
test_08932,0.5801432728767395
test_08933,0.8755552172660828
test_08934,0.8264175057411194
test_08935,0.9992278814315796
test_08936,0.9999768733978271
test_08937,0.999230146408081
test_08938,0.9999803304672241
test_08939,3.1475640298594953e-06
test_08940,0.0027868184261024
test_08941,0.021014345809817314
test_08942,0.968940019607544
test_08943,0.9961333274841309
test_08944,0.8966835141181946
test_08945,0.9999967813491821
test_08946,0.9984186887741089
test_08947,0.9752205014228821
test_08948,0.9999479055404663
test_08949,0.6628245115280151
test_08950,0.32444432377815247
test_08951,0.9999967813491821
test_08952,0.9999895095825195
test_08953,0.9999953508377075
test_08954,0.9993990659713745
test_08955,0.9999886751174927
test_08956,0.9990037083625793
test_08957,0.00029239023569971323
test_08958,0.9220232367515564
test_08959,0.004052401520311832
test_08960,0.9920024871826172
test_08961,0.0402657724916935
test_08962,0.006440112832933664
test_08963,0.23697516322135925
test_08964,0.0009119053720496595
test_08965,0.12171058356761932
test_08966,0.9998478889465332
test_08967,4.910820280201733e-05
test_08968,0.9966959953308105
test_08969,0.00040397632983513176
test_08970,0.9999500513076782
test_08971,1.5255877769959625e-05
test_08972,3.1475640298594953e-06
test_08973,0.9988609552383423
test_08974,0.007306460756808519
test_08975,0.7248192429542542
test_08976,0.0007030847482383251
test_08977,0.9955511093139648
test_08978,0.5149620771408081
test_08979,0.9999967813491821
test_08980,0.9999508857727051
test_08981,0.9999967813491821
test_08982,0.9999955892562866
test_08983,0.9854458570480347
test_08984,0.08689367771148682
test_08985,0.0003969593090005219
test_08986,0.9997944235801697
test_08987,0.0007639304967597127
test_08988,5.824492109240964e-05
test_08989,0.9973141551017761
test_08990,0.0001640842092456296
test_08991,0.0006178051116876304
test_08992,0.2525717318058014
test_08993,0.3808460831642151
test_08994,0.9999016523361206
test_08995,3.1475640298594953e-06
test_08996,0.9999837875366211
test_08997,0.9990456700325012
test_08998,0.9982782602310181
test_08999,0.9821752905845642
test_09000,0.9988710284233093
test_09001,0.47744491696357727
test_09002,0.004278805572539568
test_09003,0.999863862991333
test_09004,0.001639762194827199
test_09005,0.9999946355819702
test_09006,0.9999967813491821
test_09007,0.9334375262260437
test_09008,0.39308521151542664
test_09009,0.9075167179107666
test_09010,0.9999754428863525
test_09011,1.6600333765381947e-05
test_09012,0.9995713829994202
test_09013,0.9999967813491821
test_09014,0.10756518691778183
test_09015,0.9634020924568176
test_09016,0.9924426078796387
test_09017,0.999413013458252
test_09018,0.9999967813491821
test_09019,0.9999967813491821
test_09020,0.02253205142915249
test_09021,0.26394954323768616
test_09022,0.9999097585678101
test_09023,0.0001723017485346645
test_09024,0.9999967813491821
test_09025,0.9999841451644897
test_09026,0.9999967813491821
test_09027,0.9932450652122498
test_09028,0.9971477389335632
test_09029,0.000959465280175209
test_09030,0.9999383687973022
test_09031,0.00031965342350304127
test_09032,0.9999483823776245
test_09033,0.973164975643158
test_09034,0.00017755423323251307
test_09035,0.0019282721914350986
test_09036,0.0009074873523786664
test_09037,8.44831665745005e-05
test_09038,3.1475640298594953e-06
test_09039,0.001032382482662797
test_09040,0.9992809891700745
test_09041,0.938523530960083
test_09042,0.9999942779541016
test_09043,0.046893149614334106
test_09044,0.9109705090522766
test_09045,0.20740799605846405
test_09046,0.9999831914901733
test_09047,0.3237658739089966
test_09048,0.01017581857740879
test_09049,0.9999967813491821
test_09050,0.7182618975639343
test_09051,0.9999966621398926
test_09052,0.9999823570251465
test_09053,0.9999967813491821
test_09054,0.992530882358551
test_09055,0.533751904964447
test_09056,0.8368890881538391
test_09057,3.8926289562368765e-05
test_09058,0.9998171925544739
test_09059,0.003655849490314722
test_09060,0.9999967813491821
test_09061,0.04448609799146652
test_09062,0.030622266232967377
test_09063,0.9999967813491821
test_09064,4.034557059640065e-05
test_09065,0.9675218462944031
test_09066,0.5658932328224182
test_09067,0.9997239708900452
test_09068,0.0021622416097670794
test_09069,0.00019990000873804092
test_09070,0.03363821282982826
test_09071,0.9973356127738953
test_09072,0.9999967813491821
test_09073,0.9999967813491821
test_09074,0.9997709393501282
test_09075,0.9006268978118896
test_09076,0.01759512908756733
test_09077,0.9999933242797852
test_09078,0.999964714050293
test_09079,0.9999476671218872
test_09080,0.9992817044258118
test_09081,0.9969582557678223
test_09082,0.0076379720121622086
test_09083,0.9998793601989746
test_09084,0.00035652730730362236
test_09085,0.9998446702957153
test_09086,0.9999967813491821
test_09087,0.03509102761745453
test_09088,3.1475640298594953e-06
test_09089,0.9988923668861389
test_09090,0.9957107305526733
test_09091,1.4428568647417706e-05
test_09092,3.852595909847878e-05
test_09093,0.9221540093421936
test_09094,0.9999967813491821
test_09095,0.9999967813491821
test_09096,0.436021625995636
test_09097,0.1913767009973526
test_09098,0.9998136162757874
test_09099,0.3564664423465729
test_09100,0.1620090901851654
test_09101,0.4797387421131134
test_09102,0.00037689614691771567
test_09103,0.0006847908371128142
test_09104,0.9999791383743286
test_09105,0.05354630574584007
test_09106,0.9753273129463196
test_09107,0.03372235596179962
test_09108,0.9987670183181763
test_09109,0.00030372999026440084
test_09110,0.9999967813491821
test_09111,0.9999967813491821
test_09112,0.9999765157699585
test_09113,0.9998131394386292
test_09114,0.013074974529445171
test_09115,0.00044495597830973566
test_09116,0.9996340274810791
test_09117,0.9500383734703064
test_09118,0.9999914169311523
test_09119,0.00037810331559740007
test_09120,0.9999946355819702
test_09121,0.996574878692627
test_09122,0.9999967813491821
test_09123,0.0018185031367465854
test_09124,0.9992045760154724
test_09125,0.9999967813491821
test_09126,0.000966156367212534
test_09127,0.9827533960342407
test_09128,0.00014850775187369436
test_09129,0.00016915313608478755
test_09130,5.2493498515104875e-05
test_09131,0.000185688171768561
test_09132,0.005951619241386652
test_09133,0.8966827392578125
test_09134,0.0077620311640203
test_09135,0.9999841451644897
test_09136,0.9999967813491821
test_09137,0.9999967813491821
test_09138,0.9998043179512024
test_09139,0.6010114550590515
test_09140,0.9999967813491821
test_09141,0.0075269523076713085
test_09142,8.438614713668358e-06
test_09143,0.0046215178444981575
test_09144,0.9993809461593628
test_09145,0.9998090863227844
test_09146,0.00015319252270273864
test_09147,0.9996455907821655
test_09148,0.019558729603886604
test_09149,0.9990841150283813
test_09150,0.006087294314056635
test_09151,1.6400852473452687e-05
test_09152,0.007234835531562567
test_09153,0.9415957927703857
test_09154,0.999920129776001
test_09155,0.07138200104236603
test_09156,0.5810446739196777
test_09157,0.01857907697558403
test_09158,0.9871821403503418
test_09159,0.27263545989990234
test_09160,0.9979997277259827
test_09161,0.9999756813049316
test_09162,0.01048609334975481
test_09163,0.9999750852584839
test_09164,0.8050457239151001
test_09165,0.09976333379745483
test_09166,0.9999966621398926
test_09167,0.13457757234573364
test_09168,0.9999967813491821
test_09169,0.9993969202041626
test_09170,0.21333624422550201
test_09171,0.5448939800262451
test_09172,0.9999809265136719
test_09173,0.9999967813491821
test_09174,0.0027858843095600605
test_09175,4.5235042307467666e-06
test_09176,0.0355084128677845
test_09177,0.9437964558601379
test_09178,0.9999500513076782
test_09179,0.0022714443039149046
test_09180,0.047346215695142746
test_09181,0.5006923079490662
test_09182,0.9999967813491821
test_09183,0.00018130776879843324
test_09184,0.00835353136062622
test_09185,0.13926687836647034
test_09186,0.03895881026983261
test_09187,0.9998124241828918
test_09188,0.00034010561648756266
test_09189,0.26568904519081116
test_09190,0.9998966455459595
test_09191,0.871776282787323
test_09192,0.07644413411617279
test_09193,0.9999829530715942
test_09194,0.0007783292094245553
test_09195,0.9999967813491821
test_09196,0.9999967813491821
test_09197,0.9344363808631897
test_09198,0.004607612732797861
test_09199,0.9999967813491821
test_09200,0.0035866412799805403
test_09201,0.06001501530408859
test_09202,0.0015296158380806446
test_09203,0.9999691247940063
test_09204,0.9999920129776001
test_09205,0.9899439811706543
test_09206,0.9997391104698181
test_09207,0.003457792568951845
test_09208,0.82354736328125
test_09209,0.3388877809047699
test_09210,0.030444802716374397
test_09211,0.9977735877037048
test_09212,0.00014397912309505045
test_09213,0.9999963045120239
test_09214,0.9993809461593628
test_09215,0.9002264738082886
test_09216,0.0002494892687536776
test_09217,0.9718337059020996
test_09218,0.9999902248382568
test_09219,0.9989126920700073
test_09220,0.9824042916297913
test_09221,0.9993346333503723
test_09222,0.2243765890598297
test_09223,0.9997594952583313
test_09224,0.9743189811706543
test_09225,0.9999967813491821
test_09226,0.999675989151001
test_09227,0.006145924795418978
test_09228,0.43690699338912964
test_09229,0.16150997579097748
test_09230,0.997681736946106
test_09231,0.9998167157173157
test_09232,9.690272418083623e-05
test_09233,0.044266290962696075
test_09234,0.9950796365737915
test_09235,3.1475640298594953e-06
test_09236,0.02506961114704609
test_09237,0.9996044039726257
test_09238,0.9999438524246216
test_09239,0.7642635107040405
test_09240,0.0014161005383357406
test_09241,0.23823319375514984
test_09242,0.9999433755874634
test_09243,0.0001585624268045649
test_09244,0.4204837679862976
test_09245,0.9999967813491821
test_09246,0.9995218515396118
test_09247,0.0034488495439291
test_09248,0.9386482238769531
test_09249,0.9999359846115112
test_09250,0.0005248389206826687
test_09251,0.001571125816553831
test_09252,0.0002139974822057411
test_09253,0.9999936819076538
test_09254,0.27189069986343384
test_09255,0.9910085797309875
test_09256,0.9999967813491821
test_09257,0.02864428609609604
test_09258,0.00993953924626112
test_09259,0.9761244058609009
test_09260,0.002104265848174691
test_09261,0.05165459215641022
test_09262,0.9995768666267395
test_09263,0.9821437001228333
test_09264,0.2569187581539154
test_09265,0.8596104979515076
test_09266,0.9999898672103882
test_09267,0.9931917786598206
test_09268,0.9998326301574707
test_09269,0.0028206324204802513
test_09270,8.742651698412374e-05
test_09271,0.999983549118042
test_09272,0.9996970891952515
test_09273,0.9999570846557617
test_09274,0.9799168705940247
test_09275,0.001085704774595797
test_09276,0.7412871718406677
test_09277,0.9999923706054688
test_09278,0.014939596876502037
test_09279,0.05860080197453499
test_09280,0.02583256922662258
test_09281,0.718981146812439
test_09282,0.8354465961456299
test_09283,1.0694948286982253e-05
test_09284,0.9996378421783447
test_09285,0.025534268468618393
test_09286,0.0012191528221592307
test_09287,0.9999328851699829
test_09288,0.18028263747692108
test_09289,0.9978391528129578
test_09290,0.00021734912297688425
test_09291,0.9999967813491821
test_09292,0.9997579455375671
test_09293,0.00026139133842661977
test_09294,0.00022939512564335018
test_09295,0.00018882553558796644
test_09296,0.020881259813904762
test_09297,0.9949648976325989
test_09298,0.9075903296470642
test_09299,0.004460525698959827
test_09300,4.318754145060666e-05
test_09301,9.560909529682249e-05
test_09302,0.9994351267814636
test_09303,0.9999963045120239
test_09304,0.022834008559584618
test_09305,0.9999967813491821
test_09306,4.2300795030314475e-05
test_09307,0.01754928007721901
test_09308,0.00010470160486875102
test_09309,0.9998311996459961
test_09310,0.9999305009841919
test_09311,0.9815793037414551
test_09312,0.9999940395355225
test_09313,0.7153920531272888
test_09314,3.1475640298594953e-06
test_09315,0.010113274678587914
test_09316,0.999554455280304
test_09317,0.9999967813491821
test_09318,0.9207720160484314
test_09319,0.9112305641174316
test_09320,0.9951359629631042
test_09321,0.23872657120227814
test_09322,0.9999880790710449
test_09323,0.9999967813491821
test_09324,0.9845402836799622
test_09325,0.9999608993530273
test_09326,0.9649653434753418
test_09327,0.006495148874819279
test_09328,0.9966692328453064
test_09329,0.06778556108474731
test_09330,0.0009606906096450984
test_09331,0.9999963045120239
test_09332,0.0032230939250439405
test_09333,0.9988228678703308
test_09334,0.9999825954437256
test_09335,0.016211098060011864
test_09336,0.09596545249223709
test_09337,0.10324089974164963
test_09338,0.792913019657135
test_09339,0.000319254701025784
test_09340,0.9478803873062134
test_09341,0.0022860984317958355
test_09342,0.9083499312400818
test_09343,0.00013306857727002352
test_09344,0.9999011754989624
test_09345,0.9889703989028931
test_09346,0.9602381587028503
test_09347,0.00012839939154218882
test_09348,0.9673460125923157
test_09349,0.0049326601438224316
test_09350,0.999936580657959
test_09351,0.999963641166687
test_09352,0.0002482442941982299
test_09353,9.243770182365552e-05
test_09354,0.9999967813491821
test_09355,0.9998898506164551
test_09356,0.9933119416236877
test_09357,0.9999942779541016
test_09358,7.994996121851727e-05
test_09359,7.806695066392422e-05
test_09360,0.8847009539604187
test_09361,0.026502197608351707
test_09362,0.10014311969280243
test_09363,0.9665615558624268
test_09364,0.00027945489273406565
test_09365,0.0012402742868289351
test_09366,0.9913841485977173
test_09367,0.8983954787254333
test_09368,0.9628423452377319
test_09369,0.2030901163816452
test_09370,0.017958007752895355
test_09371,0.8719257116317749
test_09372,0.9999967813491821
test_09373,8.29385498946067e-06
test_09374,0.9999967813491821
test_09375,0.03661609813570976
test_09376,0.19627182185649872
test_09377,0.9840095043182373
test_09378,0.999889612197876
test_09379,0.9999967813491821
test_09380,0.13109128177165985
test_09381,0.9999946355819702
test_09382,0.9999967813491821
test_09383,0.9536898136138916
test_09384,0.0014178487472236156
test_09385,0.9999967813491821
test_09386,0.9985964894294739
test_09387,0.9998546838760376
test_09388,0.9497846364974976
test_09389,0.9991517066955566
test_09390,0.9998598098754883
test_09391,0.00783038605004549
test_09392,0.0008345143287442625
test_09393,0.006201785523444414
test_09394,0.9999967813491821
test_09395,0.24037699401378632
test_09396,0.9986937642097473
test_09397,0.0005112556973472238
test_09398,0.9962028861045837
test_09399,9.633822628529742e-05
test_09400,0.9953423738479614
test_09401,0.9999963045120239
test_09402,0.9999967813491821
test_09403,0.0019660904072225094
test_09404,0.9803457856178284
test_09405,0.20758800208568573
test_09406,0.9854868650436401
test_09407,0.9975510239601135
test_09408,0.010663215070962906
test_09409,0.28800851106643677
test_09410,0.9999779462814331
test_09411,0.9999744892120361
test_09412,0.9997506737709045
test_09413,0.9999436140060425
test_09414,0.025935538113117218
test_09415,0.999528169631958
test_09416,0.9999967813491821
test_09417,0.0015350963221862912
test_09418,0.9999967813491821
test_09419,0.007222823332995176
test_09420,0.9998962879180908
test_09421,0.22807158529758453
test_09422,0.00043649805593304336
test_09423,0.09081638604402542
test_09424,0.999935507774353
test_09425,0.03266584500670433
test_09426,0.20957528054714203
test_09427,0.034612588584423065
test_09428,0.1412009298801422
test_09429,0.9999644756317139
test_09430,0.9994074106216431
test_09431,0.9999967813491821
test_09432,0.004193626809865236
test_09433,0.9040834307670593
test_09434,0.9953669309616089
test_09435,0.8576452136039734
test_09436,0.00023862383386585861
test_09437,0.0013866334920749068
test_09438,0.9939329028129578
test_09439,0.0002332654839847237
test_09440,0.9999831914901733
test_09441,9.576001320965588e-05
test_09442,0.037134431302547455
test_09443,0.9999929666519165
test_09444,0.9999959468841553
test_09445,0.5120386481285095
test_09446,0.6890384554862976
test_09447,0.05805926024913788
test_09448,0.9766134023666382
test_09449,0.9999289512634277
test_09450,0.9999551773071289
test_09451,0.003695855615660548
test_09452,0.9998401403427124
test_09453,0.9999967813491821
test_09454,0.10492486506700516
test_09455,0.9999967813491821
test_09456,0.9999967813491821
test_09457,3.469451985438354e-05
test_09458,0.011196071282029152
test_09459,0.9999791383743286
test_09460,0.9999967813491821
test_09461,0.9999886751174927
test_09462,0.028997140005230904
test_09463,0.0035634248051792383
test_09464,0.5627418160438538
test_09465,0.9999500513076782
test_09466,0.0006056290585547686
test_09467,0.9995915293693542
test_09468,0.985169529914856
test_09469,0.6314067244529724
test_09470,0.9999967813491821
test_09471,0.9134787917137146
test_09472,0.9999967813491821
test_09473,0.8744732737541199
test_09474,0.6400810480117798
test_09475,0.9993690848350525
test_09476,0.9843239188194275
test_09477,0.9494913816452026
test_09478,3.1475640298594953e-06
test_09479,0.935104489326477
test_09480,0.0036533528473228216
test_09481,0.06268145889043808
test_09482,0.0035066695418208838
test_09483,0.99837327003479
test_09484,0.006446813698858023
test_09485,0.6896750926971436
test_09486,0.1088133156299591
test_09487,0.9999936819076538
test_09488,0.01401875726878643
test_09489,0.9997391104698181
test_09490,0.0022611389867961407
test_09491,0.0011943363351747394
test_09492,0.9998836517333984
test_09493,0.020314306020736694
test_09494,0.9513887763023376
test_09495,0.06752075999975204
test_09496,0.0006551376427523792
test_09497,0.0010513408342376351
test_09498,0.9999634027481079
test_09499,0.9698838591575623
test_09500,0.9999967813491821
test_09501,0.9999877214431763
test_09502,0.00025901547633111477
test_09503,0.9937415719032288
test_09504,0.8600935935974121
test_09505,0.9999865293502808
test_09506,0.9942272901535034
test_09507,0.9997454285621643
test_09508,0.9999967813491821
test_09509,0.007236448582261801
test_09510,0.9977340698242188
test_09511,0.0007039979100227356
test_09512,0.0014100098051130772
test_09513,0.9718958735466003
test_09514,0.9999841451644897
test_09515,0.0007314106333069503
test_09516,0.996034562587738
test_09517,0.9992923736572266
test_09518,0.0015032443916425109
test_09519,0.9999880790710449
test_09520,0.9643977284431458
test_09521,0.9999967813491821
test_09522,0.003230372676625848
test_09523,0.1792813390493393
test_09524,0.9999955892562866
test_09525,0.9999446868896484
test_09526,0.995216965675354
test_09527,0.0029114363715052605
test_09528,0.0011376315960660577
test_09529,0.9989708662033081
test_09530,0.004108679015189409
test_09531,0.8876781463623047
test_09532,0.005867335479706526
test_09533,0.9890435934066772
test_09534,0.9999703168869019
test_09535,0.02275012619793415
test_09536,0.000345968030160293
test_09537,0.999295711517334
test_09538,0.0007559604127891362
test_09539,0.9999967813491821
test_09540,3.1475640298594953e-06
test_09541,0.000926287320908159
test_09542,0.002044826513156295
test_09543,0.9993327260017395
test_09544,0.9978894591331482
test_09545,0.9904414415359497
test_09546,0.043961044400930405
test_09547,4.6935901991673745e-06
test_09548,0.0007000633049756289
test_09549,0.9992627501487732
test_09550,3.1475640298594953e-06
test_09551,0.9824631214141846
test_09552,0.9987168312072754
test_09553,0.0015420649433508515
test_09554,0.0013356634881347418
test_09555,0.3313691318035126
test_09556,0.2136145681142807
test_09557,0.7111974358558655
test_09558,0.2594447731971741
test_09559,0.9996223449707031
test_09560,0.1368493139743805
test_09561,0.04301708936691284
test_09562,0.9978461265563965
test_09563,0.04488478973507881
test_09564,0.998354434967041
test_09565,0.9999877214431763
test_09566,0.9914364218711853
test_09567,0.9999967813491821
test_09568,0.9999967813491821
test_09569,0.01534903235733509
test_09570,0.774946928024292
test_09571,0.0009116013534367085
test_09572,0.9280474781990051
test_09573,0.9975523352622986
test_09574,0.9999963045120239
test_09575,0.8194836378097534
test_09576,0.006022970657795668
test_09577,0.00040179729694500566
test_09578,0.913926899433136
test_09579,0.9999034404754639
test_09580,0.0009297799551859498
test_09581,0.9962030053138733
test_09582,0.9999227523803711
test_09583,0.19181400537490845
test_09584,0.9995614886283875
test_09585,0.7735834121704102
test_09586,0.9998434782028198
test_09587,0.0025366288609802723
test_09588,0.9999967813491821
test_09589,0.998954176902771
test_09590,0.9999967813491821
test_09591,0.9999967813491821
test_09592,0.9995383024215698
test_09593,0.11954978853464127
test_09594,0.9999653100967407
test_09595,0.9999793767929077
test_09596,0.999991774559021
test_09597,0.9990861415863037
test_09598,0.9750279188156128
test_09599,6.027898962202016e-06
test_09600,7.325777551159263e-05
test_09601,0.9939210414886475
test_09602,0.034954849630594254
test_09603,0.0071344622410833836
test_09604,0.01672302559018135
test_09605,0.9997805953025818
test_09606,0.9990478157997131
test_09607,0.015422205440700054
test_09608,0.21531613171100616
test_09609,0.996767520904541
test_09610,0.9998507499694824
test_09611,0.00875768717378378
test_09612,0.9999963045120239
test_09613,0.04098598286509514
test_09614,0.0017050657188519835
test_09615,0.017548464238643646
test_09616,0.13629749417304993
test_09617,0.9999946355819702
test_09618,0.00977105088531971
test_09619,0.7803154587745667
test_09620,0.9999910593032837
test_09621,0.9999967813491821
test_09622,0.0013196528889238834
test_09623,0.9999871253967285
test_09624,0.0017053066985681653
test_09625,0.9999967813491821
test_09626,0.9999967813491821
test_09627,0.0997123122215271
test_09628,0.001966600539162755
test_09629,0.9999967813491821
test_09630,0.999954342842102
test_09631,0.0003796230012085289
test_09632,0.0022606216371059418
test_09633,0.9996116757392883
test_09634,0.83159339427948
test_09635,0.9995168447494507
test_09636,8.194628753699362e-05
test_09637,0.5284326672554016
test_09638,0.001328668207861483
test_09639,0.9985307455062866
test_09640,0.0072083137929439545
test_09641,0.00016565245459787548
test_09642,0.07467208802700043
test_09643,0.9993963241577148
test_09644,0.012442953884601593
test_09645,0.9471606612205505
test_09646,0.010603594593703747
test_09647,0.00464805169031024
test_09648,0.9995729327201843
test_09649,6.162195404613158e-06
test_09650,0.7963884472846985
test_09651,0.0028212990146130323
test_09652,0.9998661279678345
test_09653,0.9976352453231812
test_09654,8.197496208595112e-05
test_09655,0.9958958625793457
test_09656,0.9999967813491821
test_09657,0.004967065062373877
test_09658,4.7791672841412947e-05
test_09659,0.9456681609153748
test_09660,0.963959276676178
test_09661,0.9999967813491821
test_09662,0.048780038952827454
test_09663,0.9999967813491821
test_09664,0.9448242783546448
test_09665,0.0016970534343272448
test_09666,0.9995861649513245
test_09667,0.017456546425819397
test_09668,0.007696944288909435
test_09669,0.9902130961418152
test_09670,0.0010815360583364964
test_09671,0.0008869098965078592
test_09672,0.9999023675918579
test_09673,0.01696336641907692
test_09674,0.5256686210632324
test_09675,0.021836889907717705
test_09676,0.9999030828475952
test_09677,0.035955846309661865
test_09678,0.9999425411224365
test_09679,0.8080607652664185
test_09680,0.9999967813491821
test_09681,0.9970239996910095
test_09682,2.2045487639843486e-05
test_09683,0.5984600782394409
test_09684,0.9958498477935791
test_09685,0.056674256920814514
test_09686,0.22548164427280426
test_09687,0.02187224105000496
test_09688,0.6248825192451477
test_09689,0.00031882370240055025
test_09690,0.998267412185669
test_09691,0.9999967813491821
test_09692,0.8966768980026245
test_09693,0.8675661087036133
test_09694,0.9999955892562866
test_09695,0.003060082206502557
test_09696,0.009962176904082298
test_09697,0.9999967813491821
test_09698,0.9999481439590454
test_09699,0.4949314594268799
test_09700,0.9854272603988647
test_09701,0.9116635322570801
test_09702,0.9983205199241638
test_09703,0.38572800159454346
test_09704,0.9995290040969849
test_09705,0.9999567270278931
test_09706,0.4928429126739502
test_09707,0.9999967813491821
test_09708,0.9996883869171143
test_09709,0.11237484961748123
test_09710,0.0015200525522232056
test_09711,0.0006102511542849243
test_09712,0.03784344345331192
test_09713,0.9947581887245178
test_09714,0.8689132332801819
test_09715,0.003830685280263424
test_09716,0.015193329192698002
test_09717,0.9987653493881226
test_09718,0.6921004056930542
test_09719,0.02923455461859703
test_09720,0.9916926622390747
test_09721,0.5408403277397156
test_09722,0.09072067588567734
test_09723,0.9956547021865845
test_09724,0.9934893846511841
test_09725,0.9989350438117981
test_09726,0.0014589896891266108
test_09727,0.9994944334030151
test_09728,0.08972279727458954
test_09729,0.002280909800902009
test_09730,0.9999967813491821
test_09731,0.0006723416154272854
test_09732,0.010484904982149601
test_09733,0.9922950267791748
test_09734,4.5826745918020606e-05
test_09735,0.008028853684663773
test_09736,0.006809592247009277
test_09737,0.9999967813491821
test_09738,6.551840488100424e-05
test_09739,0.006466337945312262
test_09740,2.308685907337349e-05
test_09741,0.00046581614878959954
test_09742,4.82869909319561e-05
test_09743,0.9999967813491821
test_09744,0.9999619722366333
test_09745,0.9999967813491821
test_09746,0.9999967813491821
test_09747,0.999251663684845
test_09748,0.8449733257293701
test_09749,0.9999815225601196
test_09750,0.9987713694572449
test_09751,0.9976630210876465
test_09752,0.9735535979270935
test_09753,0.9999967813491821
test_09754,0.04745439067482948
test_09755,0.9709433913230896
test_09756,0.9992226362228394
test_09757,0.997979462146759
test_09758,0.9985049962997437
test_09759,0.9999418258666992
test_09760,0.00011932985216844827
test_09761,0.45832905173301697
test_09762,5.4205556807573885e-05
test_09763,0.9999589920043945
test_09764,0.000896100013051182
test_09765,0.0003372552164364606
test_09766,0.00019428686937317252
test_09767,0.008059459738433361
test_09768,0.9999630451202393
test_09769,0.00010044709051726386
test_09770,0.011298168450593948
test_09771,0.9990014433860779
test_09772,0.9838473200798035
test_09773,0.9999927282333374
test_09774,0.0006516816793009639
test_09775,0.002217848552390933
test_09776,0.9981843829154968
test_09777,0.9997625946998596
test_09778,0.004675487522035837
test_09779,0.9994834661483765
test_09780,2.2947719116928056e-05
test_09781,0.6658665537834167
test_09782,0.9999762773513794
test_09783,0.9999797344207764
test_09784,0.002888972405344248
test_09785,0.9999967813491821
test_09786,0.00016488139226567
test_09787,0.912970244884491
test_09788,0.9985795021057129
test_09789,0.8964391946792603
test_09790,0.05384143069386482
test_09791,0.9980511665344238
test_09792,0.6674543619155884
test_09793,0.9893209934234619
test_09794,3.602833749027923e-05
test_09795,0.19467487931251526
test_09796,0.0015795821091160178
test_09797,0.07844268530607224
test_09798,0.9999967813491821
test_09799,0.9999967813491821
test_09800,0.996715784072876
test_09801,0.0010141346137970686
test_09802,0.9998542070388794
test_09803,0.9999967813491821
test_09804,0.999424934387207
test_09805,0.9961240887641907
test_09806,0.996057391166687
test_09807,0.9992400407791138
test_09808,0.9983077049255371
test_09809,0.0035891407169401646
test_09810,0.9999967813491821
test_09811,0.00030064614838920534
test_09812,0.01524572167545557
test_09813,4.567230280372314e-05
test_09814,0.997265100479126
test_09815,0.06014114245772362
test_09816,0.04804892838001251
test_09817,0.24308694899082184
test_09818,0.9986886382102966
test_09819,0.9998036026954651
test_09820,0.9999940395355225
test_09821,0.0002483804419171065
test_09822,0.9999967813491821
test_09823,0.9999889135360718
test_09824,0.9999678134918213
test_09825,0.9999967813491821
test_09826,0.9999967813491821
test_09827,0.9933382272720337
test_09828,0.9996203184127808
test_09829,0.6916951537132263
test_09830,0.9998214840888977
test_09831,0.9998212456703186
test_09832,0.9999967813491821
test_09833,0.9971713423728943
test_09834,0.9974344372749329
test_09835,6.895770638948306e-05
test_09836,0.9999253749847412
test_09837,0.9999910593032837
test_09838,0.9985507130622864
test_09839,0.9996669292449951
test_09840,0.015187986195087433
test_09841,0.9999967813491821
test_09842,0.07127414643764496
test_09843,0.047376785427331924
test_09844,0.0212370827794075
test_09845,0.9972570538520813
test_09846,0.9999133348464966
test_09847,0.001281027914956212
test_09848,0.5695108771324158
test_09849,0.9999967813491821
test_09850,0.9999967813491821
test_09851,0.9999967813491821
test_09852,0.9999908208847046
test_09853,0.9999967813491821
test_09854,0.9314759373664856
test_09855,0.0008038897649385035
test_09856,0.004809844307601452
test_09857,0.9999815225601196
test_09858,0.9852391481399536
test_09859,0.08087384700775146
test_09860,0.004846301861107349
test_09861,0.9998993873596191
test_09862,0.026447303593158722
test_09863,0.9997929930686951
test_09864,0.9997177720069885
test_09865,0.38418594002723694
test_09866,0.6440120935440063
test_09867,2.1337828002288006e-05
test_09868,0.996188223361969
test_09869,0.9992054104804993
test_09870,0.989509105682373
test_09871,0.004221214447170496
test_09872,0.2573055922985077
test_09873,0.9999942779541016
test_09874,0.09926009178161621
test_09875,0.9999135732650757
test_09876,0.9995144605636597
test_09877,0.1117902472615242
test_09878,3.1475640298594953e-06
test_09879,0.02965579740703106
test_09880,6.974382267799228e-05
test_09881,0.9998342990875244
test_09882,0.0025399462319910526
test_09883,0.0011754367733374238
test_09884,0.9999966621398926
test_09885,0.9999423027038574
test_09886,0.9997345805168152
test_09887,0.40905317664146423
test_09888,0.0018205824308097363
test_09889,0.9999967813491821
test_09890,0.3953441083431244
test_09891,0.03362375497817993
test_09892,0.9999942779541016
test_09893,0.020629197359085083
test_09894,0.9984738230705261
test_09895,0.0007724278257228434
test_09896,0.03286430612206459
test_09897,0.9955925345420837
test_09898,0.9999967813491821
test_09899,0.9998231530189514
test_09900,3.064664269913919e-05
test_09901,0.002879232168197632
test_09902,0.9985842704772949
test_09903,0.006700025871396065
test_09904,0.0020629968494176865
test_09905,0.9999920129776001
test_09906,0.6918128132820129
test_09907,0.9999256134033203
test_09908,3.1475640298594953e-06
test_09909,0.00020049883460160345
test_09910,0.001714917365461588
test_09911,0.9993485808372498
test_09912,0.9401715397834778
test_09913,0.597382128238678
test_09914,0.005849029403179884
test_09915,0.15525051951408386
test_09916,0.9999967813491821
test_09917,0.004791197832673788
test_09918,0.8014494776725769
test_09919,0.00015912509115878493
test_09920,0.010352512821555138
test_09921,0.9994670748710632
test_09922,0.00036331842420622706
test_09923,0.9919753670692444
test_09924,0.9999680519104004
test_09925,0.9999877214431763
test_09926,0.9999967813491821
test_09927,0.009116689674556255
test_09928,0.0014427504502236843
test_09929,0.9999910593032837
test_09930,0.9999967813491821
test_09931,0.9967097043991089
test_09932,0.9998281002044678
test_09933,9.910783410305157e-05
test_09934,0.0074503012001514435
test_09935,0.10729295760393143
test_09936,0.9998799562454224
test_09937,0.999914288520813
test_09938,0.9978364109992981
test_09939,1.9204460841137916e-05
test_09940,0.9828525185585022
test_09941,0.9998971223831177
test_09942,0.9665502905845642
test_09943,0.9999963045120239
test_09944,0.9997555613517761
test_09945,0.9999556541442871
test_09946,0.0010727251647040248
test_09947,0.9999457597732544
test_09948,0.9967857599258423
test_09949,0.003093149745836854
test_09950,0.031130105257034302
test_09951,0.9999967813491821
test_09952,0.0013231554767116904
test_09953,0.0016364393522962928
test_09954,0.0035211218055337667
test_09955,0.0002515405067242682
test_09956,0.9958639144897461
test_09957,0.25668928027153015
test_09958,0.9999483823776245
test_09959,0.9429309368133545
test_09960,0.9999967813491821
test_09961,0.0021811136975884438
test_09962,0.999991774559021
test_09963,0.999344527721405
test_09964,0.002821802394464612
test_09965,0.01133032701909542
test_09966,0.9999967813491821
test_09967,2.328564369236119e-05
test_09968,0.00366782583296299
test_09969,0.9990068078041077
test_09970,8.390454604523256e-05
test_09971,0.0004972179885953665
test_09972,0.9999511241912842
test_09973,0.3653765320777893
test_09974,0.9999967813491821
test_09975,0.0008838341454975307
test_09976,0.9994813799858093
test_09977,0.05449502170085907
test_09978,0.9731857180595398
test_09979,0.9983633160591125
test_09980,0.3784711956977844
test_09981,0.9825002551078796
test_09982,0.9999967813491821
test_09983,0.9998399019241333
test_09984,3.1475640298594953e-06
test_09985,0.0005654144333675504
test_09986,0.9964931607246399
test_09987,0.014000361785292625
test_09988,0.9997140765190125
test_09989,0.997515082359314
test_09990,0.03917558118700981
test_09991,0.9992755055427551
test_09992,0.0002782380615826696
test_09993,3.1475640298594953e-06
test_09994,0.9999967813491821
test_09995,0.9999843835830688
test_09996,0.9999967813491821
test_09997,0.9993564486503601
test_09998,0.06235034763813019
test_09999,0.9999880790710449
test_10000,0.7062196135520935
test_10001,0.9999967813491821
test_10002,0.999991774559021
test_10003,0.9997901320457458
test_10004,0.9999282360076904
test_10005,0.000373386952560395
test_10006,0.9990897178649902
test_10007,0.9897177219390869
test_10008,0.9836570620536804
test_10009,9.743626287672669e-05
test_10010,0.9999929666519165
test_10011,0.9999748468399048
test_10012,0.01986759342253208
test_10013,4.602127955877222e-05
test_10014,5.3838625717617106e-06
test_10015,0.014172920025885105
test_10016,0.9314373731613159
test_10017,0.26653817296028137
test_10018,0.9992120265960693
test_10019,0.04234464094042778
test_10020,0.0023497382644563913
test_10021,0.0028437532018870115
test_10022,0.13516657054424286
test_10023,0.021763093769550323
test_10024,0.9999967813491821
test_10025,1.633752071938943e-05
test_10026,0.6373211145401001
test_10027,0.28261277079582214
test_10028,0.0010860167676582932
test_10029,0.9390570521354675
test_10030,0.9999263286590576
test_10031,0.13863520324230194
test_10032,0.4465519189834595
test_10033,0.02470886893570423
test_10034,0.007513880729675293
test_10035,0.9382727742195129
test_10036,0.9995437264442444
test_10037,0.9999611377716064
test_10038,0.9999967813491821
test_10039,0.20258648693561554
test_10040,0.9990382194519043
test_10041,0.9991449117660522
test_10042,0.0009992982959374785
test_10043,0.9892238974571228
test_10044,0.9973416924476624
test_10045,0.3585253953933716
test_10046,0.9999877214431763
test_10047,0.8902124166488647
test_10048,0.0940326601266861
test_10049,0.9998675584793091
test_10050,0.9999605417251587
test_10051,0.999262273311615
test_10052,0.9999227523803711
test_10053,0.0009327404550276697
test_10054,0.9999567270278931
test_10055,0.930646538734436
test_10056,0.9994920492172241
test_10057,0.9999967813491821
test_10058,0.8156821131706238
test_10059,0.9999877214431763
test_10060,0.9976518750190735
test_10061,4.480997176870005e-06
test_10062,0.004156695678830147
test_10063,0.9999967813491821
test_10064,0.001856243354268372
test_10065,9.592388232704252e-05
test_10066,0.9997740387916565
test_10067,0.7654080390930176
test_10068,0.999173104763031
test_10069,0.028604401275515556
test_10070,0.5637441873550415
test_10071,0.9999713897705078
test_10072,0.15660199522972107
test_10073,0.05348203703761101
test_10074,3.1475640298594953e-06
test_10075,0.9996883869171143
test_10076,0.0024665454402565956
test_10077,0.9283068776130676
test_10078,0.00024021102581173182
test_10079,0.9999817609786987
test_10080,4.2761741497088224e-05
test_10081,0.00017249639495275915
test_10082,0.9999967813491821
test_10083,0.9978419542312622
test_10084,0.9999097585678101
test_10085,0.585385262966156
test_10086,0.9999709129333496
test_10087,0.9981348514556885
test_10088,0.5142110586166382
test_10089,0.00912913866341114
test_10090,0.9999963045120239
test_10091,0.9999008178710938
test_10092,0.9899511933326721
test_10093,0.9092934727668762
test_10094,0.08538473397493362
test_10095,0.9994876384735107
test_10096,4.193828863208182e-05
test_10097,0.9999967813491821
test_10098,0.0014385002432391047
test_10099,0.0004397722950670868
test_10100,0.9999967813491821
test_10101,0.9912546873092651
test_10102,0.0014438348589465022
test_10103,0.06395126134157181
test_10104,0.9999967813491821
test_10105,0.9999967813491821
test_10106,0.003037682268768549
test_10107,0.6385568976402283
test_10108,0.999884843826294
test_10109,0.00021327254944480956
test_10110,5.648273872793652e-05
test_10111,0.4844212830066681
test_10112,0.006226477678865194
test_10113,0.976280927658081
test_10114,0.43491941690444946
test_10115,1.3842492080584634e-05
test_10116,3.1475640298594953e-06
test_10117,0.00026016015908680856
test_10118,0.999626636505127
test_10119,0.9999936819076538
test_10120,0.5621147751808167
test_10121,0.999915599822998
test_10122,0.011351429857313633
test_10123,0.05108852684497833
test_10124,0.9905704259872437
test_10125,4.934692242386518e-06
test_10126,0.001330914325080812
test_10127,0.0035695505794137716
test_10128,0.009235464036464691
test_10129,0.9986060261726379
test_10130,0.9267446398735046
test_10131,0.00140160764567554
test_10132,0.007702681235969067
test_10133,9.155378211289644e-05
test_10134,0.0044180238619446754
test_10135,0.0010124287800863385
test_10136,0.6025728583335876
test_10137,0.00019281859567854553
test_10138,0.9997742772102356
test_10139,0.04642520472407341
test_10140,1.140883432526607e-05
test_10141,0.012558111920952797
test_10142,0.0001039197959471494
test_10143,0.01390429399907589
test_10144,0.6250001192092896
test_10145,0.0582554005086422
test_10146,0.00036531718797050416
test_10147,0.9999967813491821
test_10148,0.9990218877792358
test_10149,0.048628635704517365
test_10150,0.9832465052604675
test_10151,0.00010257218673359603
test_10152,0.005013658665120602
test_10153,0.9999936819076538
test_10154,0.9999967813491821
test_10155,0.0006974449497647583
test_10156,0.9999908208847046
test_10157,0.9888916611671448
test_10158,0.004521425347775221
test_10159,0.040287453681230545
test_10160,0.32370948791503906
test_10161,0.7583955526351929
test_10162,0.9999470710754395
test_10163,0.9963885545730591
test_10164,0.003999520093202591
test_10165,0.013083290308713913
test_10166,0.9999967813491821
test_10167,0.9999895095825195
test_10168,0.9758980870246887
test_10169,0.9998717308044434
test_10170,0.05257025733590126
test_10171,0.0005325890961103141
test_10172,0.00012701869127340615
test_10173,0.9999967813491821
test_10174,0.9999266862869263
test_10175,0.6919689774513245
test_10176,0.002443665871396661
test_10177,0.0010480638593435287
test_10178,0.9786127805709839
test_10179,6.409599791368237e-06
test_10180,0.9984721541404724
test_10181,0.006652654614299536
test_10182,0.9999967813491821
test_10183,0.005652203690260649
test_10184,3.785469743888825e-06
test_10185,0.9998224377632141
test_10186,0.002274300204589963
test_10187,0.9999967813491821
test_10188,0.9999489784240723
test_10189,0.9997230172157288
test_10190,0.9996373653411865
test_10191,0.7143397927284241
test_10192,0.024779818952083588
test_10193,0.6881285905838013
test_10194,0.8672794699668884
test_10195,0.9936510920524597
test_10196,3.1475640298594953e-06
test_10197,0.9999847412109375
test_10198,0.0014809691347181797
test_10199,0.0002654620329849422
test_10200,0.14325444400310516
test_10201,0.0002488246245775372
test_10202,0.9836819767951965
test_10203,0.7755751013755798
test_10204,0.015432078391313553
test_10205,0.9850201606750488
test_10206,0.003933633677661419
test_10207,0.0007488677510991693
test_10208,0.9938993453979492
test_10209,0.9999967813491821
test_10210,0.9998307228088379
test_10211,2.0448536815820262e-05
test_10212,0.9999967813491821
test_10213,0.010823103599250317
test_10214,0.9949861764907837
test_10215,0.017201729118824005
test_10216,0.9999959468841553
test_10217,0.999897837638855
test_10218,0.9979314804077148
test_10219,0.9999759197235107
test_10220,0.9998695850372314
test_10221,0.002966678235679865
test_10222,0.9999967813491821
test_10223,0.9904577732086182
test_10224,0.5712049007415771
test_10225,0.021530302241444588
test_10226,0.05333590880036354
test_10227,0.11300143599510193
test_10228,0.006815705448389053
test_10229,0.035369522869586945
test_10230,0.00040735016227699816
test_10231,0.9927156567573547
test_10232,0.9999967813491821
test_10233,0.9999967813491821
test_10234,3.1475640298594953e-06
test_10235,0.5598731637001038
test_10236,0.9725717306137085
test_10237,0.999622106552124
test_10238,0.02144654467701912
test_10239,0.9646007418632507
test_10240,0.9999799728393555
test_10241,0.05500488728284836
test_10242,0.999951958656311
test_10243,0.9998024106025696
test_10244,0.0017602215521037579
test_10245,0.4733023941516876
test_10246,0.9999315738677979
test_10247,0.6496853828430176
test_10248,0.9983265995979309
test_10249,0.001437732600606978
test_10250,0.2462843358516693
test_10251,0.9999967813491821
test_10252,0.008262437768280506
test_10253,0.9999638795852661
test_10254,0.0025112938601523638
test_10255,9.245601177099161e-06
test_10256,0.9857848286628723
test_10257,0.002737852046266198
test_10258,0.008865018375217915
test_10259,0.26046833395957947
test_10260,0.9995015859603882
test_10261,0.9998980760574341
test_10262,0.9963461756706238
test_10263,0.9999468326568604
test_10264,0.9929392337799072
test_10265,3.1475640298594953e-06
test_10266,0.009618205949664116
test_10267,0.9643206596374512
test_10268,0.9999843835830688
test_10269,0.5229591727256775
test_10270,6.343120912788436e-05
test_10271,0.0033400498796254396
test_10272,0.5711715221405029
test_10273,0.9944078922271729
test_10274,0.999914288520813
test_10275,0.9999914169311523
test_10276,0.9999229907989502
test_10277,0.9999914169311523
test_10278,0.9998980760574341
test_10279,0.5968015789985657
test_10280,0.9338487386703491
test_10281,3.1475640298594953e-06
test_10282,0.20397667586803436
test_10283,0.0007380992756225169
test_10284,0.9999734163284302
test_10285,0.9998703002929688
test_10286,0.007062200456857681
test_10287,0.5054083466529846
test_10288,0.9999967813491821
test_10289,0.9983091354370117
test_10290,0.9979312419891357
test_10291,0.9998451471328735
test_10292,0.57876056432724
test_10293,0.9999967813491821
test_10294,0.7175045609474182
test_10295,0.9968208074569702
test_10296,0.9819079041481018
test_10297,0.23591114580631256
test_10298,0.00028932662098668516
test_10299,0.008404568769037724
test_10300,0.010546637699007988
test_10301,0.0012468582717701793
test_10302,0.9999967813491821
test_10303,0.9999967813491821
test_10304,0.9997677206993103
test_10305,0.999099850654602
test_10306,3.1475640298594953e-06
test_10307,0.10855948179960251
test_10308,0.0065709748305380344
test_10309,0.9908667802810669
test_10310,0.01385612040758133
test_10311,0.8177453279495239
test_10312,0.109559066593647
test_10313,0.3411342203617096
test_10314,0.9999713897705078
test_10315,0.1215294897556305
test_10316,0.9997808337211609
test_10317,0.32075566053390503
test_10318,0.9932577610015869
test_10319,0.9943445920944214
test_10320,0.9999028444290161
test_10321,0.9999967813491821
test_10322,0.00026544887805357575
test_10323,0.013170809485018253
test_10324,7.209143223008141e-05
test_10325,0.9999611377716064
test_10326,0.9999967813491821
test_10327,0.9999967813491821
test_10328,5.094591688248329e-05
test_10329,0.998654842376709
test_10330,0.15502728521823883
test_10331,0.9997405409812927
test_10332,0.9999967813491821
test_10333,0.9999672174453735
test_10334,0.06048525497317314
test_10335,2.356483855692204e-05
test_10336,0.9789141416549683
test_10337,0.002779772039502859
test_10338,0.9992836117744446
test_10339,0.9999967813491821
test_10340,0.999985933303833
test_10341,0.0025336644612252712
test_10342,0.9993667006492615
test_10343,0.9834880232810974
test_10344,0.9991963505744934
test_10345,0.0028024869970977306
test_10346,0.9999967813491821
test_10347,0.9994813799858093
test_10348,0.9981065988540649
test_10349,0.0009208377450704575
test_10350,0.7163093090057373
test_10351,0.0003552116686478257
test_10352,0.009070106782019138
test_10353,0.00034245586721226573
test_10354,0.9999127388000488
test_10355,0.8725358247756958
test_10356,5.669287565979175e-05
test_10357,0.05177939310669899
test_10358,0.9999895095825195
test_10359,0.026621486991643906
test_10360,0.008251244202256203
test_10361,0.9999967813491821
test_10362,0.9999805688858032
test_10363,0.7551273703575134
test_10364,0.9933809041976929
test_10365,0.17423953115940094
test_10366,0.45147228240966797
test_10367,0.5490211844444275
test_10368,0.13986557722091675
test_10369,0.999954104423523
test_10370,0.999371349811554
test_10371,0.9999847412109375
test_10372,0.0001912869920488447
test_10373,0.9999929666519165
test_10374,0.0025818764697760344
test_10375,0.9755700826644897
test_10376,0.9999967813491821
test_10377,0.002325769979506731
test_10378,1.0478684089321177e-05
test_10379,0.9318675398826599
test_10380,0.999981164932251
test_10381,0.712094783782959
test_10382,0.9998379945755005
test_10383,0.9994634985923767
test_10384,2.2705218725604936e-05
test_10385,0.21560341119766235
test_10386,0.999953031539917
test_10387,0.9999967813491821
test_10388,0.01144085917621851
test_10389,0.0010106974514201283
test_10390,0.010004621930420399
test_10391,0.06430011987686157
test_10392,0.00020995513477828354
test_10393,3.603916411520913e-05
test_10394,0.8846756815910339
test_10395,0.9999963045120239
test_10396,0.0003749003226403147
test_10397,0.11825961619615555
test_10398,0.9413755536079407
test_10399,0.00010222368291579187
test_10400,0.9999967813491821
test_10401,0.0008606750634498894
test_10402,0.00331023964099586
test_10403,0.7532589435577393
test_10404,0.0019566593691706657
test_10405,0.7306816577911377
test_10406,0.9999841451644897
test_10407,0.9999966621398926
test_10408,0.9987647533416748
test_10409,7.439920591423288e-05
test_10410,0.14188359677791595
test_10411,0.9999966621398926
test_10412,0.03071839176118374
test_10413,0.0009906886843964458
test_10414,0.003373960964381695
test_10415,0.9993839263916016
test_10416,0.02567315101623535
test_10417,0.9999697208404541
test_10418,0.9944122433662415
test_10419,0.9999855756759644
test_10420,0.9880272150039673
test_10421,0.9981289505958557
test_10422,0.3272612392902374
test_10423,0.9999967813491821
test_10424,0.9999589920043945
test_10425,0.008009371347725391
test_10426,0.9987785220146179
test_10427,0.9999967813491821
test_10428,0.5566525459289551
test_10429,0.014487062580883503
test_10430,0.0002210219536209479
test_10431,0.20159363746643066
test_10432,0.005967291072010994
test_10433,0.9999967813491821
test_10434,0.9999967813491821
test_10435,0.0012834361987188458
test_10436,0.8636850118637085
test_10437,0.14213760197162628
test_10438,0.9999967813491821
test_10439,0.6097601652145386
test_10440,0.09909343719482422
test_10441,0.7452124953269958
test_10442,0.9817952513694763
test_10443,0.9997197985649109
test_10444,0.996856689453125
test_10445,0.8714812994003296
test_10446,0.9999923706054688
test_10447,0.9999967813491821
test_10448,0.00045774856698699296
test_10449,0.9984267950057983
test_10450,0.9992098808288574
test_10451,0.9998064637184143
test_10452,0.9998923540115356
test_10453,0.9999748468399048
test_10454,0.38317179679870605
test_10455,0.3011159896850586
test_10456,0.003086589742451906
test_10457,0.9999959468841553
test_10458,0.4373643100261688
test_10459,0.008132901974022388
test_10460,0.905021607875824
test_10461,0.9812629818916321
test_10462,0.9596368670463562
test_10463,0.005068554077297449
test_10464,0.8785828351974487
test_10465,3.466601265245117e-05
test_10466,0.9999967813491821
test_10467,0.9995749592781067
test_10468,0.9985924363136292
test_10469,0.9493977427482605
test_10470,0.9999967813491821
test_10471,0.5245896577835083
test_10472,0.9999959468841553
test_10473,0.9999855756759644
test_10474,0.9999967813491821
test_10475,0.9200237393379211
test_10476,0.0004171858890913427
test_10477,0.9914873838424683
test_10478,4.5865167521697e-06
test_10479,0.9999967813491821
test_10480,0.9999920129776001
test_10481,0.002704143989831209
test_10482,0.00018882571021094918
test_10483,0.9978097081184387
test_10484,0.6239708662033081
test_10485,0.0009671274456195533
test_10486,0.0008258753805421293
test_10487,0.9999765157699585
test_10488,0.6573639512062073
test_10489,0.08481194823980331
test_10490,0.9997072815895081
test_10491,0.0010465088998898864
test_10492,0.002526078373193741
test_10493,0.9999967813491821
test_10494,0.4214867949485779
test_10495,0.9999967813491821
test_10496,0.593233585357666
test_10497,5.7012639445019886e-05
test_10498,0.0018759008962661028
test_10499,0.9999849796295166
test_10500,0.9999967813491821
test_10501,0.9291530847549438
test_10502,0.01986725442111492
test_10503,0.9805163741111755
test_10504,0.0010941816726699471
test_10505,0.9999046325683594
test_10506,0.999819815158844
test_10507,0.1874147653579712
test_10508,0.2421160340309143
test_10509,0.9984474778175354
test_10510,0.9994537234306335
test_10511,3.1475640298594953e-06
test_10512,3.0018529287190177e-05
test_10513,0.9999967813491821
test_10514,0.9999322891235352
test_10515,0.00040227422141470015
test_10516,0.9983429908752441
test_10517,0.9985290765762329
test_10518,0.46293601393699646
test_10519,0.0009269338916055858
test_10520,0.9998891353607178
test_10521,0.9999895095825195
test_10522,0.9877888560295105
test_10523,0.9999967813491821
test_10524,0.9722774028778076
test_10525,0.9767678380012512
test_10526,0.9999959468841553
test_10527,0.9992178678512573
test_10528,0.9999967813491821
test_10529,0.982337474822998
test_10530,0.005179673433303833
test_10531,0.9999946355819702
test_10532,0.00692498916760087
test_10533,0.9973559379577637
test_10534,0.014139147475361824
test_10535,0.00027855284861288965
test_10536,0.9225419163703918
test_10537,0.9998908042907715
test_10538,0.001028656610287726
test_10539,0.9997100234031677
test_10540,0.20394426584243774
test_10541,0.03375972807407379
test_10542,0.9999415874481201
test_10543,0.999491810798645
test_10544,0.012794035486876965
test_10545,0.5175814628601074
test_10546,0.47339901328086853
test_10547,0.9996019005775452
test_10548,0.00025756892864592373
test_10549,0.08327614516019821
test_10550,0.9998761415481567
test_10551,0.0006474035326391459
test_10552,0.9999847412109375
test_10553,0.010212765075266361
test_10554,0.9999865293502808
test_10555,0.9998730421066284
test_10556,0.03738267347216606
test_10557,0.7271655797958374
test_10558,0.16019771993160248
test_10559,0.9999946355819702
test_10560,0.9999823570251465
test_10561,0.9995700716972351
test_10562,0.9933180809020996
test_10563,0.9999955892562866
test_10564,0.9994187355041504
test_10565,0.9753329753875732
test_10566,0.9997667670249939
test_10567,0.07734200358390808
test_10568,0.9999963045120239
test_10569,0.8828418850898743
test_10570,0.4112145006656647
test_10571,0.9999967813491821
test_10572,0.9999967813491821
test_10573,0.9999966621398926
test_10574,0.9999902248382568
test_10575,0.9999967813491821
test_10576,0.9921349287033081
test_10577,0.9997982382774353
test_10578,0.00016751259681768715
test_10579,0.30184897780418396
test_10580,0.3504672646522522
test_10581,1.562571560498327e-05
test_10582,0.999983549118042
test_10583,0.003845443483442068
test_10584,0.9987344145774841
test_10585,0.0002632242685649544
test_10586,0.0003427180927246809
test_10587,0.036051779985427856
test_10588,0.0624292716383934
test_10589,0.0013930954737588763
test_10590,0.03881856054067612
test_10591,3.1475640298594953e-06
test_10592,0.0002526271273382008
test_10593,0.9999829530715942
test_10594,0.9999967813491821
test_10595,0.13656972348690033
test_10596,0.9999967813491821
test_10597,0.003087363438680768
test_10598,0.9999967813491821
test_10599,0.9999967813491821
test_10600,5.136706022312865e-06
test_10601,8.813010936137289e-06
test_10602,0.9999678134918213
test_10603,0.9999674558639526
test_10604,0.9999967813491821
test_10605,0.999671220779419
test_10606,0.9999886751174927
test_10607,0.06327704340219498
test_10608,0.00841599702835083
test_10609,0.9997072815895081
test_10610,0.4630044996738434
test_10611,0.9669461846351624
test_10612,0.0025248397141695023
test_10613,0.00032631814246997237
test_10614,0.01003055926412344
test_10615,0.9999171495437622
test_10616,0.9999861717224121
test_10617,0.9999967813491821
test_10618,0.9999936819076538
test_10619,0.9999959468841553
test_10620,0.9999313354492188
test_10621,0.9999927282333374
test_10622,0.9895151853561401
test_10623,0.018704337999224663
test_10624,0.8763071298599243
test_10625,0.014032202772796154
test_10626,3.1475640298594953e-06
test_10627,0.1766614019870758
test_10628,0.9999967813491821
test_10629,0.9996355772018433
test_10630,0.9983887672424316
test_10631,0.07415048032999039
test_10632,0.9742475152015686
test_10633,0.9999889135360718
test_10634,0.9999967813491821
test_10635,0.001690227072685957
test_10636,0.9999788999557495
test_10637,0.9998975992202759
test_10638,8.75878322403878e-06
test_10639,0.9999967813491821
test_10640,0.00136367732193321
test_10641,0.9999967813491821
test_10642,0.9998631477355957
test_10643,0.9987605810165405
test_10644,0.9998505115509033
test_10645,0.7834547758102417
test_10646,0.812425434589386
test_10647,0.6125079989433289
test_10648,0.9989845156669617
test_10649,0.9999967813491821
test_10650,0.9697988629341125
test_10651,0.9988901019096375
test_10652,0.00015471011283807456
test_10653,0.9999967813491821
test_10654,0.052062686532735825
test_10655,0.9640814661979675
test_10656,0.999805748462677
test_10657,0.0012256031623110175
test_10658,0.9989984631538391
test_10659,0.1035863608121872
test_10660,0.9993236064910889
test_10661,0.997220516204834
test_10662,0.011455824598670006
test_10663,0.0015141626354306936
test_10664,0.9999817609786987
test_10665,0.9940850734710693
test_10666,0.9986286163330078
test_10667,0.9960076808929443
test_10668,0.9992806315422058
test_10669,0.6584276556968689
test_10670,0.0002661021426320076
test_10671,0.6192976832389832
test_10672,0.06108926609158516
test_10673,0.606712818145752
test_10674,0.004549464210867882
test_10675,0.5971980690956116
test_10676,0.999923586845398
test_10677,0.9999967813491821
test_10678,0.99986732006073
test_10679,0.9936343431472778
test_10680,0.0236361064016819
test_10681,0.9999942779541016
test_10682,0.9987102746963501
test_10683,0.39679837226867676
test_10684,0.0032826911192387342
test_10685,0.6007235646247864
test_10686,0.9999967813491821
test_10687,0.1006934642791748
test_10688,0.9637392163276672
test_10689,0.011421611532568932
test_10690,0.9999967813491821
test_10691,0.19347645342350006
test_10692,0.9999291896820068
test_10693,3.1475640298594953e-06
test_10694,0.9996021389961243
test_10695,0.9999479055404663
test_10696,0.9990155696868896
test_10697,0.00044877632171846926
test_10698,0.9798781871795654
test_10699,0.9998918771743774
test_10700,3.555303237590124e-06
test_10701,0.9960125684738159
test_10702,0.0004782138275913894
test_10703,0.00025885156355798244
test_10704,0.9869089722633362
test_10705,0.9999346733093262
test_10706,0.0036002967972308397
test_10707,0.9998831748962402
test_10708,0.9999967813491821
test_10709,0.9999740123748779
test_10710,0.9999674558639526
test_10711,0.9999791383743286
test_10712,0.9999967813491821
test_10713,0.03956759721040726
test_10714,0.9997281432151794
test_10715,0.10224034637212753
test_10716,0.995211660861969
test_10717,0.9997301697731018
test_10718,0.8698440194129944
test_10719,0.9994913339614868
test_10720,0.9996103644371033
test_10721,7.112524144758936e-06
test_10722,0.9904245734214783
test_10723,0.0006069008377380669
test_10724,0.005334428511559963
test_10725,0.5316190123558044
test_10726,0.9999570846557617
test_10727,6.758373638149351e-05
test_10728,0.002362872241064906
test_10729,1.1347201507305726e-05
test_10730,0.1897350400686264
test_10731,0.13938075304031372
test_10732,0.9999923706054688
test_10733,0.0005576706025749445
test_10734,0.02790045738220215
test_10735,0.9999762773513794
test_10736,3.1475640298594953e-06
test_10737,0.0014472799375653267
test_10738,0.9999405145645142
test_10739,0.9999892711639404
test_10740,0.9999967813491821
test_10741,0.9999079704284668
test_10742,0.4411354959011078
test_10743,0.9999837875366211
test_10744,0.03617589548230171
test_10745,0.01000154297798872
test_10746,0.0030847813468426466
test_10747,0.9999967813491821
test_10748,0.9926114678382874
test_10749,0.9999902248382568
test_10750,0.999715268611908
test_10751,0.003943453077226877
test_10752,0.9999967813491821
test_10753,0.9999967813491821
test_10754,0.9999967813491821
test_10755,3.1475640298594953e-06
test_10756,0.99688321352005
test_10757,0.04436515271663666
test_10758,0.0007895311573520303
test_10759,0.997753918170929
test_10760,0.0027960219886153936
test_10761,0.008787731640040874
test_10762,0.9979150891304016
test_10763,0.9999269247055054
test_10764,0.9999825954437256
test_10765,0.8599556088447571
test_10766,0.998875081539154
test_10767,0.4043422043323517
test_10768,0.9919853210449219
test_10769,0.02566872164607048
test_10770,0.0006420494173653424
test_10771,0.9999936819076538
test_10772,0.036045484244823456
test_10773,0.9999849796295166
test_10774,0.9994195699691772
test_10775,0.006701580248773098
test_10776,0.4114094376564026
test_10777,0.2844439148902893
test_10778,0.9999967813491821
test_10779,0.9288313984870911
test_10780,0.9999412298202515
test_10781,0.9999967813491821
test_10782,0.4879823625087738
test_10783,0.4659833610057831
test_10784,0.0010293115628883243
test_10785,0.9998971223831177
test_10786,0.9829187393188477
test_10787,0.9999966621398926
test_10788,0.0005076893139630556
test_10789,0.0001487403060309589
test_10790,0.007028412073850632
test_10791,0.006718735676258802
test_10792,0.9966289401054382
test_10793,0.9345619082450867
test_10794,0.9999967813491821
test_10795,1.3402976946963463e-05
test_10796,0.9987359642982483
test_10797,0.47234487533569336
test_10798,0.9999940395355225
test_10799,0.009895660914480686
test_10800,0.9993564486503601
test_10801,4.273865670256782e-06
test_10802,7.720888970652595e-05
test_10803,0.9999120235443115
test_10804,0.9987112283706665
test_10805,0.0008808953571133316
test_10806,0.9991698265075684
test_10807,0.9999783039093018
test_10808,0.9999967813491821
test_10809,0.9999967813491821
test_10810,0.9958761930465698
test_10811,0.9982328414916992
test_10812,0.011866733431816101
test_10813,0.00209808093495667
test_10814,1.1940498552576173e-05
test_10815,0.9998714923858643
test_10816,0.04987875744700432
test_10817,0.9995362758636475
test_10818,0.9997791647911072
test_10819,0.9999719858169556
test_10820,0.043187472969293594
test_10821,0.00012323875853326172
test_10822,0.996715784072876
test_10823,0.286220908164978
test_10824,0.0036743537057191133
test_10825,0.9999754428863525
test_10826,0.9999877214431763
test_10827,0.9619184732437134
test_10828,0.9996479749679565
test_10829,4.232048013363965e-05
test_10830,0.9999955892562866
test_10831,0.6083190441131592
test_10832,0.9243566989898682
test_10833,0.9977098703384399
test_10834,0.9999967813491821
test_10835,0.008839868940412998
test_10836,2.5789104256546125e-05
test_10837,0.9761507511138916
test_10838,0.007815737277269363
test_10839,0.2054673284292221
test_10840,0.9998661279678345
test_10841,0.5634915232658386
test_10842,0.9799166917800903
test_10843,6.79244067214313e-06
test_10844,0.0019565410912036896
test_10845,5.1209972298238426e-05
test_10846,0.9999967813491821
test_10847,0.6680044531822205
test_10848,0.0017008446156978607
test_10849,4.25834659836255e-05
test_10850,0.0013829645467922091
test_10851,0.00041997627704404294
test_10852,0.0007177109364420176
test_10853,0.007346289698034525
test_10854,0.9848605394363403
test_10855,0.013008332811295986
test_10856,0.0030770180746912956
test_10857,0.9999967813491821
test_10858,0.0002351745788473636
test_10859,0.999812662601471
test_10860,0.00015956874995026737
test_10861,7.957984053064138e-05
test_10862,0.6931191682815552
test_10863,0.9944208264350891
test_10864,0.6077985167503357
test_10865,0.99883633852005
test_10866,0.9999089241027832
test_10867,0.9941262006759644
test_10868,0.00010995307093253359
test_10869,0.026604661718010902
test_10870,0.00605887733399868
test_10871,0.051038216799497604
test_10872,0.9999243021011353
test_10873,0.9980377554893494
test_10874,0.0029608982149511576
test_10875,0.6911354660987854
test_10876,0.0008476024959236383
test_10877,0.9999936819076538
test_10878,0.9979962706565857
test_10879,0.0065880464389920235
test_10880,0.9457469582557678
test_10881,3.1475640298594953e-06
test_10882,0.856533944606781
test_10883,0.9999967813491821
test_10884,0.9999256134033203
test_10885,0.18466505408287048
test_10886,0.06765371561050415
test_10887,0.9999773502349854
test_10888,0.9998838901519775
test_10889,0.9702218770980835
test_10890,0.006385667249560356
test_10891,0.00041852128924801946
test_10892,0.9999967813491821
test_10893,6.947782821953297e-05
test_10894,0.00690852478146553
test_10895,0.9999967813491821
test_10896,0.00036499398993328214
test_10897,0.1398380845785141
test_10898,0.999991774559021
test_10899,0.9037042856216431
test_10900,0.7140231132507324
test_10901,0.9999967813491821
test_10902,0.9987989664077759
test_10903,0.9997491240501404
test_10904,0.9999920129776001
test_10905,0.9999967813491821
test_10906,0.9999898672103882
test_10907,0.00015219650231301785
test_10908,0.4162944555282593
test_10909,0.998273491859436
test_10910,4.417899253894575e-05
test_10911,0.00031313812360167503
test_10912,0.9999967813491821
test_10913,0.0006204554811120033
test_10914,0.9999967813491821
test_10915,0.06850031018257141
test_10916,0.03257681056857109
test_10917,0.8553858995437622
test_10918,0.0016662877751514316
test_10919,0.0001548705477034673
test_10920,0.9999809265136719
test_10921,0.9997953772544861
test_10922,0.9997760653495789
test_10923,0.9999880790710449
test_10924,0.9999967813491821
test_10925,0.999981164932251
test_10926,0.6581867337226868
test_10927,0.9967346787452698
test_10928,0.03973406180739403
test_10929,5.083391079097055e-05
test_10930,0.9979373216629028
test_10931,0.7112326622009277
test_10932,0.9999768733978271
test_10933,0.9999449253082275
test_10934,3.56209056917578e-05
test_10935,0.024709230288863182
test_10936,0.9999841451644897
test_10937,0.9999717473983765
test_10938,0.07560998946428299
test_10939,0.9961644411087036
test_10940,1.1741577509383205e-05
test_10941,0.004373658914119005
test_10942,0.604829728603363
test_10943,0.0028474023565649986
test_10944,0.9996752738952637
test_10945,0.00638679601252079
test_10946,6.134933209978044e-05
test_10947,0.9917707443237305
test_10948,0.010547847487032413
test_10949,0.2158651053905487
test_10950,0.0005475860671140254
test_10951,0.9969039559364319
test_10952,0.03341688960790634
test_10953,0.9998916387557983
test_10954,0.9999644756317139
test_10955,0.9999967813491821
test_10956,0.00010200353426625952
test_10957,0.00017699963063932955
test_10958,0.9232872724533081
test_10959,0.0031605088151991367
test_10960,0.9998281002044678
test_10961,0.8053300976753235
test_10962,0.20425084233283997
test_10963,9.90396220004186e-05
test_10964,0.07047560065984726
test_10965,5.235302069195313e-06
test_10966,0.020972341299057007
test_10967,0.5535465478897095
test_10968,9.463499736739323e-05
test_10969,0.8345791697502136
test_10970,0.026889754459261894
test_10971,0.9951116442680359
test_10972,0.7432833313941956
test_10973,8.678097219672054e-05
test_10974,0.18870390951633453
test_10975,0.9999730587005615
test_10976,0.999988317489624
test_10977,0.9867215156555176
test_10978,0.9999914169311523
test_10979,0.671424388885498
test_10980,0.9999359846115112
test_10981,0.9995105266571045
test_10982,0.9999967813491821
test_10983,0.29592469334602356
test_10984,0.9999967813491821
test_10985,0.9999966621398926
test_10986,0.0006906306953169405
test_10987,0.999977707862854
test_10988,0.00040669538429938257
test_10989,0.0712946429848671
test_10990,0.018314093351364136
test_10991,0.00040545978117734194
test_10992,0.9999955892562866
test_10993,0.9999865293502808
test_10994,1.3413718079391401e-05
test_10995,0.07766126096248627
test_10996,0.9999861717224121
test_10997,0.9999967813491821
test_10998,0.0010091272415593266
test_10999,0.0031404064502567053
test_11000,0.4793144166469574
test_11001,0.9996904134750366
test_11002,0.47663092613220215
test_11003,2.1986405045026913e-05
test_11004,0.0003904718905687332
test_11005,0.9970710277557373
test_11006,0.004049425013363361
test_11007,0.0007683321018703282
test_11008,0.6312209367752075
test_11009,0.17138217389583588
test_11010,0.999915361404419
test_11011,0.9843425750732422
test_11012,1.292884462600341e-05
test_11013,0.9999349117279053
test_11014,0.9998255372047424
test_11015,0.9103779196739197
test_11016,0.011116722598671913
test_11017,0.0004316469421610236
test_11018,0.9999967813491821
test_11019,0.001455397461540997
test_11020,0.44273918867111206
test_11021,0.9986427426338196
test_11022,0.21147269010543823
test_11023,0.13502734899520874
test_11024,0.9999967813491821
test_11025,0.9943813681602478
test_11026,0.9992005228996277
test_11027,0.9998644590377808
test_11028,0.9867691993713379
test_11029,0.9906830787658691
test_11030,0.9999788999557495
test_11031,0.0003863972087856382
test_11032,0.00020692910766229033
test_11033,0.00023712670372333378
test_11034,0.09147798269987106
test_11035,0.9999967813491821
test_11036,0.9999967813491821
test_11037,0.06275371462106705
test_11038,0.9999967813491821
test_11039,0.95168536901474
test_11040,0.9999841451644897
test_11041,0.6781013011932373
test_11042,0.0024636408779770136
test_11043,0.9999843835830688
test_11044,0.9999077320098877
test_11045,0.9999927282333374
test_11046,0.9984220266342163
test_11047,0.9992803931236267
test_11048,0.9998980760574341
test_11049,0.9987402558326721
test_11050,0.00016724814486224204
test_11051,0.9999967813491821
test_11052,0.9999310970306396
test_11053,0.9999817609786987
test_11054,0.9995604157447815
test_11055,0.00016006753139663488
test_11056,0.9999967813491821
test_11057,5.167306426301366e-06
test_11058,0.998481810092926
test_11059,0.00028959347400814295
test_11060,0.9851664900779724
test_11061,2.493322972441092e-05
test_11062,0.9999967813491821
test_11063,0.000349802226992324
test_11064,0.9999967813491821
test_11065,0.9999959468841553
test_11066,0.9998962879180908
test_11067,0.0003239824145566672
test_11068,0.007326293736696243
test_11069,0.9999967813491821
test_11070,0.9999967813491821
test_11071,0.9999967813491821
test_11072,0.0002908632159233093
test_11073,3.1475640298594953e-06
test_11074,0.013458920642733574
test_11075,0.9999399185180664
test_11076,0.9912031888961792
test_11077,0.023191232234239578
test_11078,3.073726475122385e-05
test_11079,0.9998067021369934
test_11080,0.008525930345058441
test_11081,0.0001810325775295496
test_11082,4.118631113669835e-05
test_11083,0.0003810745838563889
test_11084,0.9998241066932678
test_11085,0.0018680400680750608
test_11086,0.02534119039773941
test_11087,0.9999967813491821
test_11088,0.00010562679381109774
test_11089,0.8176128268241882
test_11090,0.9995406866073608
test_11091,0.9999386072158813
test_11092,0.07543175667524338
test_11093,0.9940975904464722
test_11094,0.999660849571228
test_11095,0.9999967813491821
test_11096,0.4401010572910309
test_11097,0.9935376048088074
test_11098,0.0004145562998019159
test_11099,0.9999920129776001
test_11100,0.9999967813491821
test_11101,5.832348506373819e-06
test_11102,0.992167055606842
test_11103,0.9999051094055176
test_11104,0.9733062386512756
test_11105,0.06592334806919098
test_11106,0.7771035432815552
test_11107,0.9999750852584839
test_11108,0.9999955892562866
test_11109,0.9990946054458618
test_11110,0.9988387227058411
test_11111,0.9999258518218994
test_11112,0.9958653450012207
test_11113,0.5664497017860413
test_11114,0.9995013475418091
test_11115,0.9999946355819702
test_11116,0.9999788999557495
test_11117,0.9258167743682861
test_11118,0.9999825954437256
test_11119,0.9996583461761475
test_11120,0.0007075245957821608
test_11121,0.997378945350647
test_11122,0.9882768988609314
test_11123,0.9989362359046936
test_11124,0.9999967813491821
test_11125,0.9999967813491821
test_11126,0.9999967813491821
test_11127,0.9999967813491821
test_11128,0.000445172336185351
test_11129,0.4104484021663666
test_11130,0.9999586343765259
test_11131,0.00026082847034558654
test_11132,0.9988316893577576
test_11133,0.07842135429382324
test_11134,0.4207984507083893
test_11135,0.9999908208847046
test_11136,0.9999967813491821
test_11137,0.003342514391988516
test_11138,0.9999967813491821
test_11139,0.8734638690948486
test_11140,0.4240630269050598
test_11141,0.9834161996841431
test_11142,0.0028546685352921486
test_11143,0.8386369943618774
test_11144,0.999683141708374
test_11145,7.557870958407875e-06
test_11146,6.127770757302642e-05
test_11147,0.9993501305580139
test_11148,0.05071037635207176
test_11149,0.12810547649860382
test_11150,0.9999902248382568
test_11151,0.637057900428772
test_11152,0.9999425411224365
test_11153,0.9992856383323669
test_11154,0.996588945388794
test_11155,0.08618120104074478
test_11156,0.0001844407815951854
test_11157,0.9999817609786987
test_11158,0.0009144237847067416
test_11159,3.1475640298594953e-06
test_11160,0.10866348445415497
test_11161,0.7832278609275818
test_11162,0.005774992983788252
test_11163,0.0002996414841618389
test_11164,0.028119249269366264
test_11165,0.9996788501739502
test_11166,0.997794508934021
test_11167,0.00017344635853078216
test_11168,0.5842901468276978
test_11169,0.9999967813491821
test_11170,0.9991700649261475
test_11171,0.00022643587726633996
test_11172,0.9880237579345703
test_11173,0.9992992877960205
test_11174,0.00023027999850455672
test_11175,7.66381126595661e-05
test_11176,0.9967233538627625
test_11177,0.000265879207290709
test_11178,0.008564312942326069
test_11179,0.8933972716331482
test_11180,0.5567488670349121
test_11181,0.9974576830863953
test_11182,0.005483761429786682
test_11183,0.32383662462234497
test_11184,0.9989256262779236
test_11185,0.9993502497673035
test_11186,0.02325751818716526
test_11187,0.03315126895904541
test_11188,0.9999967813491821
test_11189,0.015956252813339233
test_11190,0.00019092125876341015
test_11191,0.9999294281005859
test_11192,0.008121942169964314
test_11193,0.0001929852442117408
test_11194,0.8180726170539856
test_11195,0.9999967813491821
test_11196,0.040951892733573914
test_11197,0.9999663829803467
test_11198,0.9999831914901733
test_11199,0.9749220013618469
test_11200,0.008463487029075623
test_11201,0.014354419894516468
test_11202,0.9999253749847412
test_11203,0.9999967813491821
test_11204,0.9056894779205322
test_11205,0.2512464225292206
test_11206,0.8781387209892273
test_11207,0.00042301625944674015
test_11208,0.9980218410491943
test_11209,0.006105673499405384
test_11210,0.9987887740135193
test_11211,0.0037426622584462166
test_11212,0.9991542100906372
test_11213,0.00043418159475550056
test_11214,0.015233706682920456
test_11215,0.002307493006810546
test_11216,0.003871450200676918
test_11217,0.9962448477745056
test_11218,0.9986066222190857
test_11219,0.9964269995689392
test_11220,0.9999966621398926
test_11221,0.014758661389350891
test_11222,0.033669620752334595
test_11223,0.20184439420700073
test_11224,0.9999657869338989
test_11225,0.02227925695478916
test_11226,0.03329624980688095
test_11227,0.9999898672103882
test_11228,0.3912569284439087
test_11229,0.9946190118789673
test_11230,0.03955770283937454
test_11231,0.982783317565918
test_11232,3.1475640298594953e-06
test_11233,0.9932149648666382
test_11234,0.9999886751174927
test_11235,0.9765480160713196
test_11236,0.14351360499858856
test_11237,0.003205841640010476
test_11238,0.999889612197876
test_11239,0.999983549118042
test_11240,0.9999967813491821
test_11241,0.9990135431289673
test_11242,0.9999967813491821
test_11243,0.994158148765564
test_11244,0.014073369093239307
test_11245,0.0014500610996037722
test_11246,0.9999967813491821
test_11247,0.09027718752622604
test_11248,0.9995081424713135
test_11249,0.0034777827095240355
test_11250,0.9999967813491821
test_11251,0.9999927282333374
test_11252,8.648242328490596e-06
test_11253,0.00015319472004193813
test_11254,0.9990849494934082
test_11255,0.03546128794550896
test_11256,0.9999793767929077
test_11257,0.9999967813491821
test_11258,0.6953461170196533
test_11259,0.014884645119309425
test_11260,8.414043259108439e-05
test_11261,0.0009136812295764685
test_11262,0.9999889135360718
test_11263,0.9988477230072021
test_11264,0.6518661975860596
test_11265,0.40979424118995667
test_11266,0.0010730650974437594
test_11267,0.056126613169908524
test_11268,0.9998818635940552
test_11269,0.8713509440422058
test_11270,0.9999855756759644
test_11271,0.8101271390914917
test_11272,6.694682724628365e-06
test_11273,0.9999967813491821
test_11274,0.9997833371162415
test_11275,0.5840665698051453
test_11276,0.0016364033799618483
test_11277,0.9999967813491821
test_11278,3.1475640298594953e-06
test_11279,0.6304060816764832
test_11280,0.9999068975448608
test_11281,0.9999967813491821
test_11282,0.124342180788517
test_11283,0.002506038872525096
test_11284,0.062107618898153305
test_11285,3.1475640298594953e-06
test_11286,0.00013834837591275573
test_11287,0.996623158454895
test_11288,0.9850510358810425
test_11289,3.331113111926243e-05
test_11290,0.9995607733726501
test_11291,0.9999967813491821
test_11292,0.9999598264694214
test_11293,0.004676759243011475
test_11294,0.9994813799858093
test_11295,0.9997970461845398
test_11296,3.877978542732308e-06
test_11297,0.9999966621398926
test_11298,0.0015293166507035494
test_11299,0.9933488965034485
test_11300,0.9999898672103882
test_11301,0.9999967813491821
test_11302,0.06595364212989807
test_11303,0.9994392991065979
test_11304,0.9999967813491821
test_11305,0.0010885363444685936
test_11306,0.9999489784240723
test_11307,0.9999942779541016
test_11308,0.999619722366333
test_11309,0.00015545272617600858
test_11310,0.0222034715116024
test_11311,0.15304747223854065
test_11312,0.9877947568893433
test_11313,0.006692429073154926
test_11314,0.012127439491450787
test_11315,0.040696632117033005
test_11316,0.13131360709667206
test_11317,0.8690447211265564
test_11318,0.9995068311691284
test_11319,0.00015536487626377493
test_11320,0.9818001985549927
test_11321,0.6496372222900391
test_11322,0.0026186660397797823
test_11323,0.09632997214794159
test_11324,0.217661052942276
test_11325,0.9999581575393677
test_11326,0.00171213923022151
test_11327,0.9922693967819214
test_11328,0.9920869469642639
test_11329,0.00163149309810251
test_11330,0.011625105515122414
test_11331,4.1525836422806606e-05
test_11332,0.9999967813491821
test_11333,0.9657848477363586
test_11334,0.0022727663163095713
test_11335,0.999797523021698
test_11336,0.9858350157737732
test_11337,0.9998241066932678
test_11338,0.6672641038894653
test_11339,0.019141769036650658
test_11340,0.0006186344544403255
test_11341,0.9841041564941406
test_11342,0.1274992823600769
test_11343,0.9998888969421387
test_11344,3.1475640298594953e-06
test_11345,0.13222311437129974
test_11346,0.010504459962248802
test_11347,0.8470496535301208
test_11348,0.0008995523094199598
test_11349,0.00012892152881249785
test_11350,0.24567338824272156
test_11351,0.0001452265278203413
test_11352,0.02312443219125271
test_11353,0.9993301630020142
test_11354,0.048786062747240067
test_11355,0.0014681358588859439
test_11356,3.5907429264625534e-05
test_11357,0.0011755874147638679
test_11358,0.033171869814395905
test_11359,0.053142305463552475
test_11360,0.010042466223239899
test_11361,6.572817801497877e-05
test_11362,0.16306331753730774
test_11363,9.988028068619315e-06
test_11364,0.0003441833541728556
test_11365,0.005336749367415905
test_11366,0.9998791217803955
test_11367,0.6897284388542175
test_11368,0.005843435879796743
test_11369,0.2361680567264557
test_11370,0.9999592304229736
test_11371,0.0007672628271393478
test_11372,0.0009931111708283424
test_11373,3.1475640298594953e-06
test_11374,0.9998546838760376
test_11375,0.00017303653294220567
test_11376,0.0010327883064746857
test_11377,0.9957358837127686
test_11378,0.470745325088501
test_11379,5.4656680731568485e-05
test_11380,0.004574227146804333
test_11381,0.005791067611426115
test_11382,0.9991974234580994
test_11383,0.03680356219410896
test_11384,0.289643257856369
test_11385,0.9649669528007507
test_11386,0.9999967813491821
test_11387,0.9999967813491821
test_11388,0.048338763415813446
test_11389,0.78322833776474
test_11390,0.9979060888290405
test_11391,0.9913060069084167
test_11392,0.9999967813491821
test_11393,0.9997017979621887
test_11394,0.9759279489517212
test_11395,0.059228118509054184
test_11396,0.307836651802063
test_11397,5.4733413890062366e-06
test_11398,0.998091995716095
test_11399,0.2782110869884491
test_11400,0.21494512259960175
test_11401,0.9999967813491821
test_11402,0.9926181435585022
test_11403,0.43713414669036865
test_11404,0.9996256828308105
test_11405,0.10119430720806122
test_11406,3.1475640298594953e-06
test_11407,3.1475640298594953e-06
test_11408,0.5882609486579895
test_11409,0.016594555228948593
test_11410,0.26735028624534607
test_11411,0.7674054503440857
test_11412,0.9998809099197388
test_11413,3.1475640298594953e-06
test_11414,0.07967390865087509
test_11415,0.9998937845230103
test_11416,0.00024830916663631797
test_11417,0.9999457597732544
test_11418,0.6399315595626831
test_11419,0.9999967813491821
test_11420,3.1475640298594953e-06
test_11421,0.005145217292010784
test_11422,0.01184792723506689
test_11423,0.7005414366722107
test_11424,0.9996088147163391
test_11425,0.13584400713443756
test_11426,0.3464391827583313
test_11427,0.9999967813491821
test_11428,2.3306305592996068e-05
test_11429,0.9999936819076538
test_11430,0.023382477462291718
test_11431,0.9999227523803711
test_11432,0.9999963045120239
test_11433,0.00020876043708994985
test_11434,0.9901366233825684
test_11435,0.9999967813491821
test_11436,0.9152331352233887
test_11437,0.9999655485153198
test_11438,0.013197002001106739
test_11439,0.0021123969927430153
test_11440,0.7211208939552307
test_11441,0.0014714865246787667
test_11442,0.735244870185852
test_11443,0.996586799621582
test_11444,0.0020328755490481853
test_11445,0.8006227612495422
test_11446,0.09764931350946426
test_11447,0.804084300994873
test_11448,0.4070848226547241
test_11449,0.9999967813491821
test_11450,0.9999754428863525
test_11451,0.9957125186920166
test_11452,0.9800029993057251
test_11453,0.0009670453728176653
test_11454,0.0008879225351847708
test_11455,0.012091552838683128
test_11456,1.6182641047635116e-05
test_11457,0.9999709129333496
test_11458,5.94394487052341e-06
test_11459,0.00018447631737217307
test_11460,0.07404891401529312
test_11461,0.9987055063247681
test_11462,0.9999967813491821
test_11463,0.008023967035114765
test_11464,0.9995506405830383
test_11465,0.9996070265769958
test_11466,0.9990053772926331
test_11467,0.03814038261771202
test_11468,0.9981281161308289
test_11469,0.00013953211600892246
test_11470,0.07202193886041641
test_11471,0.9999849796295166
test_11472,0.00044102477841079235
test_11473,0.6968430280685425
test_11474,0.9998377561569214
test_11475,0.008580876514315605
test_11476,0.1024833396077156
test_11477,0.9835591912269592
test_11478,0.00033949047792702913
test_11479,0.19842717051506042
test_11480,0.9994440674781799
test_11481,0.003057153895497322
test_11482,0.33132341504096985
test_11483,0.9999967813491821
test_11484,0.0761881098151207
test_11485,0.9994699358940125
test_11486,0.9996966123580933
test_11487,0.9998908042907715
test_11488,5.43202713743085e-06
test_11489,0.9999967813491821
test_11490,0.9999967813491821
test_11491,0.0013095950707793236
test_11492,0.9939612150192261
test_11493,0.9999825954437256
test_11494,0.9256281852722168
test_11495,0.04910621419548988
test_11496,0.9986525774002075
test_11497,0.9999953508377075
test_11498,0.04861309379339218
test_11499,0.9999216794967651
test_11500,0.028365006670355797
test_11501,0.9954506754875183
test_11502,0.11006990820169449
test_11503,0.0897236242890358
test_11504,0.9999914169311523
test_11505,0.9999967813491821
test_11506,5.372567102313042e-05
test_11507,0.0003496716672088951
test_11508,3.1475640298594953e-06
test_11509,0.0012581085320562124
test_11510,0.2463749796152115
test_11511,0.015229280106723309
test_11512,1.4228658073989209e-05
test_11513,0.015612883493304253
test_11514,0.0023481259122490883
test_11515,0.00015846976020839065
test_11516,0.2752654254436493
test_11517,0.788524866104126
test_11518,0.39349934458732605
test_11519,0.9914069175720215
test_11520,0.9829540848731995
test_11521,0.00247129681520164
test_11522,3.1475640298594953e-06
test_11523,0.6499394774436951
test_11524,0.007662756368517876
test_11525,0.9999886751174927
test_11526,0.9951844811439514
test_11527,0.44192713499069214
test_11528,0.5564287304878235
test_11529,0.0004037133767269552
test_11530,0.999305248260498
test_11531,0.9990230798721313
test_11532,0.9999383687973022
test_11533,0.8963832259178162
test_11534,0.9995371103286743
test_11535,0.9074880480766296
test_11536,0.9999967813491821
test_11537,0.9994907379150391
test_11538,0.006026828661561012
test_11539,0.9999892711639404
test_11540,0.9999291896820068
test_11541,0.9796798825263977
test_11542,0.0006150115514174104
test_11543,0.9999967813491821
test_11544,0.00020197358389850706
test_11545,0.9622871279716492
test_11546,0.0007671089260838926
test_11547,0.9999750852584839
test_11548,0.11899633705615997
test_11549,8.45557005959563e-05
test_11550,0.9866421222686768
test_11551,0.041139762848615646
test_11552,0.999953031539917
test_11553,0.999914288520813
test_11554,0.9660875797271729
test_11555,0.9999967813491821
test_11556,0.30754968523979187
test_11557,0.999954104423523
test_11558,0.9999967813491821
test_11559,0.4606044888496399
test_11560,0.00029396836180239916
test_11561,0.012819776311516762
test_11562,0.999546468257904
test_11563,0.9999097585678101
test_11564,0.023576127365231514
test_11565,0.6499226093292236
test_11566,2.7259651687927544e-05
test_11567,0.9523048996925354
test_11568,0.17230413854122162
test_11569,0.08491121232509613
test_11570,0.0011163316667079926
test_11571,0.33017897605895996
test_11572,9.164759103441611e-05
test_11573,0.9634766578674316
test_11574,0.9880697131156921
test_11575,0.9926822781562805
test_11576,0.9986901879310608
test_11577,0.9961014986038208
test_11578,0.9895734190940857
test_11579,0.9999682903289795
test_11580,0.9999933242797852
test_11581,0.4098127484321594
test_11582,2.506516466382891e-05
test_11583,0.7652765512466431
test_11584,0.9999409914016724
test_11585,0.0010244000004604459
test_11586,0.9999967813491821
test_11587,0.9999967813491821
test_11588,0.5510579943656921
test_11589,0.9896094799041748
test_11590,0.9999923706054688
test_11591,0.9998573064804077
test_11592,0.9999865293502808
test_11593,0.010640507563948631
test_11594,0.9982744455337524
test_11595,0.00010685189045034349
test_11596,0.9994662404060364
test_11597,0.9999967813491821
test_11598,0.002757880836725235
test_11599,0.00977872684597969
test_11600,0.0014691959368065
test_11601,0.9999853372573853
test_11602,0.0032775637228041887
test_11603,0.9993357062339783
test_11604,0.9996050000190735
test_11605,0.9999967813491821
test_11606,0.3022426962852478
test_11607,0.9999966621398926
test_11608,0.005650172010064125
test_11609,0.9999967813491821
test_11610,0.0015196051681414247
test_11611,0.9999967813491821
test_11612,0.9999967813491821
test_11613,0.9999967813491821
test_11614,0.0030962598975747824
test_11615,0.9885130524635315
test_11616,0.9999946355819702
test_11617,0.9994511008262634
test_11618,0.9999611377716064
test_11619,0.9947234392166138
test_11620,0.00031022430630400777
test_11621,0.00011071109474869445
test_11622,0.9989587068557739
test_11623,0.131036177277565
test_11624,0.9879140257835388
test_11625,0.999119222164154
test_11626,0.999909520149231
test_11627,0.9996901750564575
test_11628,3.587854007491842e-05
test_11629,0.9999605417251587
test_11630,0.0015561854233965278
test_11631,0.0006708455039188266
test_11632,0.005755600519478321
test_11633,0.45265358686447144
test_11634,0.9988389611244202
test_11635,0.9999967813491821
test_11636,0.9999967813491821
test_11637,0.9999933242797852
test_11638,0.9832709431648254
test_11639,0.5959752202033997
test_11640,0.9991995692253113
test_11641,0.9998362064361572
test_11642,0.9999967813491821
test_11643,0.8951069712638855
test_11644,0.9999967813491821
test_11645,0.5623444318771362
test_11646,0.0007315584225580096
test_11647,0.8538464903831482
test_11648,0.9999967813491821
test_11649,0.5530836582183838
test_11650,0.999985933303833
test_11651,0.2713945209980011
test_11652,0.059604544192552567
test_11653,0.00017779531481210142
test_11654,0.16227862238883972
test_11655,0.5821169018745422
test_11656,0.9998772144317627
test_11657,0.09590253978967667
test_11658,0.002717776922509074
test_11659,0.00025397809804417193
test_11660,0.9998735189437866
test_11661,0.0005773013108409941
test_11662,0.9999967813491821
test_11663,0.12605167925357819
test_11664,0.9276167750358582
test_11665,0.03757571056485176
test_11666,0.017620684579014778
test_11667,0.0010805446654558182
test_11668,0.9999898672103882
test_11669,0.999937891960144
test_11670,0.751854419708252
test_11671,0.9944092631340027
test_11672,0.999881386756897
test_11673,0.005692459177225828
test_11674,6.4000282691267785e-06
test_11675,0.010127867572009563
test_11676,0.9994561076164246
test_11677,0.16007690131664276
test_11678,5.901137046748772e-05
test_11679,0.9989269375801086
test_11680,0.17117713391780853
test_11681,1.4544907571689691e-05
test_11682,0.00482392031699419
test_11683,0.9479944109916687
test_11684,0.9998719692230225
test_11685,0.498992919921875
test_11686,0.9994124174118042
test_11687,0.06730479747056961
test_11688,0.4966120719909668
test_11689,0.020430805161595345
test_11690,0.9999793767929077
test_11691,0.9986419081687927
test_11692,0.6008622050285339
test_11693,0.6565963625907898
test_11694,0.00018828293832484633
test_11695,0.9999967813491821
test_11696,0.039415981620550156
test_11697,0.04542393237352371
test_11698,0.41890400648117065
test_11699,0.8991803526878357
test_11700,0.31271669268608093
test_11701,0.9747904539108276
test_11702,0.00029516275390051305
test_11703,0.0006825754535384476
test_11704,0.9999967813491821
test_11705,0.9998542070388794
test_11706,0.9999967813491821
test_11707,0.0335552841424942
test_11708,0.9999967813491821
test_11709,0.9982692003250122
test_11710,0.9997861981391907
test_11711,0.9911887645721436
test_11712,0.3483715355396271
test_11713,0.9996284246444702
test_11714,0.9999412298202515
test_11715,0.9999967813491821
test_11716,0.0009632498840801418
test_11717,0.002713689347729087
test_11718,0.002050218638032675
test_11719,0.09319758415222168
test_11720,0.9999967813491821
test_11721,0.9999759197235107
test_11722,0.999964714050293
test_11723,0.999043881893158
test_11724,5.08132106915582e-05
test_11725,0.99943608045578
test_11726,0.9999505281448364
test_11727,0.9999181032180786
test_11728,0.9998551607131958
test_11729,0.9999967813491821
test_11730,0.0033286013640463352
test_11731,3.1475640298594953e-06
test_11732,0.999819815158844
test_11733,0.9999967813491821
test_11734,0.7333378791809082
test_11735,0.9994937181472778
test_11736,0.48045071959495544
test_11737,0.12353746592998505
test_11738,0.999988317489624
test_11739,0.9999768733978271
test_11740,0.5020256638526917
test_11741,0.5397109985351562
test_11742,0.7558315396308899
test_11743,0.9999967813491821
test_11744,0.9996646642684937
test_11745,0.00018963041657116264
test_11746,0.9998916387557983
test_11747,0.03718169033527374
test_11748,0.0031148414127528667
test_11749,0.9999115467071533
test_11750,0.6408871412277222
test_11751,0.9984191656112671
test_11752,0.9997873902320862
test_11753,0.014402946457266808
test_11754,0.9956523776054382
test_11755,0.9815537929534912
test_11756,0.9990609288215637
test_11757,0.04958367347717285
test_11758,0.0010285915341228247
test_11759,0.9999963045120239
test_11760,0.9984593391418457
test_11761,0.9999967813491821
test_11762,0.9999699592590332
test_11763,0.9470214247703552
test_11764,0.9999967813491821
test_11765,0.0004380311584100127
test_11766,0.9913623929023743
test_11767,0.3243866264820099
test_11768,0.9779516458511353
test_11769,0.8399483561515808
test_11770,0.0068106879480183125
test_11771,0.9983440637588501
test_11772,0.9999923706054688
test_11773,0.28214773535728455
test_11774,0.0027225168887525797
test_11775,0.9951692223548889
test_11776,0.960934042930603
test_11777,0.9999762773513794
test_11778,0.9999805688858032
test_11779,0.9999967813491821
test_11780,0.9999967813491821
test_11781,0.8480875492095947
test_11782,0.05021634325385094
test_11783,0.01241388451308012
test_11784,0.9999933242797852
test_11785,0.003623990109190345
test_11786,0.9989558458328247
test_11787,0.004996202886104584
test_11788,0.002887276466935873
test_11789,1.0020676199928857e-05
test_11790,0.2623540759086609
test_11791,0.9999967813491821
test_11792,0.9999967813491821
test_11793,0.9435622692108154
test_11794,0.9998700618743896
test_11795,0.9961181879043579
test_11796,7.009960972936824e-05
test_11797,0.9997363686561584
test_11798,0.00035500581725500524
test_11799,0.9999967813491821
test_11800,0.0014555471716448665
test_11801,0.377633273601532
test_11802,0.00022422621259465814
test_11803,0.0020383407827466726
test_11804,0.01256897859275341
test_11805,0.013295338489115238
test_11806,0.9843505620956421
test_11807,0.9999967813491821
test_11808,0.9996628761291504
test_11809,0.4513028562068939
test_11810,0.9999457597732544
test_11811,0.0939471647143364
test_11812,0.044929761439561844
test_11813,0.005917460657656193
test_11814,0.0475824810564518
test_11815,0.00018334646301809698
test_11816,0.9999892711639404
test_11817,0.006168728694319725
test_11818,0.005646699108183384
test_11819,0.9484556913375854
test_11820,0.8539347052574158
test_11821,0.9999967813491821
test_11822,0.9999018907546997
test_11823,0.9999920129776001
test_11824,0.9589285254478455
test_11825,0.9899306297302246
test_11826,7.976063898240682e-06
test_11827,0.9996631145477295
test_11828,0.030752694234251976
test_11829,0.9766413569450378
test_11830,0.988100528717041
test_11831,0.00017304577340837568
test_11832,0.6010444760322571
test_11833,0.09872518479824066
test_11834,0.7499510049819946
test_11835,0.0001792787224985659
test_11836,0.9976344108581543
test_11837,0.309989333152771
test_11838,0.11276618391275406
test_11839,0.46549251675605774
test_11840,0.023942571133375168
test_11841,9.291786227549892e-06
test_11842,0.20955179631710052
test_11843,0.0003195677709300071
test_11844,0.000722576747648418
test_11845,0.9995406866073608
test_11846,0.0016052398132160306
test_11847,0.996832549571991
test_11848,0.9961418509483337
test_11849,0.001529417117126286
test_11850,0.9999661445617676
test_11851,0.005619005300104618
test_11852,0.0009227052796632051
test_11853,0.9999967813491821
test_11854,7.398919115075842e-05
test_11855,0.9999147653579712
test_11856,0.9999837875366211
test_11857,0.00152920454274863
test_11858,0.9999967813491821
test_11859,0.38564199209213257
test_11860,0.97002774477005
test_11861,0.0026431798469275236
test_11862,0.0010039323242381215
test_11863,0.06971603631973267
test_11864,0.9985136389732361
test_11865,0.9898381233215332
test_11866,0.9978967905044556
test_11867,0.9999967813491821
test_11868,0.11697237193584442
test_11869,0.9998764991760254
test_11870,0.9999963045120239
test_11871,0.9999669790267944
test_11872,0.9999967813491821
test_11873,0.9946476817131042
test_11874,0.9999719858169556
test_11875,0.9999967813491821
test_11876,0.9999967813491821
test_11877,0.004368388094007969
test_11878,0.9431833624839783
test_11879,0.5344948768615723
test_11880,0.4531787931919098
test_11881,0.9999967813491821
test_11882,0.9999923706054688
test_11883,0.002640822669491172
test_11884,0.9999823570251465
test_11885,0.6955490708351135
test_11886,0.002048351103439927
test_11887,0.9999967813491821
test_11888,0.005014890804886818
test_11889,0.004229054786264896
test_11890,0.021456653252243996
test_11891,0.872144341468811
test_11892,8.349054405698553e-05
test_11893,0.9999697208404541
test_11894,0.996657133102417
test_11895,0.041094135493040085
test_11896,0.9999333620071411
test_11897,2.0538753233267926e-05
test_11898,0.00815477967262268
test_11899,0.9985688924789429
test_11900,0.9877816438674927
test_11901,0.994152843952179
test_11902,0.9999276399612427
test_11903,0.9995784163475037
test_11904,0.9999797344207764
test_11905,0.999954104423523
test_11906,0.002683203900232911
test_11907,0.9999967813491821
test_11908,0.0005454351776279509
test_11909,5.4735075536882505e-05
test_11910,0.9999967813491821
test_11911,0.999985933303833
test_11912,0.001981667010113597
test_11913,0.023013992235064507
test_11914,0.039102256298065186
test_11915,7.28056647858466e-06
test_11916,0.0094680767506361
test_11917,0.8654183149337769
test_11918,0.9998549222946167
test_11919,0.5295682549476624
test_11920,0.9999750852584839
test_11921,0.895974338054657
test_11922,0.00028403414762578905
test_11923,0.9997232556343079
test_11924,0.9999967813491821
test_11925,0.9998776912689209
test_11926,0.9999967813491821
test_11927,0.999734103679657
test_11928,0.7780684232711792
test_11929,0.00047763119800947607
test_11930,0.9999955892562866
test_11931,0.9912921786308289
test_11932,0.09324173629283905
test_11933,0.9917516112327576
test_11934,0.22050704061985016
test_11935,0.004908617120236158
test_11936,0.9999967813491821
test_11937,0.002537098014727235
test_11938,0.9999967813491821
test_11939,0.002968966495245695
test_11940,0.9994552731513977
test_11941,0.0005369392456486821
test_11942,0.999932050704956
test_11943,0.0002700135810300708
test_11944,0.0007539205253124237
test_11945,0.9999963045120239
test_11946,0.9681425094604492
test_11947,0.0008475427748635411
test_11948,0.016334686428308487
test_11949,0.3656481206417084
test_11950,0.00013222201960161328
test_11951,0.09540735185146332
test_11952,0.004748369567096233
test_11953,0.9138205647468567
test_11954,0.004847647622227669
test_11955,0.9999399185180664
test_11956,0.011471614241600037
test_11957,0.9737903475761414
test_11958,0.648745059967041
test_11959,0.9946689009666443
test_11960,0.45370814204216003
test_11961,0.04630609229207039
test_11962,0.00044377142330631614
test_11963,0.9997289776802063
test_11964,0.9851404428482056
test_11965,0.8665887713432312
test_11966,0.9991570711135864
test_11967,0.013265371322631836
test_11968,0.9999762773513794
test_11969,2.6708183213486336e-05
test_11970,0.0004750363004859537
test_11971,0.004147002007812262
test_11972,0.9999933242797852
test_11973,0.07648120820522308
test_11974,0.9999936819076538
test_11975,0.9999505281448364
test_11976,0.012884004041552544
test_11977,0.9999967813491821
test_11978,0.9999719858169556
test_11979,0.9994038343429565
test_11980,0.9958614706993103
test_11981,1.4953803656680975e-05
test_11982,0.9999649524688721
test_11983,0.9979088306427002
test_11984,0.9976873397827148
test_11985,0.0022748077753931284
test_11986,0.9892592430114746
test_11987,0.275351881980896
test_11988,0.9165695905685425
test_11989,0.572720468044281
test_11990,0.9999823570251465
test_11991,0.9823399186134338
test_11992,0.1914779543876648
test_11993,0.9997385144233704
test_11994,0.4332464635372162
test_11995,0.9746541976928711
test_11996,7.400330650852993e-05
test_11997,0.9999967813491821
test_11998,0.48628607392311096
test_11999,0.9106166362762451
test_12000,0.9964761137962341
test_12001,3.1475640298594953e-06
test_12002,0.001523126964457333
test_12003,0.9999898672103882
test_12004,4.861579782300396e-06
test_12005,0.050566885620355606
test_12006,0.7736827731132507
test_12007,0.9868163466453552
test_12008,0.005273296032100916
test_12009,0.1898634284734726
test_12010,0.00040314302896149457
test_12011,0.9999967813491821
test_12012,0.9813822507858276
test_12013,0.0006370804039761424
test_12014,0.999870777130127
test_12015,0.9769418835639954
test_12016,0.9985238909721375
test_12017,0.9999967813491821
test_12018,0.9999691247940063
test_12019,0.9999773502349854
test_12020,0.6787262558937073
test_12021,0.9999779462814331
test_12022,0.99782395362854
test_12023,1.3641215446114074e-05
test_12024,0.00015846976020839065
test_12025,0.9998903274536133
test_12026,0.0010107957059517503
test_12027,0.9998793601989746
test_12028,0.0017922070110216737
test_12029,0.0035623363219201565
test_12030,0.0017634328687563539
test_12031,0.9999967813491821
test_12032,0.39818114042282104
test_12033,0.9999967813491821
test_12034,0.9999967813491821
test_12035,0.8837587237358093
test_12036,0.1177251860499382
test_12037,0.9885828495025635
test_12038,0.042627617716789246
test_12039,3.290273525635712e-06
test_12040,0.997138261795044
test_12041,0.9999967813491821
test_12042,0.10945267230272293
test_12043,0.9999967813491821
test_12044,0.004133155103772879
test_12045,3.3771229936974123e-06
test_12046,0.9999967813491821
test_12047,0.0005281734629534185
test_12048,0.9999722242355347
test_12049,0.00014396497863344848
test_12050,0.035947203636169434
test_12051,0.002064524916931987
test_12052,0.025954434648156166
test_12053,8.771711873123422e-05
test_12054,0.9988334774971008
test_12055,0.9999967813491821
test_12056,0.6584126949310303
test_12057,0.9999963045120239
test_12058,0.7454626560211182
test_12059,0.9999967813491821
test_12060,0.9999967813491821
test_12061,0.14495167136192322
test_12062,0.0006073241238482296
test_12063,0.9999936819076538
test_12064,0.9999077320098877
test_12065,0.001560555538162589
test_12066,0.485888808965683
test_12067,0.9999521970748901
test_12068,0.01269397884607315
test_12069,0.0005630454397760332
test_12070,0.001508174231275916
test_12071,0.9999754428863525
test_12072,0.9999967813491821
test_12073,0.004975050687789917
test_12074,0.6410430073738098
test_12075,0.9999967813491821
test_12076,0.8324787616729736
test_12077,0.11179900169372559
test_12078,0.9999809265136719
test_12079,0.015031130984425545
test_12080,0.04137096926569939
test_12081,0.9998784065246582
test_12082,0.04377663880586624
test_12083,0.014317362569272518
test_12084,0.9999967813491821
test_12085,0.9999967813491821
test_12086,0.9985219836235046
test_12087,0.9999799728393555
test_12088,0.31266990303993225
test_12089,0.0011108816834166646
test_12090,0.9924772381782532
test_12091,0.9999805688858032
test_12092,0.9997871518135071
test_12093,0.999991774559021
test_12094,0.9920755624771118
test_12095,0.9997301697731018
test_12096,0.9990847110748291
test_12097,0.0008704408537596464
test_12098,0.985000491142273
test_12099,0.00016166291607078165
test_12100,0.0007971734739840031
test_12101,0.9999809265136719
test_12102,4.888761031907052e-05
test_12103,0.0007597531075589359
test_12104,0.02784016542136669
test_12105,0.004863486159592867
test_12106,0.9543994665145874
test_12107,0.9032685160636902
test_12108,0.9242920875549316
test_12109,0.23747003078460693
test_12110,0.04394974559545517
test_12111,0.9992497563362122
test_12112,0.9999967813491821
test_12113,0.925268292427063
test_12114,0.9998966455459595
test_12115,4.9047077482100576e-05
test_12116,0.022344745695590973
test_12117,0.05292075499892235
test_12118,0.9991010427474976
test_12119,0.9999967813491821
test_12120,0.9999256134033203
test_12121,0.0068480633199214935
test_12122,0.001515457988716662
test_12123,0.0010264012962579727
test_12124,0.9997476935386658
test_12125,0.003257341217249632
test_12126,0.9997896552085876
test_12127,0.9999256134033203
test_12128,0.9996923208236694
test_12129,0.04723735898733139
test_12130,0.9999494552612305
test_12131,0.9999728202819824
test_12132,0.38114699721336365
test_12133,0.9999967813491821
test_12134,0.9999929666519165
test_12135,0.8723708987236023
test_12136,0.9923815131187439
test_12137,0.9944224953651428
test_12138,0.004076298791915178
test_12139,0.996782660484314
test_12140,0.9995799660682678
test_12141,0.020652471110224724
test_12142,0.9996737241744995
test_12143,0.9985509514808655
test_12144,0.9991822838783264
test_12145,0.5133795142173767
test_12146,0.9999889135360718
test_12147,0.09385891258716583
test_12148,0.35501226782798767
test_12149,0.9999967813491821
test_12150,0.0002184362820116803
test_12151,0.9999967813491821
test_12152,0.9914520978927612
test_12153,0.0015225070528686047
test_12154,0.9999641180038452
test_12155,0.9994997978210449
test_12156,0.0043305931612849236
test_12157,0.9963646531105042
test_12158,0.00039799470687285066
test_12159,0.9999923706054688
test_12160,0.9999967813491821
test_12161,0.9999902248382568
test_12162,0.9999967813491821
test_12163,0.984664261341095
test_12164,0.9998495578765869
test_12165,8.83296161191538e-05
test_12166,0.9999949932098389
test_12167,0.852448046207428
test_12168,0.002620678162202239
test_12169,0.9784854054450989
test_12170,0.6667380332946777
test_12171,1.813803282857407e-05
test_12172,0.997710108757019
test_12173,0.9999722242355347
test_12174,0.9860824346542358
test_12175,0.9999967813491821
test_12176,0.04380456358194351
test_12177,0.00836517196148634
test_12178,0.9869807362556458
test_12179,0.7562894821166992
test_12180,0.862092137336731
test_12181,0.9735233187675476
test_12182,0.989909291267395
test_12183,0.9999967813491821
test_12184,8.837509994918946e-06
test_12185,0.9999967813491821
test_12186,0.9999420642852783
test_12187,0.5902266502380371
test_12188,0.0046182419173419476
test_12189,0.8968886733055115
test_12190,0.9973371624946594
test_12191,0.9999967813491821
test_12192,0.0007318226853385568
test_12193,0.029663221910595894
test_12194,5.1466748118400574e-05
test_12195,0.00041593541391193867
test_12196,0.0002661635517142713
test_12197,0.0016151814488694072
test_12198,0.010336226783692837
test_12199,0.8024928569793701
test_12200,0.9930023550987244
test_12201,0.1583133339881897
test_12202,0.9995672106742859
test_12203,0.999969482421875
test_12204,0.001652706298045814
test_12205,0.002645466011017561
test_12206,0.012103480286896229
test_12207,0.03131892904639244
test_12208,0.9999967813491821
test_12209,0.9999967813491821
test_12210,0.7375076413154602
test_12211,7.848824316170067e-05
test_12212,0.999815046787262
test_12213,0.004477588925510645
test_12214,0.9999967813491821
test_12215,0.9999967813491821
test_12216,0.898588240146637
test_12217,0.004581164568662643
test_12218,0.6948911547660828
test_12219,0.1134476289153099
test_12220,0.09972061216831207
test_12221,0.00015191129932645708
test_12222,0.001376764732412994
test_12223,0.01146553736180067
test_12224,0.8948600888252258
test_12225,1.554022128402721e-05
test_12226,0.03271035477519035
test_12227,5.302537374518579e-06
test_12228,0.9999967813491821
test_12229,0.0035902834497392178
test_12230,0.28324392437934875
test_12231,0.15087683498859406
test_12232,0.014173511415719986
test_12233,0.8993169069290161
test_12234,0.9999823570251465
test_12235,0.5656264424324036
test_12236,0.012558099813759327
test_12237,0.991245687007904
test_12238,0.9999302625656128
test_12239,0.9999967813491821
test_12240,0.4665110111236572
test_12241,0.012181502766907215
test_12242,6.933441000001039e-06
test_12243,0.9968421459197998
test_12244,0.00224276352673769
test_12245,0.8950230479240417
test_12246,0.9999583959579468
test_12247,0.0008224690100178123
test_12248,3.1475640298594953e-06
test_12249,0.011998207308351994
test_12250,0.561370313167572
test_12251,1.2295688975427765e-05
test_12252,0.047288667410612106
test_12253,0.9473158717155457
test_12254,0.9873557686805725
test_12255,0.013571102172136307
test_12256,0.00990273803472519
test_12257,0.009785747155547142
test_12258,0.0010522267548367381
test_12259,0.9997796416282654
test_12260,0.9999967813491821
test_12261,0.9999046325683594
test_12262,0.15733176469802856
test_12263,0.9165816307067871
test_12264,0.962209939956665
test_12265,0.014254630543291569
test_12266,0.5963444113731384
test_12267,0.40944725275039673
test_12268,0.0009793847566470504
test_12269,0.9998441934585571
test_12270,0.00021774321794509888
test_12271,0.008377322927117348
test_12272,0.9999967813491821
test_12273,0.012404247187077999
test_12274,0.9999431371688843
test_12275,0.0006735082715749741
test_12276,0.7233563661575317
test_12277,0.8476789593696594
test_12278,3.1475640298594953e-06
test_12279,0.9995607733726501
test_12280,0.9996360540390015
test_12281,0.036061495542526245
test_12282,0.05699604004621506
test_12283,0.9718409180641174
test_12284,0.8435563445091248
test_12285,0.9502829909324646
test_12286,0.15450242161750793
test_12287,0.999933123588562
test_12288,0.9999300241470337
test_12289,0.11698196083307266
test_12290,0.02155623957514763
test_12291,0.39455416798591614
test_12292,0.6321395635604858
test_12293,0.9675087928771973
test_12294,0.07133426517248154
test_12295,0.9996805191040039
test_12296,0.9946550130844116
test_12297,0.00011445663403719664
test_12298,0.003399922512471676
test_12299,0.9574354290962219
test_12300,0.04116598889231682
test_12301,0.9998621940612793
test_12302,0.010327932424843311
test_12303,0.00015293930482584983
test_12304,0.9999967813491821
test_12305,3.1475640298594953e-06
test_12306,0.9999967813491821
test_12307,0.9364423155784607
test_12308,0.4684542417526245
test_12309,0.9995984435081482
test_12310,0.22796845436096191
test_12311,0.9921940565109253
test_12312,0.8888852000236511
test_12313,0.0036227316595613956
test_12314,0.9999910593032837
test_12315,2.853619480447378e-05
test_12316,0.025603709742426872
test_12317,0.005197959020733833
test_12318,5.1130129577359185e-05
test_12319,0.3705969750881195
test_12320,0.9999967813491821
test_12321,0.9999386072158813
test_12322,0.7522841691970825
test_12323,0.005576764233410358
test_12324,0.001774057513102889
test_12325,0.9322937726974487
test_12326,0.9999967813491821
test_12327,0.999886155128479
test_12328,3.1475640298594953e-06
test_12329,0.9974256157875061
test_12330,0.9999865293502808
test_12331,8.971698662207928e-06
test_12332,0.9964220523834229
test_12333,0.001192848663777113
test_12334,5.430081000667997e-05
test_12335,0.9992757439613342
test_12336,0.003290176158770919
test_12337,0.3616984784603119
test_12338,0.0019936866592615843
test_12339,0.9997569918632507
test_12340,0.8204891681671143
test_12341,0.12085802853107452
test_12342,0.005943548399955034
test_12343,0.011130107566714287
test_12344,0.9974911212921143
test_12345,0.9996236562728882
test_12346,0.999977707862854
test_12347,0.9992372989654541
test_12348,0.633269190788269
test_12349,0.7544866800308228
test_12350,0.001592429238371551
test_12351,3.255636556787067e-06
test_12352,0.9999151229858398
test_12353,0.9999719858169556
test_12354,0.9327389001846313
test_12355,3.1475640298594953e-06
test_12356,0.961395263671875
test_12357,0.9999898672103882
test_12358,0.0028884795028716326
test_12359,0.9998210072517395
test_12360,0.0007798215374350548
test_12361,0.9999967813491821
test_12362,0.20979200303554535
test_12363,0.00011941294360440224
test_12364,0.002446586498990655
test_12365,0.9998793601989746
test_12366,0.559604823589325
test_12367,0.04517515003681183
test_12368,0.9997808337211609
test_12369,0.9999933242797852
test_12370,0.04615078493952751
test_12371,0.9998458623886108
test_12372,0.9999837875366211
test_12373,0.9906148910522461
test_12374,0.014639809727668762
test_12375,0.9987861514091492
test_12376,0.6885183453559875
test_12377,7.878468022681773e-05
test_12378,0.04588581994175911
test_12379,0.0003825017192866653
test_12380,0.0016037855530157685
test_12381,0.966254472732544
test_12382,0.0002658424782566726
test_12383,3.1475640298594953e-06
test_12384,0.9999734163284302
test_12385,3.1475640298594953e-06
test_12386,0.9993281364440918
test_12387,0.9999967813491821
test_12388,0.00010708189802244306
test_12389,0.13224467635154724
test_12390,0.09471150487661362
test_12391,0.9998371601104736
test_12392,3.1475640298594953e-06
test_12393,0.1324874758720398
test_12394,0.0010994483018293977
test_12395,0.9987443685531616
test_12396,0.6962994337081909
test_12397,0.003653430612757802
test_12398,0.0013386779464781284
test_12399,3.1475640298594953e-06
test_12400,0.9999967813491821
test_12401,0.0002783734234981239
test_12402,0.05052686110138893
test_12403,0.9999608993530273
test_12404,0.0001246990286745131
test_12405,0.17395290732383728
test_12406,0.9996119141578674
test_12407,0.9999967813491821
test_12408,0.9998401403427124
test_12409,0.9992049336433411
test_12410,0.002034672535955906
test_12411,0.9999967813491821
test_12412,0.999981164932251
test_12413,0.17388154566287994
test_12414,0.00010320470755686983
test_12415,0.5584866404533386
test_12416,0.8284283876419067
test_12417,0.551150381565094
test_12418,0.9999967813491821
test_12419,0.7257524728775024
test_12420,0.999985933303833
test_12421,0.1378573179244995
test_12422,0.9999216794967651
test_12423,0.45911964774131775
test_12424,0.9940728545188904
test_12425,0.8155688047409058
test_12426,0.9793291091918945
test_12427,0.7461127042770386
test_12428,0.5445045232772827
test_12429,0.9998875856399536
test_12430,0.9999967813491821
test_12431,0.9999967813491821
test_12432,0.9998095631599426
test_12433,0.9974945783615112
test_12434,0.9999613761901855
test_12435,0.020197158679366112
test_12436,0.005763062741607428
test_12437,0.010004499927163124
test_12438,2.1727544663008302e-05
test_12439,1.1480136890895665e-05
test_12440,0.6964776515960693
test_12441,0.9999967813491821
test_12442,0.9996148347854614
test_12443,0.11192183941602707
test_12444,0.5923241972923279
test_12445,0.9999936819076538
test_12446,0.35655221343040466
test_12447,0.0013888704124838114
test_12448,0.0008678503218106925
test_12449,0.9962175488471985
test_12450,0.9999967813491821
test_12451,0.9999910593032837
test_12452,0.9832046627998352
test_12453,0.9991282820701599
test_12454,0.4471167027950287
test_12455,0.0013781099114567041
test_12456,7.306911720661446e-05
test_12457,0.0039078365080058575
test_12458,0.9965086579322815
test_12459,0.9989120960235596
test_12460,0.026293672621250153
test_12461,0.9999736547470093
test_12462,0.013848714530467987
test_12463,0.612197756767273
test_12464,0.0002604912151582539
test_12465,0.9998853206634521
test_12466,6.624586239922792e-05
test_12467,0.9999967813491821
test_12468,0.004175113048404455
test_12469,0.0013036812888458371
test_12470,0.9999967813491821
test_12471,0.9978210926055908
test_12472,6.897210550960153e-05
test_12473,0.7775360345840454
test_12474,0.0019913038704544306
test_12475,0.02254600264132023
test_12476,0.9999630451202393
test_12477,1.5665731552871875e-05
test_12478,0.9999722242355347
test_12479,3.8256355765042827e-05
test_12480,8.009923476492986e-05
test_12481,0.004608489107340574
test_12482,0.9999135732650757
test_12483,0.0048692310228943825
test_12484,0.9999744892120361
test_12485,0.02960040606558323
test_12486,0.0010369345545768738
test_12487,0.12868669629096985
test_12488,0.00015055664698593318
test_12489,0.9999967813491821
test_12490,0.04229060187935829
test_12491,0.045903075486421585
test_12492,0.9999819993972778
test_12493,0.9999967813491821
test_12494,0.996588945388794
test_12495,0.043912373483181
test_12496,0.9739338159561157
test_12497,2.0747544112964533e-05
test_12498,0.8771303296089172
test_12499,0.9461274147033691
test_12500,0.9999258518218994
test_12501,0.9736353158950806
test_12502,3.1475640298594953e-06
test_12503,0.9999967813491821
test_12504,0.9999967813491821
test_12505,0.015659920871257782
test_12506,0.9999967813491821
test_12507,0.9982885718345642
test_12508,0.9999908208847046
test_12509,0.0012899787398055196
test_12510,0.9862104058265686
test_12511,0.3917299211025238
test_12512,0.5962218046188354
test_12513,0.0007287750486284494
test_12514,0.9997370839118958
test_12515,0.08352311700582504
test_12516,0.9993864297866821
test_12517,0.41426190733909607
test_12518,0.0032484838739037514
test_12519,0.030624892562627792
test_12520,4.4701999286189675e-05
test_12521,3.598055855036364e-06
test_12522,0.5350950956344604
test_12523,2.337740261282306e-05
test_12524,0.9999634027481079
test_12525,0.011827540583908558
test_12526,0.9999967813491821
test_12527,7.423589067911962e-06
test_12528,0.00012027929915348068
test_12529,0.034606967121362686
test_12530,0.9997461438179016
test_12531,0.00781756080687046
test_12532,0.002216710476204753
test_12533,0.999665379524231
test_12534,0.9999061822891235
test_12535,0.9998148083686829
test_12536,8.426286512985826e-06
test_12537,0.32929208874702454
test_12538,0.9999682903289795
test_12539,0.0007382896146737039
test_12540,0.9019904732704163
test_12541,0.17145681381225586
test_12542,8.729079127078876e-06
test_12543,0.00318288616836071
test_12544,0.0032614946831017733
test_12545,0.9999967813491821
test_12546,0.17112566530704498
test_12547,0.0033277820330113173
test_12548,0.9549438953399658
test_12549,0.9932292699813843
test_12550,0.9977837204933167
test_12551,0.9025379419326782
test_12552,0.9999963045120239
test_12553,0.9996984004974365
test_12554,1.2267612873984035e-05
test_12555,0.9994227886199951
test_12556,0.05174883082509041
test_12557,0.3353920876979828
test_12558,0.0014395478647202253
test_12559,0.9999946355819702
test_12560,0.9999855756759644
test_12561,0.9999748468399048
test_12562,0.48980820178985596
test_12563,0.9999892711639404
test_12564,0.003566083963960409
test_12565,3.0908391636330634e-05
test_12566,0.9999967813491821
test_12567,0.0001847507373895496
test_12568,0.2875516712665558
test_12569,0.9999521970748901
test_12570,0.9999783039093018
test_12571,0.0007796138525009155
test_12572,0.9757241606712341
test_12573,2.2144267859403044e-05
test_12574,0.612542986869812
test_12575,0.0005408368306234479
test_12576,0.2631400227546692
test_12577,0.0013926783576607704
test_12578,0.10439306497573853
test_12579,0.999790608882904
test_12580,0.005503881722688675
test_12581,0.7963413000106812
test_12582,0.011366428807377815
test_12583,0.9999829530715942
test_12584,0.9719171524047852
test_12585,0.9997726082801819
test_12586,0.07501807063817978
test_12587,0.7118391394615173
test_12588,3.1475640298594953e-06
test_12589,0.0299595408141613
test_12590,0.8949481844902039
test_12591,0.9825578331947327
test_12592,0.021802516654133797
test_12593,0.0022283941507339478
test_12594,0.8142157196998596
test_12595,0.9999678134918213
test_12596,5.269924076856114e-05
test_12597,0.9958807229995728
test_12598,0.06644485145807266
test_12599,0.00045160690206103027
test_12600,0.9996770620346069
test_12601,0.9968540072441101
test_12602,0.46764349937438965
test_12603,0.999991774559021
test_12604,0.01845366507768631
test_12605,0.24659420549869537
test_12606,0.9999929666519165
test_12607,0.052853066474199295
test_12608,0.9999959468841553
test_12609,0.5879833698272705
test_12610,0.0355817936360836
test_12611,2.0680892703239806e-05
test_12612,0.003856085008010268
test_12613,0.9982530474662781
test_12614,0.993861198425293
test_12615,0.5840559601783752
test_12616,0.08248155564069748
test_12617,3.1475640298594953e-06
test_12618,0.015337576158344746
test_12619,0.9024794697761536
test_12620,0.9949289560317993
test_12621,0.0022859678138047457
test_12622,0.06505943834781647
test_12623,0.9994857311248779
test_12624,0.9999630451202393
test_12625,0.002510222839191556
test_12626,0.006118525750935078
test_12627,0.0002794636820908636
test_12628,7.213005119410809e-06
test_12629,0.999931812286377
test_12630,1.7128077161032706e-05
test_12631,0.9999959468841553
test_12632,0.8595114350318909
test_12633,7.099083450157195e-05
test_12634,0.0030543229077011347
test_12635,7.837195153115317e-05
test_12636,0.999988317489624
test_12637,0.9797351360321045
test_12638,5.438091193354921e-06
test_12639,0.9999871253967285
test_12640,0.22158554196357727
test_12641,0.023586157709360123
test_12642,0.7645432353019714
test_12643,0.9999967813491821
test_12644,1.489236547058681e-05
test_12645,0.999991774559021
test_12646,0.9999263286590576
test_12647,0.23223528265953064
test_12648,0.01773570105433464
test_12649,0.012081869877874851
test_12650,0.999871015548706
test_12651,0.9998700618743896
test_12652,3.1475640298594953e-06
test_12653,0.998231828212738
test_12654,0.00028695419314317405
test_12655,0.9999967813491821
test_12656,0.985609233379364
test_12657,0.8621804714202881
test_12658,0.9998759031295776
test_12659,0.001190849463455379
test_12660,0.956788182258606
test_12661,0.9999669790267944
test_12662,0.9999967813491821
test_12663,7.347759674303234e-05
test_12664,8.09176799521083e-06
test_12665,0.8508193492889404
test_12666,0.17925605177879333
test_12667,0.10352413356304169
test_12668,0.009343784302473068
test_12669,0.1689867228269577
test_12670,0.9999967813491821
test_12671,0.9998233914375305
test_12672,3.5013420074392343e-06
test_12673,3.1475640298594953e-06
test_12674,0.1649697870016098
test_12675,0.9435182809829712
test_12676,0.9999133348464966
test_12677,0.9998801946640015
test_12678,0.00013479443441610783
test_12679,0.9973596930503845
test_12680,0.9999386072158813
test_12681,0.050419729202985764
test_12682,0.9823596477508545
test_12683,0.0010980948572978377
test_12684,0.9939504861831665
test_12685,0.6971259713172913
test_12686,0.9999967813491821
test_12687,0.9990529417991638
test_12688,0.9999521970748901
test_12689,0.9924373030662537
test_12690,0.1313825100660324
test_12691,0.9999967813491821
test_12692,0.998751163482666
test_12693,0.9964762330055237
test_12694,0.14850085973739624
test_12695,0.013352697715163231
test_12696,0.4020957350730896
test_12697,0.340699166059494
test_12698,0.999634861946106
test_12699,0.9642472863197327
test_12700,0.5253702402114868
test_12701,0.970560610294342
test_12702,0.00019564502872526646
test_12703,0.013231596909463406
test_12704,0.9999967813491821
test_12705,0.9999920129776001
test_12706,0.20041869580745697
test_12707,0.9979233145713806
test_12708,0.9631126523017883
test_12709,0.9999871253967285
test_12710,0.004958677105605602
test_12711,0.9969360828399658
test_12712,0.9999933242797852
test_12713,0.012088409624993801
test_12714,0.0014490782050415874
test_12715,0.8700363636016846
test_12716,8.223467375501059e-06
test_12717,0.00017414186731912196
test_12718,0.001213106676004827
test_12719,0.9998432397842407
test_12720,0.9999713897705078
test_12721,0.9980410933494568
test_12722,0.9999967813491821
test_12723,0.0008856069762259722
test_12724,0.0006311619654297829
test_12725,0.9655725955963135
test_12726,0.9922979474067688
test_12727,0.7964532971382141
test_12728,0.9999771118164062
test_12729,0.9999289512634277
test_12730,0.008988019078969955
test_12731,0.9999967813491821
test_12732,0.0196608304977417
test_12733,0.9966747760772705
test_12734,0.9999386072158813
test_12735,0.9999967813491821
test_12736,0.9979088306427002
test_12737,0.9999641180038452
test_12738,0.05318514630198479
test_12739,0.9998666048049927
test_12740,9.25394670048263e-06
test_12741,0.00024069356732070446
test_12742,0.00045091393985785544
test_12743,0.010464735329151154
test_12744,2.691837289603427e-05
test_12745,0.7667209506034851
test_12746,0.9999054670333862
test_12747,0.9997040629386902
test_12748,0.1407051682472229
test_12749,3.770214971154928e-05
test_12750,3.1475640298594953e-06
test_12751,0.0011066239094361663
test_12752,0.9991637468338013
test_12753,0.0004805676871910691
test_12754,3.1475640298594953e-06
test_12755,0.9997405409812927
test_12756,0.9999967813491821
test_12757,0.9995716214179993
test_12758,0.9504502415657043
test_12759,7.615753020218108e-06
test_12760,0.9999963045120239
test_12761,0.9994366765022278
test_12762,0.0023088031448423862
test_12763,0.999921441078186
test_12764,0.000230969802942127
test_12765,0.9999853372573853
test_12766,0.04349610209465027
test_12767,0.016528107225894928
test_12768,0.9999942779541016
test_12769,0.9998691082000732
test_12770,0.0003492161340545863
test_12771,3.1475640298594953e-06
test_12772,0.39191997051239014
test_12773,0.9999967813491821
test_12774,0.0015338046941906214
test_12775,0.9999370574951172
test_12776,0.08631683886051178
test_12777,5.3749652579426765e-05
test_12778,0.9951226115226746
test_12779,0.5614513754844666
test_12780,0.9999967813491821
test_12781,0.9999212026596069
test_12782,0.0012102671898901463
test_12783,0.9999966621398926
test_12784,0.05190248787403107
test_12785,0.9991183876991272
test_12786,0.854889988899231
test_12787,0.9999967813491821
test_12788,0.058062274008989334
test_12789,0.9999871253967285
test_12790,0.01725146546959877
test_12791,0.49337172508239746
test_12792,6.246209522942081e-05
test_12793,0.9993547797203064
test_12794,0.0013309872010722756
test_12795,0.999640941619873
test_12796,0.9996322393417358
test_12797,0.974592924118042
test_12798,0.9999788999557495
test_12799,0.0002511772036086768
test_12800,0.3107254207134247
test_12801,0.0153274554759264
test_12802,0.008426935411989689
test_12803,0.9999344348907471
test_12804,0.9999873638153076
test_12805,0.004971704445779324
test_12806,0.0773482397198677
test_12807,0.9995941519737244
test_12808,9.45279225561535e-06
test_12809,0.9999967813491821
test_12810,3.2862924854271114e-05
test_12811,0.9873570203781128
test_12812,0.9771654605865479
test_12813,0.9959278702735901
test_12814,0.0020854740869253874
test_12815,0.006861710920929909
test_12816,0.3078348636627197
test_12817,0.0007827731315046549
test_12818,3.1475640298594953e-06
test_12819,3.1475640298594953e-06
test_12820,0.9999300241470337
test_12821,0.6487627029418945
test_12822,0.9996210336685181
test_12823,0.9999955892562866
test_12824,0.14417633414268494
test_12825,0.33551323413848877
test_12826,0.8811235427856445
test_12827,0.05533435195684433
test_12828,0.9813149571418762
test_12829,0.9744841456413269
test_12830,0.008198557421565056
test_12831,0.0629216730594635
test_12832,0.9999967813491821
test_12833,3.309066414658446e-06
test_12834,0.9966890215873718
test_12835,0.9999967813491821
test_12836,0.9665339589118958
test_12837,0.9892786145210266
test_12838,0.9995724558830261
test_12839,0.005498564802110195
test_12840,0.00405763927847147
test_12841,0.004293268546462059
test_12842,2.640634738781955e-05
test_12843,0.9999967813491821
test_12844,0.9940283298492432
test_12845,0.0002301079366588965
test_12846,0.5887542366981506
test_12847,0.8572486042976379
test_12848,0.9964287877082825
test_12849,6.325398862827569e-05
test_12850,0.9998488426208496
test_12851,0.0034027756191790104
test_12852,1.2380333828332368e-05
test_12853,0.9999344348907471
test_12854,0.022443391382694244
test_12855,0.0412244088947773
test_12856,0.9964324235916138
test_12857,0.9999955892562866
test_12858,0.002019552979618311
test_12859,0.9997075200080872
test_12860,0.9996634721755981
test_12861,0.006995684467256069
test_12862,0.005553607828915119
test_12863,0.02666389010846615
test_12864,0.0009877533884719014
test_12865,0.9999936819076538
test_12866,0.1719694584608078
test_12867,0.9999725818634033
test_12868,0.9958348274230957
test_12869,0.00047143339179456234
test_12870,0.9989132881164551
test_12871,0.6535071730613708
test_12872,0.9996858835220337
test_12873,0.9986407160758972
test_12874,0.9997840523719788
test_12875,0.00023390536080114543
test_12876,0.0003769713803194463
test_12877,0.005765973124653101
test_12878,0.999964714050293
test_12879,0.999800980091095
test_12880,0.009844179265201092
test_12881,3.1475640298594953e-06
test_12882,0.9999967813491821
test_12883,0.028231868520379066
test_12884,0.13433925807476044
test_12885,7.44181452319026e-05
test_12886,0.22678989171981812
test_12887,0.8848106265068054
test_12888,0.9076210856437683
test_12889,0.00010694384400267154
test_12890,0.9999967813491821
test_12891,0.015413157641887665
test_12892,3.1475640298594953e-06
test_12893,0.999932050704956
test_12894,0.0018800909165292978
test_12895,0.9970027804374695
test_12896,0.8774182200431824
test_12897,0.9999877214431763
test_12898,0.11856846511363983
test_12899,0.16785337030887604
test_12900,0.9999967813491821
test_12901,0.9999191761016846
test_12902,0.9979775547981262
test_12903,0.996221661567688
test_12904,0.9993129968643188
test_12905,0.9999967813491821
test_12906,0.004928428679704666
test_12907,0.46212485432624817
test_12908,0.9998836517333984
test_12909,0.9982105493545532
test_12910,0.0051844771951437
test_12911,0.9999967813491821
test_12912,0.9999967813491821
test_12913,0.0008654093253426254
test_12914,3.1475640298594953e-06
test_12915,0.21527397632598877
test_12916,0.9999967813491821
test_12917,0.992295503616333
test_12918,0.2573912739753723
test_12919,0.9318164587020874
test_12920,0.9999967813491821
test_12921,0.01718689501285553
test_12922,0.054247211664915085
test_12923,0.9999759197235107
test_12924,0.9999889135360718
test_12925,0.8725866079330444
test_12926,0.9999967813491821
test_12927,0.000786882359534502
test_12928,0.0011144711170345545
test_12929,0.9998434782028198
test_12930,0.9999736547470093
test_12931,0.0038929060101509094
test_12932,0.01729903370141983
test_12933,0.9999914169311523
test_12934,0.9983083009719849
test_12935,0.0015630077105015516
test_12936,0.9962750673294067
test_12937,0.7683500647544861
test_12938,0.036944057792425156
test_12939,0.9998219609260559
test_12940,0.9979204535484314
test_12941,0.7173557877540588
test_12942,0.0964450016617775
test_12943,0.028067704290151596
test_12944,0.9999843835830688
test_12945,2.1043277229182422e-05
test_12946,0.9999967813491821
test_12947,0.9999605417251587
test_12948,0.1920192837715149
test_12949,0.01762455701828003
test_12950,0.9997809529304504
test_12951,0.3471256494522095
test_12952,0.9928619265556335
test_12953,0.9999336004257202
test_12954,4.312683813623153e-05
test_12955,0.26873546838760376
test_12956,0.9999967813491821
test_12957,0.7853742837905884
test_12958,0.0002714272413868457
test_12959,0.10268773883581161
test_12960,0.9986140727996826
test_12961,0.004873788915574551
test_12962,0.47272300720214844
test_12963,0.9999967813491821
test_12964,0.002275673672556877
test_12965,0.9722294807434082
test_12966,0.9994449019432068
test_12967,0.002367489505559206
test_12968,0.006310087628662586
test_12969,0.9823550581932068
test_12970,0.8885331153869629
test_12971,5.894843070564093e-06
test_12972,0.9303020238876343
test_12973,5.180725929676555e-05
test_12974,0.3147434592247009
test_12975,0.0020254729315638542
test_12976,0.00021078214922454208
test_12977,0.20675532519817352
test_12978,0.9862630367279053
test_12979,0.7561309933662415
test_12980,3.1475640298594953e-06
test_12981,0.9998229146003723
test_12982,0.9992274045944214
test_12983,0.2772456109523773
test_12984,0.3679380714893341
test_12985,0.9995546936988831
test_12986,0.9997594952583313
test_12987,0.9925962090492249
test_12988,0.004890877287834883
test_12989,0.9928802847862244
test_12990,0.9946097135543823
test_12991,0.0016530494904145598
test_12992,0.0013173699844628572
test_12993,0.9999127388000488
test_12994,0.454315185546875
test_12995,0.9927417039871216
test_12996,0.9999291896820068
test_12997,4.4067615817766637e-05
test_12998,0.9999967813491821
test_12999,0.9615427851676941
test_13000,0.0541880764067173
test_13001,0.9999967813491821
test_13002,0.01857425458729267
test_13003,0.9999967813491821
test_13004,0.00010084248788189143
test_13005,0.9923520684242249
test_13006,5.5430115025956184e-05
test_13007,0.0012909945799037814
test_13008,0.8791574835777283
test_13009,0.9999966621398926
test_13010,0.9540500640869141
test_13011,0.1092575415968895
test_13012,0.4415300786495209
test_13013,0.9999967813491821
test_13014,9.017722913995385e-05
test_13015,0.9999892711639404
test_13016,0.0044007920660078526
test_13017,0.9999966621398926
test_13018,0.003114465158432722
test_13019,0.9999765157699585
test_13020,0.004227599129080772
test_13021,0.1388014853000641
test_13022,0.34839779138565063
test_13023,0.7200234532356262
test_13024,0.9999967813491821
test_13025,0.9999823570251465
test_13026,0.9695107936859131
test_13027,0.9999247789382935
test_13028,0.8381354808807373
test_13029,0.9053062796592712
test_13030,0.022127602249383926
test_13031,0.7175866365432739
test_13032,0.9998260140419006
test_13033,7.675162123632617e-06
test_13034,0.999920129776001
test_13035,0.09234898537397385
test_13036,0.6920474767684937
test_13037,0.999985933303833
test_13038,0.9994863271713257
test_13039,0.9999415874481201
test_13040,0.8400900363922119
test_13041,0.9999967813491821
test_13042,0.9998350143432617
test_13043,0.9999967813491821
test_13044,0.9999955892562866
test_13045,0.05669120326638222
test_13046,0.9999457597732544
test_13047,0.03873835876584053
test_13048,0.0004975797492079437
test_13049,0.9999768733978271
test_13050,0.00014635773550253361
test_13051,0.0014587603509426117
test_13052,0.9999674558639526
test_13053,0.9972334504127502
test_13054,6.26588234808878e-06
test_13055,0.014221611432731152
test_13056,0.9999655485153198
test_13057,0.0014247515937313437
test_13058,0.0011824589455500245
test_13059,0.9927862286567688
test_13060,0.9987753033638
test_13061,0.9921351671218872
test_13062,0.9999967813491821
test_13063,0.05819220840930939
test_13064,0.020182274281978607
test_13065,0.9999463558197021
test_13066,0.7390535473823547
test_13067,0.0010735845426097512
test_13068,0.9901527762413025
test_13069,0.9999579191207886
test_13070,0.9991539716720581
test_13071,0.002602198626846075
test_13072,3.2370207918575034e-06
test_13073,0.6539740562438965
test_13074,0.9993751645088196
test_13075,0.9999967813491821
test_13076,0.018532734364271164
test_13077,0.773898720741272
test_13078,0.9329061508178711
test_13079,0.9933931231498718
test_13080,0.01974588632583618
test_13081,0.017026569694280624
test_13082,0.9999415874481201
test_13083,0.7376046180725098
test_13084,0.9715421795845032
test_13085,0.9999967813491821
test_13086,0.9927813410758972
test_13087,0.00015231757424771786
test_13088,0.9998903274536133
test_13089,0.057368308305740356
test_13090,0.03539491444826126
test_13091,0.0022390044759958982
test_13092,0.9999709129333496
test_13093,3.1475640298594953e-06
test_13094,0.9999967813491821
test_13095,0.9940782785415649
test_13096,2.1974057744955644e-05
test_13097,3.282315083197318e-05
test_13098,0.14708098769187927
test_13099,0.0059451088309288025
test_13100,0.010622315108776093
test_13101,0.12467294186353683
test_13102,0.07904483377933502
test_13103,0.5725573301315308
test_13104,3.1475640298594953e-06
test_13105,0.9999967813491821
test_13106,0.9850150942802429
test_13107,0.9969503283500671
test_13108,0.9985578656196594
test_13109,3.1475640298594953e-06
test_13110,0.9999756813049316
test_13111,0.9016295671463013
test_13112,0.9999967813491821
test_13113,0.6858351230621338
test_13114,0.741559624671936
test_13115,0.9951640367507935
test_13116,0.9913653135299683
test_13117,0.0085519440472126
test_13118,0.003972847480326891
test_13119,0.059687819331884384
test_13120,0.00042035814840346575
test_13121,0.03499579429626465
test_13122,0.000392391171772033
test_13123,0.5278695225715637
test_13124,0.9996757507324219
test_13125,0.9999452829360962
test_13126,0.0028628294821828604
test_13127,0.9999967813491821
test_13128,0.9855367541313171
test_13129,0.0042564114555716515
test_13130,0.9999967813491821
test_13131,0.002256603678688407
test_13132,0.9999617338180542
test_13133,0.001571341184899211
test_13134,0.00027397755184210837
test_13135,0.0003242945531383157
test_13136,0.0011452384060248733
test_13137,0.999962568283081
test_13138,0.9999589920043945
test_13139,0.0013867695815861225
test_13140,0.0006173430592752993
test_13141,0.9999898672103882
test_13142,0.0011731291888281703
test_13143,0.9995703101158142
test_13144,2.299975312780589e-05
test_13145,0.044724274426698685
test_13146,0.9999967813491821
test_13147,0.9991670846939087
test_13148,0.004682731814682484
test_13149,0.0005513058858923614
test_13150,0.02242199145257473
test_13151,0.999969482421875
test_13152,0.5462831258773804
test_13153,0.999555766582489
test_13154,0.0005720839835703373
test_13155,0.9999967813491821
test_13156,3.1475640298594953e-06
test_13157,0.237709641456604
test_13158,0.2617418169975281
test_13159,0.9999837875366211
test_13160,0.7766961455345154
test_13161,0.03743382543325424
test_13162,0.9645279049873352
test_13163,0.9999889135360718
test_13164,0.004936153534799814
test_13165,0.030849918723106384
test_13166,0.0017604504246264696
test_13167,0.5845819115638733
test_13168,0.07673664391040802
test_13169,0.11931069195270538
test_13170,5.304244041326456e-05
test_13171,0.07603342831134796
test_13172,0.9971464276313782
test_13173,0.0034735328517854214
test_13174,0.9999967813491821
test_13175,0.02410643734037876
test_13176,0.589928150177002
test_13177,0.049406565725803375
test_13178,0.00027118410798721015
test_13179,0.001690379809588194
test_13180,0.998661994934082
test_13181,0.009149888530373573
test_13182,0.9999819993972778
test_13183,0.9999967813491821
test_13184,0.17631354928016663
test_13185,0.9999793767929077
test_13186,0.9989905953407288
test_13187,0.9999967813491821
test_13188,1.5835932572372258e-05
test_13189,0.760519802570343
test_13190,0.07332771271467209
test_13191,0.0062190876342356205
test_13192,0.9999967813491821
test_13193,0.002434655325487256
test_13194,0.9998855590820312
test_13195,0.002202428877353668
test_13196,0.9999071359634399
test_13197,6.224975368240848e-05
test_13198,0.4041309058666229
test_13199,0.992298424243927
test_13200,0.004445470403879881
test_13201,0.0004130096931476146
test_13202,0.9475789070129395
test_13203,0.9999967813491821
test_13204,0.9999492168426514
test_13205,0.031705863773822784
test_13206,3.995221049990505e-05
test_13207,0.9999661445617676
test_13208,0.021597864106297493
test_13209,0.5097215175628662
test_13210,0.9999967813491821
test_13211,0.8809756636619568
test_13212,0.9999129772186279
test_13213,0.00024307658895850182
test_13214,1.3322654012881685e-05
test_13215,0.15871211886405945
test_13216,0.9999256134033203
test_13217,0.9999861717224121
test_13218,0.9997814297676086
test_13219,0.021869350224733353
test_13220,0.9970563650131226
test_13221,0.07320649176836014
test_13222,0.9997896552085876
test_13223,0.0008005552808754146
test_13224,0.9999657869338989
test_13225,0.45130565762519836
test_13226,0.9999837875366211
test_13227,0.9999967813491821
test_13228,0.018105030059814453
test_13229,0.003100306959822774
test_13230,0.24991628527641296
test_13231,0.9980301260948181
test_13232,0.9999661445617676
test_13233,0.000270928256213665
test_13234,0.9997217059135437
test_13235,0.013271377421915531
test_13236,0.8519517183303833
test_13237,0.004177292343229055
test_13238,0.999981164932251
test_13239,0.9999594688415527
test_13240,0.0008802173542790115
test_13241,0.06713064759969711
test_13242,0.0012461987789720297
test_13243,0.9999955892562866
test_13244,0.9998948574066162
test_13245,0.8493070006370544
test_13246,0.8897659778594971
test_13247,0.9999967813491821
test_13248,0.9978196620941162
test_13249,0.01703205145895481
test_13250,0.9984512329101562
test_13251,0.34090691804885864
test_13252,0.04432899132370949
test_13253,0.02276075817644596
test_13254,0.0058112009428441525
test_13255,0.9999889135360718
test_13256,3.1475640298594953e-06
test_13257,0.06411781907081604
test_13258,0.9715087413787842
test_13259,0.9999967813491821
test_13260,0.00011817754420917481
test_13261,0.00010067117545986548
test_13262,0.024076705798506737
test_13263,0.002331575145944953
test_13264,0.999645471572876
test_13265,0.9999967813491821
test_13266,0.9999967813491821
test_13267,0.2854677438735962
test_13268,0.40000462532043457
test_13269,3.1475640298594953e-06
test_13270,0.0025638227816671133
test_13271,0.00014149498019833118
test_13272,5.737884566769935e-05
test_13273,0.9999521970748901
test_13274,0.001738857594318688
test_13275,0.10562317818403244
test_13276,0.0026193237863481045
test_13277,0.0024167452938854694
test_13278,0.200759619474411
test_13279,0.0029471179004758596
test_13280,0.25311312079429626
test_13281,0.9885899424552917
test_13282,6.042374934622785e-06
test_13283,0.9574443101882935
test_13284,0.9993077516555786
test_13285,3.1475640298594953e-06
test_13286,0.999261200428009
test_13287,0.00019112891459371895
test_13288,0.9995118379592896
test_13289,3.1475640298594953e-06
test_13290,0.9999967813491821
test_13291,0.9969749450683594
test_13292,0.9999797344207764
test_13293,0.9999886751174927
test_13294,0.9156322479248047
test_13295,0.9999949932098389
test_13296,0.9996397495269775
test_13297,2.298788785992656e-05
test_13298,0.9999967813491821
test_13299,0.9998829364776611
test_13300,0.30066701769828796
test_13301,0.9999967813491821
test_13302,0.9998677968978882
test_13303,0.0016964046517387033
test_13304,0.9999104738235474
test_13305,0.9949146509170532
test_13306,0.0005572649533860385
test_13307,0.0026215955149382353
test_13308,0.9999967813491821
test_13309,0.9999967813491821
test_13310,0.9999967813491821
test_13311,0.8713895082473755
test_13312,0.07604304701089859
test_13313,0.7763106822967529
test_13314,0.9999967813491821
test_13315,0.9999967813491821
test_13316,0.859621524810791
test_13317,0.999914288520813
test_13318,0.003967533353716135
test_13319,0.9995562434196472
test_13320,0.005165398120880127
test_13321,0.020656216889619827
test_13322,0.0004614155914168805
test_13323,0.9999967813491821
test_13324,0.008026806637644768
test_13325,3.5938501241616905e-05
test_13326,0.13560616970062256
test_13327,0.9923592209815979
test_13328,0.015512237325310707
test_13329,0.4567221701145172
test_13330,0.006283788941800594
test_13331,0.1364852488040924
test_13332,0.00019750358478631824
test_13333,0.9999880790710449
test_13334,0.004083521664142609
test_13335,0.002996044931933284
test_13336,0.07913628220558167
test_13337,0.9999967813491821
test_13338,0.6250991225242615
test_13339,0.980217695236206
test_13340,0.9917700290679932
test_13341,0.9998985528945923
test_13342,0.97117018699646
test_13343,0.9969131946563721
test_13344,0.9999771118164062
test_13345,0.9998888969421387
test_13346,0.8890480995178223
test_13347,0.006256469991058111
test_13348,0.0012167380191385746
test_13349,0.0008817678899504244
test_13350,1.8705612092162482e-05
test_13351,0.9997127652168274
test_13352,0.00024852753267623484
test_13353,0.9451442360877991
test_13354,0.9999967813491821
test_13355,0.9907930493354797
test_13356,0.9999750852584839
test_13357,0.04782611131668091
test_13358,0.9999967813491821
test_13359,0.9999189376831055
test_13360,0.9999967813491821
test_13361,0.0032417529728263617
test_13362,0.999923586845398
test_13363,0.03992277383804321
test_13364,0.9999967813491821
test_13365,0.9999927282333374
test_13366,0.9987255930900574
test_13367,0.9999967813491821
test_13368,0.8785731792449951
test_13369,0.00010998085781466216
test_13370,0.8148612380027771
test_13371,0.9999967813491821
test_13372,0.9999967813491821
test_13373,0.9782689213752747
test_13374,0.9948445558547974
test_13375,0.9999967813491821
test_13376,0.9997358918190002
test_13377,0.3671222925186157
test_13378,0.09902336448431015
test_13379,0.0005274266004562378
test_13380,0.9149696230888367
test_13381,7.634951543877833e-06
test_13382,0.9570711255073547
test_13383,0.9997500777244568
test_13384,0.9949133396148682
test_13385,0.9838120341300964
test_13386,3.1475640298594953e-06
test_13387,0.006465863436460495
test_13388,3.1475640298594953e-06
test_13389,1.7637710698181763e-05
test_13390,0.0019514404702931643
test_13391,0.9998074173927307
test_13392,0.0044030193239450455
test_13393,0.4044933617115021
test_13394,0.9996639490127563
test_13395,0.999974250793457
test_13396,0.9860154390335083
test_13397,0.936722993850708
test_13398,0.9176909327507019
test_13399,0.9997751116752625
test_13400,0.9989957213401794
test_13401,0.0001496406621299684
test_13402,0.9994699358940125
test_13403,0.9999967813491821
test_13404,0.9999963045120239
test_13405,0.999991774559021
test_13406,0.9999910593032837
test_13407,7.928443665150553e-05
test_13408,0.010938731022179127
test_13409,0.9999258518218994
test_13410,0.5758528709411621
test_13411,0.9998698234558105
test_13412,0.9999927282333374
test_13413,2.9403985536191612e-05
test_13414,0.7595828771591187
test_13415,0.999991774559021
test_13416,0.9999967813491821
test_13417,5.103731837152736e-06
test_13418,0.009346812963485718
test_13419,0.9738264083862305
test_13420,0.99949049949646
test_13421,0.000175727138412185
test_13422,3.1475640298594953e-06
test_13423,0.9543017148971558
test_13424,0.9996286630630493
test_13425,0.0007135439664125443
test_13426,6.315212522167712e-05
test_13427,0.9999831914901733
test_13428,0.9999967813491821
test_13429,0.9974338412284851
test_13430,0.00017382817168254405
test_13431,0.9999672174453735
test_13432,0.00046852321247570217
test_13433,0.031084422022104263
test_13434,0.9999967813491821
test_13435,0.8615912795066833
test_13436,3.1475640298594953e-06
test_13437,0.004978751298040152
test_13438,0.9999617338180542
test_13439,0.9999837875366211
test_13440,0.9999680519104004
test_13441,0.9999756813049316
test_13442,0.9999967813491821
test_13443,0.9986188411712646
test_13444,0.9999967813491821
test_13445,0.9999967813491821
test_13446,0.0009678255883045495
test_13447,0.5384639501571655
test_13448,0.034735001623630524
test_13449,0.0045693181455135345
test_13450,0.9895725846290588
test_13451,0.7490667700767517
test_13452,0.9926580786705017
test_13453,0.9999567270278931
test_13454,0.0025319072883576155
test_13455,0.01301552727818489
test_13456,0.9999967813491821
test_13457,0.9878249168395996
test_13458,0.8765735626220703
test_13459,0.9983592629432678
test_13460,0.008054746314883232
test_13461,3.221186489099637e-05
test_13462,0.9999967813491821
test_13463,0.15407924354076385
test_13464,0.00016003442578949034
test_13465,0.005999817978590727
test_13466,0.9999709129333496
test_13467,0.00859768595546484
test_13468,0.2961508631706238
test_13469,0.9995203018188477
test_13470,0.5599021911621094
test_13471,0.9999963045120239
test_13472,0.9983553290367126
test_13473,0.9999967813491821
test_13474,0.9795976281166077
test_13475,0.9999967813491821
test_13476,0.0017275407444685698
test_13477,0.9999963045120239
test_13478,0.9999959468841553
test_13479,0.9999967813491821
test_13480,0.9999583959579468
test_13481,0.9999967813491821
test_13482,0.3248603940010071
test_13483,0.999915361404419
test_13484,0.006920072715729475
test_13485,0.9999967813491821
test_13486,0.450602263212204
test_13487,0.568448007106781
test_13488,0.5747494101524353
test_13489,0.9986236095428467
test_13490,3.1475640298594953e-06
test_13491,0.9171860814094543
test_13492,0.999090313911438
test_13493,0.9999967813491821
test_13494,1.1113167602161411e-05
test_13495,0.06568936258554459
test_13496,0.9992475509643555
test_13497,0.5680851936340332
test_13498,0.9982612729072571
test_13499,0.005566487088799477
test_13500,0.9999115467071533
test_13501,9.78996031335555e-05
test_13502,0.005521176382899284
test_13503,0.0013422787887975574
test_13504,0.003916164394468069
test_13505,0.690647542476654
test_13506,0.02115340158343315
test_13507,0.06522126495838165
test_13508,0.9793745875358582
test_13509,0.0002829481672961265
test_13510,0.10110187530517578
test_13511,0.9942514896392822
test_13512,0.9146976470947266
test_13513,0.010096175596117973
test_13514,0.08848654478788376
test_13515,0.001659184810705483
test_13516,0.03779952600598335
test_13517,0.1904817372560501
test_13518,2.1557849322562106e-05
test_13519,0.08676660060882568
test_13520,0.8065877556800842
test_13521,0.9999920129776001
test_13522,0.3414602279663086
test_13523,0.9999762773513794
test_13524,0.999991774559021
test_13525,0.9996210336685181
test_13526,0.04593125730752945
test_13527,0.9998600482940674
test_13528,0.9999967813491821
test_13529,0.9999967813491821
test_13530,0.9999849796295166
test_13531,0.07942495495080948
test_13532,0.6831408739089966
test_13533,0.9999791383743286
test_13534,0.0004267963522579521
test_13535,0.9999967813491821
test_13536,0.031752970069646835
test_13537,8.027839794522151e-05
test_13538,0.005410312209278345
test_13539,0.04142438992857933
test_13540,0.995930016040802
test_13541,0.9995811581611633
test_13542,0.0001445450325263664
test_13543,2.62687372014625e-05
test_13544,0.9999433755874634
test_13545,0.9739993214607239
test_13546,0.9999967813491821
test_13547,0.0007353257387876511
test_13548,0.9039525985717773
test_13549,0.9989680051803589
test_13550,0.2787095308303833
test_13551,0.8338747024536133
test_13552,0.08163944631814957
test_13553,0.9999805688858032
test_13554,0.9999967813491821
test_13555,0.003071487881243229
test_13556,0.575563907623291
test_13557,0.9996631145477295
test_13558,0.08446211367845535
test_13559,3.1475640298594953e-06
test_13560,0.01708187535405159
test_13561,0.046798672527074814
test_13562,0.03377874195575714
test_13563,0.957470178604126
test_13564,0.9989386200904846
test_13565,0.9999967813491821
test_13566,0.9213237166404724
test_13567,0.9988901019096375
test_13568,0.9967156648635864
test_13569,0.9999560117721558
test_13570,0.9999809265136719
test_13571,0.055007148534059525
test_13572,0.9983844757080078
test_13573,0.9999853372573853
test_13574,0.2663321793079376
test_13575,0.9934341907501221
test_13576,0.00012730315211229026
test_13577,0.41613420844078064
test_13578,0.9923128485679626
test_13579,0.013246497139334679
test_13580,0.0009633004083298147
test_13581,0.8639395236968994
test_13582,0.9999929666519165
test_13583,2.3200791474664584e-05
test_13584,0.9999966621398926
test_13585,0.9860804677009583
test_13586,0.9999551773071289
test_13587,0.03863826394081116
test_13588,0.8467584252357483
test_13589,0.9999953508377075
test_13590,0.3970475494861603
test_13591,6.519606540678069e-05
test_13592,0.997127115726471
test_13593,0.999932050704956
test_13594,0.0015636768657714128
test_13595,3.1475640298594953e-06
test_13596,5.59946192879579e-06
test_13597,0.6698694825172424
test_13598,0.10139724612236023
test_13599,0.9999886751174927
test_13600,0.016348782926797867
test_13601,0.9999908208847046
test_13602,0.9999967813491821
test_13603,0.9999967813491821
test_13604,0.9987170696258545
test_13605,0.0011968640610575676
test_13606,0.9999967813491821
test_13607,3.1475640298594953e-06
test_13608,2.7528234568308108e-05
test_13609,0.9999843835830688
test_13610,0.9999967813491821
test_13611,0.9999831914901733
test_13612,0.9999420642852783
test_13613,0.9993569254875183
test_13614,0.9999904632568359
test_13615,0.9999562501907349
test_13616,0.008288446813821793
test_13617,0.9983885288238525
test_13618,3.1475640298594953e-06
test_13619,0.9999266862869263
test_13620,0.004885871894657612
test_13621,0.9996811151504517
test_13622,0.9999929666519165
test_13623,0.00010269090125802904
test_13624,0.00040419911965727806
test_13625,0.9518221020698547
test_13626,0.00040401058504357934
test_13627,3.1475640298594953e-06
test_13628,0.17208094894886017
test_13629,0.007230760529637337
test_13630,0.00034083318314515054
test_13631,0.4310845136642456
test_13632,0.9995307922363281
test_13633,0.035883963108062744
test_13634,0.9999967813491821
test_13635,0.9998695850372314
test_13636,0.9999967813491821
test_13637,0.9988194108009338
test_13638,0.9948090314865112
test_13639,0.5079806447029114
test_13640,0.2503153383731842
test_13641,0.9996199607849121
test_13642,0.002668899716809392
test_13643,0.00029255670960992575
test_13644,3.1475640298594953e-06
test_13645,0.9999967813491821
test_13646,0.9999967813491821
test_13647,0.9965165853500366
test_13648,0.020807458087801933
test_13649,0.003642894560471177
test_13650,0.00034841473097912967
test_13651,0.9716672301292419
test_13652,0.0066347927786409855
test_13653,0.44933605194091797
test_13654,0.038100454956293106
test_13655,0.0003496072022244334
test_13656,0.9900979399681091
test_13657,0.02019488997757435
test_13658,0.9496583938598633
test_13659,0.9999967813491821
test_13660,0.001987406285479665
test_13661,0.01590975746512413
test_13662,0.9886502027511597
test_13663,0.00041006694664247334
test_13664,0.9999967813491821
test_13665,0.00011057278607040644
test_13666,0.9015210270881653
test_13667,3.1475640298594953e-06
test_13668,0.030739067122340202
test_13669,0.7093980312347412
test_13670,0.004919937811791897
test_13671,0.0003748481394723058
test_13672,0.002782082185149193
test_13673,0.00040759140392765403
test_13674,0.9942080974578857
test_13675,0.00426312442868948
test_13676,0.9950788021087646
test_13677,0.045965343713760376
test_13678,0.00484859524294734
test_13679,0.05401933938264847
test_13680,0.0020763217471539974
test_13681,0.9999628067016602
test_13682,0.9999967813491821
test_13683,0.9999929666519165
test_13684,0.34586361050605774
test_13685,0.9852256178855896
test_13686,0.005291758105158806
test_13687,0.9998735189437866
test_13688,0.9999394416809082
test_13689,0.9999513626098633
test_13690,0.9781197309494019
test_13691,0.9999967813491821
test_13692,0.07741474360227585
test_13693,0.0003375727101229131
test_13694,0.002133548492565751
test_13695,0.9999967813491821
test_13696,0.9999967813491821
test_13697,0.7442938685417175
test_13698,0.9999967813491821
test_13699,0.9999967813491821
test_13700,0.999981164932251
test_13701,1.2198001968499739e-05
test_13702,0.9999773502349854
test_13703,0.00024373570340685546
test_13704,0.00029789397376589477
test_13705,0.9996616840362549
test_13706,0.17004646360874176
test_13707,2.2389825971913524e-05
test_13708,0.42919081449508667
test_13709,0.9401523470878601
test_13710,0.010876336134970188
test_13711,0.003263331949710846
test_13712,0.3853360712528229
test_13713,0.9998519420623779
test_13714,0.05934664234519005
test_13715,0.0001689906493993476
test_13716,9.825258530327119e-06
test_13717,0.9998090863227844
test_13718,0.9993709921836853
test_13719,0.9884719848632812
test_13720,0.029573990032076836
test_13721,0.9999479055404663
test_13722,0.9991303086280823
test_13723,0.0006311387987807393
test_13724,0.058761075139045715
test_13725,0.9999967813491821
test_13726,0.026364365592598915
test_13727,0.9952046871185303
test_13728,0.022848939523100853
test_13729,0.9999030828475952
test_13730,0.00012261857045814395
test_13731,0.000704776553902775
test_13732,0.9999967813491821
test_13733,0.9977226853370667
test_13734,0.18901067972183228
test_13735,0.9412968754768372
test_13736,0.9999605417251587
test_13737,1.2806987797375768e-05
test_13738,0.9999064207077026
test_13739,0.9999959468841553
test_13740,1.79943090188317e-05
test_13741,0.21482115983963013
test_13742,9.092100663110614e-05
test_13743,4.968862867826829e-06
test_13744,0.44446489214897156
test_13745,0.01244243886321783
test_13746,0.996423065662384
test_13747,0.0914374515414238
test_13748,3.1475640298594953e-06
test_13749,0.9999638795852661
test_13750,3.33802672685124e-05
test_13751,0.9998422861099243
test_13752,0.6844139695167542
test_13753,0.7385732531547546
test_13754,0.9999809265136719
test_13755,0.002698158146813512
test_13756,0.9999444484710693
test_13757,0.07280395179986954
test_13758,0.5396382212638855
test_13759,0.8610330820083618
test_13760,0.0012622668873518705
test_13761,0.12203308194875717
test_13762,5.1519145927159116e-06
test_13763,0.999170184135437
test_13764,0.9889617562294006
test_13765,0.9999933242797852
test_13766,0.0010888895485550165
test_13767,0.0018784157000482082
test_13768,0.9998205304145813
test_13769,0.9875617027282715
test_13770,0.014419587329030037
test_13771,0.2133355736732483
test_13772,0.04781324788928032
test_13773,0.2436470240354538
test_13774,0.0007321634329855442
test_13775,0.0001500348444096744
test_13776,0.9999855756759644
test_13777,0.9999054670333862
test_13778,0.5121275782585144
test_13779,0.9999967813491821
test_13780,0.9999967813491821
test_13781,0.14804436266422272
test_13782,0.9999936819076538
test_13783,0.04619409888982773
test_13784,0.0024308341089636087
test_13785,0.9999949932098389
test_13786,0.0002869664749596268
test_13787,0.9992223978042603
test_13788,0.023507876321673393
test_13789,0.9995654225349426
test_13790,0.5525496602058411
test_13791,0.01955588161945343
test_13792,0.9952813982963562
test_13793,0.06329615414142609
test_13794,0.0003860595461446792
test_13795,0.004438798408955336
test_13796,0.9999967813491821
test_13797,0.9994001388549805
test_13798,0.026614833623170853
test_13799,0.00300345616415143
test_13800,0.9992803931236267
test_13801,0.9097137451171875
test_13802,0.00044773478293791413
test_13803,5.3847237722948194e-05
test_13804,0.8859509825706482
test_13805,0.007407651282846928
test_13806,0.9794610738754272
test_13807,0.6105278730392456
test_13808,0.9998418092727661
test_13809,0.01385118905454874
test_13810,0.9999967813491821
test_13811,0.000806472497060895
test_13812,0.9959890246391296
test_13813,0.9995669722557068
test_13814,4.889856791123748e-05
test_13815,0.7102880477905273
test_13816,0.9999967813491821
test_13817,0.9999867677688599
test_13818,0.9989737272262573
test_13819,0.9764189124107361
test_13820,0.9999967813491821
test_13821,0.003608935046941042
test_13822,0.0019460198236629367
test_13823,0.9978139400482178
test_13824,0.34542205929756165
test_13825,0.015664244070649147
test_13826,0.9999967813491821
test_13827,0.9999674558639526
test_13828,0.9998483657836914
test_13829,0.9999910593032837
test_13830,0.0011670301901176572
test_13831,0.011264262720942497
test_13832,0.9999967813491821
test_13833,0.9999871253967285
test_13834,0.08645983040332794
test_13835,0.9979404807090759
test_13836,0.9994180202484131
test_13837,0.7553204894065857
test_13838,0.002123254118487239
test_13839,0.9998500347137451
test_13840,0.9987503290176392
test_13841,0.011889747343957424
test_13842,0.9999861717224121
test_13843,0.2947963774204254
test_13844,0.052261751145124435
test_13845,0.9999744892120361
test_13846,0.9962576627731323
test_13847,0.0007570844027213752
test_13848,0.9999436140060425
test_13849,0.09402120113372803
test_13850,0.9831439852714539
test_13851,0.08454005420207977
test_13852,0.9992757439613342
test_13853,0.9999966621398926
test_13854,0.9999959468841553
test_13855,0.0017873648321256042
test_13856,0.0012154839932918549
test_13857,0.9999967813491821
test_13858,0.9999940395355225
test_13859,0.9999967813491821
test_13860,0.5321083068847656
test_13861,0.9999967813491821
test_13862,0.9999940395355225
test_13863,0.9999967813491821
test_13864,0.12140373885631561
test_13865,0.9899809956550598
test_13866,4.359612285043113e-05
test_13867,0.009625048376619816
test_13868,4.764287223224528e-05
test_13869,0.9995713829994202
test_13870,0.3228842616081238
test_13871,0.0017734242137521505
test_13872,0.00012452826194930822
test_13873,0.9943432807922363
test_13874,0.999420166015625
test_13875,0.09059504419565201
test_13876,0.9996988773345947
test_13877,0.012350400909781456
test_13878,0.9999967813491821
test_13879,0.025231288745999336
test_13880,0.9999892711639404
test_13881,0.9999967813491821
test_13882,1.2862435141869355e-05
test_13883,0.9999740123748779
test_13884,0.0007612565532326698
test_13885,0.004033368546515703
test_13886,0.5036460161209106
test_13887,0.9807111620903015
test_13888,0.345505028963089
test_13889,0.5448305606842041
test_13890,5.406416312325746e-05
test_13891,0.9999967813491821
test_13892,0.9999967813491821
test_13893,0.07791206985712051
test_13894,0.0006391131901182234
test_13895,0.004785389639437199
test_13896,0.99972003698349
test_13897,0.0038780111353844404
test_13898,0.9999463558197021
test_13899,0.9996113181114197
test_13900,0.9992013573646545
test_13901,0.43968823552131653
test_13902,0.3847261071205139
test_13903,0.9999967813491821
test_13904,0.9999967813491821
test_13905,8.051610166148748e-06
test_13906,0.9996705055236816
test_13907,0.9999771118164062
test_13908,5.204547051107511e-06
test_13909,0.4876375198364258
test_13910,0.9999967813491821
test_13911,0.08652257174253464
test_13912,0.9999204874038696
test_13913,1.787659857654944e-05
test_13914,0.0017232863465324044
test_13915,0.012931971810758114
test_13916,0.9999260902404785
test_13917,0.19267165660858154
test_13918,3.772110721911304e-05
test_13919,0.9999853372573853
test_13920,0.39762842655181885
test_13921,0.9999061822891235
test_13922,0.9978698492050171
test_13923,0.9999967813491821
test_13924,0.9999284744262695
test_13925,0.9999967813491821
test_13926,0.9999959468841553
test_13927,0.0069649131037294865
test_13928,0.9994310736656189
test_13929,0.9999933242797852
test_13930,0.9999967813491821
test_13931,0.8741360306739807
test_13932,0.8623388409614563
test_13933,0.5258718132972717
test_13934,0.004263047128915787
test_13935,0.005305338650941849
test_13936,0.9999598264694214
test_13937,0.9999399185180664
test_13938,0.9999967813491821
test_13939,0.9999967813491821
test_13940,0.9837642312049866
test_13941,0.12136431038379669
test_13942,0.00743592856451869
test_13943,0.9999592304229736
test_13944,0.9999967813491821
test_13945,0.0003457602870184928
test_13946,0.0062796613201498985
test_13947,0.9983811378479004
test_13948,4.3372278014430776e-05
test_13949,0.0001408759708283469
test_13950,0.1291268765926361
test_13951,0.18503518402576447
test_13952,0.9999908208847046
test_13953,0.9987844824790955
test_13954,0.9999709129333496
test_13955,0.9992087483406067
test_13956,0.950465738773346
test_13957,0.012244118377566338
test_13958,0.999988317489624
test_13959,0.01052095741033554
test_13960,0.9992392063140869
test_13961,0.9999967813491821
test_13962,0.9999560117721558
test_13963,0.9998834133148193
test_13964,0.8783080577850342
test_13965,0.8067489862442017
test_13966,0.0024970662780106068
test_13967,0.9999967813491821
test_13968,0.8078116178512573
test_13969,0.0021737278439104557
test_13970,2.7281916118226945e-05
test_13971,0.6143876314163208
test_13972,0.000359080993803218
test_13973,0.9999023675918579
test_13974,0.9997599720954895
test_13975,0.9999967813491821
test_13976,0.9827824234962463
test_13977,0.9995290040969849
test_13978,0.587581992149353
test_13979,0.0004643148567993194
test_13980,0.08910419046878815
test_13981,0.012068762443959713
test_13982,0.04564044252038002
test_13983,0.9994246959686279
test_13984,0.9777917265892029
test_13985,0.9999841451644897
test_13986,0.5874369740486145
test_13987,0.08300650119781494
test_13988,0.9998321533203125
test_13989,0.9999622106552124
test_13990,0.9978299736976624
test_13991,0.013098488561809063
test_13992,0.9999967813491821
test_13993,0.7259860634803772
test_13994,0.0002483100979588926
test_13995,0.9981321692466736
test_13996,0.9939508438110352
test_13997,0.010568185709416866
test_13998,0.5618460178375244
test_13999,0.9999967813491821
test_14000,1.494859952799743e-05
test_14001,5.2200812206137925e-06
test_14002,0.004634176846593618
test_14003,0.3259213864803314
test_14004,0.9999043941497803
test_14005,0.0019423180492594838
test_14006,0.9999967813491821
test_14007,0.9999967813491821
test_14008,0.9999129772186279
test_14009,0.9999967813491821
test_14010,9.165580559056252e-05
test_14011,0.986725926399231
test_14012,0.9999967813491821
test_14013,0.9997033476829529
test_14014,0.48214465379714966
test_14015,0.9994895458221436
test_14016,0.9999967813491821
test_14017,0.07616138458251953
test_14018,0.00032173580257222056
test_14019,0.9963083863258362
test_14020,0.9811781644821167
test_14021,0.0013919848715886474
test_14022,0.9999823570251465
test_14023,0.00019458164751995355
test_14024,0.0008760634227655828
test_14025,0.9999967813491821
test_14026,0.001757859718054533
test_14027,0.014422154054045677
test_14028,0.9999825954437256
test_14029,0.0018080384470522404
test_14030,0.9999433755874634
test_14031,0.9999927282333374
test_14032,3.429153730394319e-05
test_14033,0.00047353931586258113
test_14034,0.004052876960486174
test_14035,0.007777263876050711
test_14036,8.263494237326086e-05
test_14037,0.0005547601031139493
test_14038,0.04306291788816452
test_14039,0.999815046787262
test_14040,0.009112444706261158
test_14041,0.013587542809545994
test_14042,0.9999967813491821
test_14043,0.9994102716445923
test_14044,0.9307095408439636
test_14045,0.11434361338615417
test_14046,0.9944078922271729
test_14047,0.9993683695793152
test_14048,0.005923912860453129
test_14049,0.04023704305291176
test_14050,0.009639395400881767
test_14051,0.01472016703337431
test_14052,0.9998509883880615
test_14053,0.6373249292373657
test_14054,0.9999959468841553
test_14055,0.0003770161420106888
test_14056,5.242141196504235e-05
test_14057,0.9997449517250061
test_14058,0.9987118244171143
test_14059,0.9999394416809082
test_14060,0.9965314269065857
test_14061,0.991622269153595
test_14062,0.0016160374507308006
test_14063,0.0014725176151841879
test_14064,0.9998621940612793
test_14065,0.9998031258583069
test_14066,0.0776146873831749
test_14067,0.10822171717882156
test_14068,0.9986067414283752
test_14069,0.00030122630414552987
test_14070,0.00030574569245800376
test_14071,0.0005898013478145003
test_14072,0.9966906309127808
test_14073,0.054693203419446945
test_14074,0.9999898672103882
test_14075,0.0011971541680395603
test_14076,0.001069850753992796
test_14077,0.9999750852584839
test_14078,0.9999967813491821
test_14079,0.9997237324714661
test_14080,0.9999655485153198
test_14081,0.9648413062095642
test_14082,0.12070895731449127
test_14083,0.6412808299064636
test_14084,0.9957897067070007
test_14085,0.9999967813491821
test_14086,0.07115011662244797
test_14087,0.9999967813491821
test_14088,0.9981081485748291
test_14089,0.1390984207391739
test_14090,0.0015133856795728207
test_14091,0.00016769496141932905
test_14092,0.024920741096138954
test_14093,0.0005485599976964295
test_14094,0.9926256537437439
test_14095,0.9975795149803162
test_14096,0.9996304512023926
test_14097,0.9999967813491821
test_14098,0.9998379945755005
test_14099,0.00023856376355979592
test_14100,0.09662001579999924
test_14101,0.9420580863952637
test_14102,0.3227536082267761
test_14103,0.5152652263641357
test_14104,0.9999535083770752
test_14105,0.15483972430229187
test_14106,0.9997147917747498
test_14107,0.9967669248580933
test_14108,0.00015937109128572047
test_14109,0.012474511750042439
test_14110,0.006956738885492086
test_14111,0.9999959468841553
test_14112,0.9413131475448608
test_14113,0.05327654629945755
test_14114,0.12717227637767792
test_14115,0.003670523874461651
test_14116,0.9996931552886963
test_14117,0.997266411781311
test_14118,0.00856239814311266
test_14119,0.9999967813491821
test_14120,0.0017014892073348165
test_14121,4.065833763888804e-06
test_14122,0.9997979998588562
test_14123,0.9999904632568359
test_14124,0.0068550752475857735
test_14125,0.9994091987609863
test_14126,0.9999066591262817
test_14127,0.9999967813491821
test_14128,0.0022217361256480217
test_14129,0.789960503578186
test_14130,9.890785804600455e-06
test_14131,0.013115344569087029
test_14132,0.9967904686927795
test_14133,0.0014820625074207783
test_14134,4.368313057057094e-06
test_14135,0.9711111783981323
test_14136,0.08551611751317978
test_14137,1.9382936443435028e-05
test_14138,0.9846315383911133
test_14139,0.08920683711767197
test_14140,0.6940771341323853
test_14141,0.9958142638206482
test_14142,0.00019565958064049482
test_14143,0.000234947117860429
test_14144,0.0015264555113390088
test_14145,0.0067900377325713634
test_14146,0.998522937297821
test_14147,0.9999910593032837
test_14148,7.366850695689209e-06
test_14149,0.9999877214431763
test_14150,0.000660860852804035
test_14151,0.9952547550201416
test_14152,0.956839919090271
test_14153,0.003358899848535657
test_14154,0.8895564675331116
test_14155,0.8765570521354675
test_14156,0.011143151670694351
test_14157,0.7434961199760437
test_14158,0.9995997548103333
test_14159,3.1475640298594953e-06
test_14160,0.18692468106746674
test_14161,0.0013182667316868901
test_14162,0.9999967813491821
test_14163,0.9999933242797852
test_14164,0.014738915488123894
test_14165,0.9999967813491821
test_14166,0.00030850982875563204
test_14167,0.9999756813049316
test_14168,3.417309017095249e-06
test_14169,0.00014169196947477758
test_14170,0.9999967813491821
test_14171,0.9994744658470154
test_14172,0.005784896202385426
test_14173,1.365305797662586e-05
test_14174,0.9630603194236755
test_14175,0.9999967813491821
test_14176,0.4756726026535034
test_14177,0.009628703817725182
test_14178,9.353459972771816e-06
test_14179,0.9999967813491821
test_14180,0.01921418309211731
test_14181,0.013318491168320179
test_14182,2.2114150851848535e-05
test_14183,0.9999102354049683
test_14184,0.3260401487350464
test_14185,0.99958735704422
test_14186,0.0005411740276031196
test_14187,0.0032032704912126064
test_14188,0.01520369853824377
test_14189,5.48627031093929e-06
test_14190,0.9999967813491821
test_14191,0.9999927282333374
test_14192,0.9999967813491821
test_14193,0.5712865591049194
test_14194,0.7027534246444702
test_14195,0.9999967813491821
test_14196,0.9995052814483643
test_14197,0.9995853304862976
test_14198,0.9920935034751892
test_14199,0.00038936513010412455
test_14200,0.006681255530565977
test_14201,0.002249295823276043
test_14202,0.020691033452749252
test_14203,0.9996248483657837
test_14204,0.028501475229859352
test_14205,0.9954299926757812
test_14206,0.9648460745811462
test_14207,0.35476088523864746
test_14208,0.9999967813491821
test_14209,0.17178067564964294
test_14210,0.9999562501907349
test_14211,0.00027545294142328203
test_14212,0.9999967813491821
test_14213,0.4288013279438019
test_14214,0.9955190420150757
test_14215,0.9999186992645264
test_14216,0.0008371940348297358
test_14217,0.003113069338724017
test_14218,0.018571266904473305
test_14219,0.9999849796295166
test_14220,3.1475640298594953e-06
test_14221,0.9994470477104187
test_14222,0.0006570303230546415
test_14223,0.021491389721632004
test_14224,0.011777049861848354
test_14225,0.9999967813491821
test_14226,0.9107095003128052
test_14227,0.9998098015785217
test_14228,0.0011045555584132671
test_14229,0.9999871253967285
test_14230,0.9999759197235107
test_14231,0.9261009097099304
test_14232,0.13110102713108063
test_14233,0.9999967813491821
test_14234,0.022030029445886612
test_14235,0.00013554120960179716
test_14236,0.027247602120041847
test_14237,0.9999902248382568
test_14238,0.00010788442159537226
test_14239,0.06927760690450668
test_14240,0.004372780676931143
test_14241,0.8860802054405212
test_14242,4.452569191926159e-05
test_14243,0.9998563528060913
test_14244,0.9990841150283813
test_14245,0.9999431371688843
test_14246,0.9995487332344055
test_14247,0.8611207008361816
test_14248,0.9970799088478088
test_14249,0.009080282412469387
test_14250,0.9999942779541016
test_14251,0.9986741542816162
test_14252,0.996415376663208
test_14253,0.9999967813491821
test_14254,0.9999967813491821
test_14255,0.0015561264008283615
test_14256,0.6215713024139404
test_14257,0.9998283386230469
test_14258,7.56086446926929e-05
test_14259,0.9934638142585754
test_14260,6.862741429358721e-06
test_14261,5.156830229680054e-05
test_14262,0.9999895095825195
test_14263,0.0498814694583416
test_14264,0.9994565844535828
test_14265,0.0006846158066764474
test_14266,0.010163828730583191
test_14267,0.9977274537086487
test_14268,0.010591146536171436
test_14269,0.005817631725221872
test_14270,0.7180408239364624
test_14271,4.726825500256382e-05
test_14272,0.9998584985733032
test_14273,0.005618693772703409
test_14274,0.9999967813491821
test_14275,0.17475876212120056
test_14276,0.00039708061376586556
test_14277,0.00010741652658907697
test_14278,0.9998811483383179
test_14279,0.9999967813491821
test_14280,0.9999310970306396
test_14281,0.9999967813491821
test_14282,0.03688408061861992
test_14283,3.1475640298594953e-06
test_14284,0.9999967813491821
test_14285,0.9988106489181519
test_14286,0.9999829530715942
test_14287,0.004243497271090746
test_14288,0.959410548210144
test_14289,0.9999967813491821
test_14290,0.5978513956069946
test_14291,0.9999967813491821
test_14292,0.002068792935460806
test_14293,0.9999436140060425
test_14294,1.2063195754308254e-05
test_14295,0.9999967813491821
test_14296,0.9993118047714233
test_14297,0.9998476505279541
test_14298,0.9999908208847046
test_14299,0.9709166288375854
test_14300,0.01516649778932333
test_14301,0.00010411746916361153
test_14302,0.0058368416503071785
test_14303,0.9993599057197571
test_14304,0.6921756267547607
test_14305,0.04109439626336098
test_14306,0.9999054670333862
test_14307,0.9999446868896484
test_14308,0.9999294281005859
test_14309,4.0707196603761986e-05
test_14310,0.00013039488112553954
test_14311,0.9999967813491821
test_14312,0.9931480288505554
test_14313,0.9999910593032837
test_14314,0.6313040852546692
test_14315,6.886231858516112e-06
test_14316,0.055525876581668854
test_14317,0.9958662986755371
test_14318,0.00627937214449048
test_14319,0.9983477592468262
test_14320,6.714535629726015e-06
test_14321,0.9999889135360718
test_14322,0.9891294240951538
test_14323,0.0017878328217193484
test_14324,0.999870777130127
test_14325,0.005058598704636097
test_14326,0.0061203124932944775
test_14327,0.06474817544221878
test_14328,0.9998028874397278
test_14329,0.0024677165783941746
test_14330,0.00203113304451108
test_14331,0.9951816201210022
test_14332,0.9997180104255676
test_14333,7.654645742150024e-05
test_14334,0.9999904632568359
test_14335,0.9999946355819702
test_14336,0.9999929666519165
test_14337,0.0011985490564256907
test_14338,8.967660505732056e-06
test_14339,0.9999762773513794
test_14340,0.9891124367713928
test_14341,0.9978051781654358
test_14342,0.0009258078061975539
test_14343,0.9965206384658813
test_14344,0.013602095656096935
test_14345,2.3514530766988173e-05
test_14346,0.8883788585662842
test_14347,0.9999967813491821
test_14348,0.04572436586022377
test_14349,0.9999967813491821
test_14350,0.0006311234901659191
test_14351,1.3903139006288256e-05
test_14352,0.0009465434122830629
test_14353,0.9988664388656616
test_14354,1.0780772754515056e-05
test_14355,0.9988516569137573
test_14356,0.8633336424827576
test_14357,0.00035269727231934667
test_14358,0.999988317489624
test_14359,0.9976403713226318
test_14360,0.9984936714172363
test_14361,0.026995588093996048
test_14362,0.9999967813491821
test_14363,0.7534928917884827
test_14364,0.9999927282333374
test_14365,0.3407982885837555
test_14366,0.9999967813491821
test_14367,0.9998916387557983
test_14368,0.9848721027374268
test_14369,0.9999892711639404
test_14370,0.9994444251060486
test_14371,0.9999967813491821
test_14372,0.04459591954946518
test_14373,0.04099263995885849
test_14374,0.0074445283971726894
test_14375,0.8622363805770874
test_14376,0.09784277528524399
test_14377,0.0016858989838510752
test_14378,0.9992295503616333
test_14379,0.0025939999613910913
test_14380,0.9999967813491821
test_14381,0.0036623741034418344
test_14382,0.04263104870915413
test_14383,0.9999967813491821
test_14384,0.00010201793338637799
test_14385,0.9958145022392273
test_14386,0.10753575712442398
test_14387,0.9627482891082764
test_14388,0.07594168931245804
test_14389,0.0010522447992116213
test_14390,0.9999967813491821
test_14391,0.9959684610366821
test_14392,0.9993282556533813
test_14393,0.5218287706375122
test_14394,0.999874472618103
test_14395,0.9999465942382812
test_14396,0.9999923706054688
test_14397,0.9998568296432495
test_14398,0.9999754428863525
test_14399,0.9996511936187744
test_14400,0.9997276663780212
test_14401,0.997019350528717
test_14402,0.06757275015115738
test_14403,0.9999967813491821
test_14404,0.8657843470573425
test_14405,0.999970555305481
test_14406,0.9995837807655334
test_14407,0.43772464990615845
test_14408,0.8129798173904419
test_14409,0.9999967813491821
test_14410,0.07996661961078644
test_14411,0.0003037800779566169
test_14412,0.999922513961792
test_14413,0.9999933242797852
test_14414,0.0004424516228027642
test_14415,0.9235329627990723
test_14416,0.9999537467956543
test_14417,0.05358366668224335
test_14418,0.025782359763979912
test_14419,3.1475640298594953e-06
test_14420,0.017300305888056755
test_14421,0.999822199344635
test_14422,0.016191450878977776
test_14423,0.6043485403060913
test_14424,1.848592728492804e-05
test_14425,0.22099965810775757
test_14426,0.0037626922130584717
test_14427,0.9932479858398438
test_14428,0.21612143516540527
test_14429,0.9995985627174377
test_14430,0.32501763105392456
test_14431,0.9999923706054688
test_14432,7.320461008930579e-06
test_14433,0.9999873638153076
test_14434,0.9999967813491821
test_14435,0.008190314285457134
test_14436,0.005753753241151571
test_14437,0.9999867677688599
test_14438,0.9999815225601196
test_14439,0.012391479685902596
test_14440,0.42887070775032043
test_14441,0.9999589920043945
test_14442,0.32151079177856445
test_14443,0.9999785423278809
test_14444,0.992576539516449
test_14445,0.08167236298322678
test_14446,0.7338612675666809
test_14447,0.9999967813491821
test_14448,0.003469346556812525
test_14449,0.5729308128356934
test_14450,0.854675829410553
test_14451,0.998705267906189
test_14452,0.001518976641818881
test_14453,0.9911780953407288
test_14454,6.777690578019246e-05
test_14455,0.9998505115509033
test_14456,0.9986342787742615
test_14457,0.0005766453105024993
test_14458,0.9565368294715881
test_14459,0.0050825150683522224
test_14460,0.00401950441300869
test_14461,0.013669410720467567
test_14462,0.9997572302818298
test_14463,0.9861335158348083
test_14464,0.9999949932098389
test_14465,0.9988138675689697
test_14466,0.21395064890384674
test_14467,0.9944203495979309
test_14468,0.8550493717193604
test_14469,0.8039359450340271
test_14470,0.9998138546943665
test_14471,0.008635658770799637
test_14472,0.0001754788390826434
test_14473,0.03840639069676399
test_14474,0.980926513671875
test_14475,0.9845069646835327
test_14476,0.9995549321174622
test_14477,0.9988051652908325
test_14478,0.9999936819076538
test_14479,0.9661135077476501
test_14480,0.9999967813491821
test_14481,0.23174473643302917
test_14482,0.0950806587934494
test_14483,0.18412533402442932
test_14484,0.9999967813491821
test_14485,0.002707122592255473
test_14486,0.000963503320235759
test_14487,0.9995645880699158
test_14488,0.9927884936332703
test_14489,3.1475640298594953e-06
test_14490,0.9904955625534058
test_14491,0.9973165392875671
test_14492,0.7706833481788635
test_14493,1.475536646466935e-05
test_14494,0.8180318474769592
test_14495,0.03355156630277634
test_14496,0.0074182008393108845
test_14497,0.9998772144317627
test_14498,0.99893718957901
test_14499,0.00016885923105292022
test_14500,0.4093415141105652
test_14501,3.648566462288727e-06
test_14502,0.9991519451141357
test_14503,0.9993966817855835
test_14504,0.8305572867393494
test_14505,0.0064757224172353745
test_14506,3.1475640298594953e-06
test_14507,0.9999699592590332
test_14508,0.0001440417254343629
test_14509,0.39328938722610474
test_14510,0.8626315593719482
test_14511,0.9999940395355225
test_14512,0.9999967813491821
test_14513,0.16805344820022583
test_14514,0.0036868753377348185
test_14515,0.00030847039306536317
test_14516,0.9978109002113342
test_14517,6.838405170128681e-06
test_14518,0.9994534850120544
test_14519,0.9999140501022339
test_14520,0.13930660486221313
test_14521,0.9999910593032837
test_14522,0.031250596046447754
test_14523,0.9999586343765259
test_14524,0.9625318050384521
test_14525,0.9998314380645752
test_14526,0.012517236173152924
test_14527,0.8914708495140076
test_14528,0.9999927282333374
test_14529,0.07647474110126495
test_14530,0.9999959468841553
test_14531,0.998689591884613
test_14532,2.4799388484098017e-05
test_14533,0.02822122909128666
test_14534,0.9996637105941772
test_14535,0.004256353247910738
test_14536,0.9999967813491821
test_14537,0.0005439436063170433
test_14538,0.015328153036534786
test_14539,0.0002069577167276293
test_14540,0.9954267740249634
test_14541,1.871555286925286e-05
test_14542,0.9999362230300903
test_14543,9.766155562829226e-05
test_14544,0.049233585596084595
test_14545,0.9989418387413025
test_14546,0.999599039554596
test_14547,0.9999967813491821
test_14548,0.4997594356536865
test_14549,0.11711692065000534
test_14550,0.9998045563697815
test_14551,0.999428927898407
test_14552,0.9892421364784241
test_14553,0.9999181032180786
test_14554,0.45193442702293396
test_14555,0.019257258623838425
test_14556,0.9964888095855713
test_14557,0.9968193769454956
test_14558,0.00026964698918163776
test_14559,0.0014699817402288318
test_14560,0.00028133447631262243
test_14561,0.9976785778999329
test_14562,0.9999955892562866
test_14563,0.9997467398643494
test_14564,0.0010020139161497355
test_14565,0.9999537467956543
test_14566,0.43341854214668274
test_14567,0.8914235830307007
test_14568,0.9992519021034241
test_14569,0.0463736318051815
test_14570,0.9996535778045654
test_14571,0.0001591290347278118
test_14572,0.06123414263129234
test_14573,0.9972551465034485
test_14574,0.996995210647583
test_14575,6.566711817868054e-06
test_14576,0.9958111047744751
test_14577,0.9999967813491821
test_14578,8.224486373364925e-05
test_14579,1.1240820640523452e-05
test_14580,0.9999768733978271
test_14581,0.9993079900741577
test_14582,0.9999955892562866
test_14583,0.9999880790710449
test_14584,0.9999967813491821
test_14585,0.9999728202819824
test_14586,0.4887399971485138
test_14587,0.8230660557746887
test_14588,0.9518706798553467
test_14589,0.18888896703720093
test_14590,0.9998946189880371
test_14591,0.9999803304672241
test_14592,0.9988190531730652
test_14593,0.9999619722366333
test_14594,0.9994127750396729
test_14595,0.9993463158607483
test_14596,7.527770503656939e-05
test_14597,0.20191653072834015
test_14598,4.961138984072022e-05
test_14599,0.9999171495437622
test_14600,0.9999967813491821
test_14601,0.9999967813491821
test_14602,0.992798924446106
test_14603,0.9665207862854004
test_14604,0.9710034132003784
test_14605,0.030417799949645996
test_14606,0.9551093578338623
test_14607,0.0007076669717207551
test_14608,0.999983549118042
test_14609,0.7752213478088379
test_14610,0.10812828689813614
test_14611,0.1456548422574997
test_14612,0.003990768920630217
test_14613,0.9999442100524902
test_14614,0.9999678134918213
test_14615,0.30874383449554443
test_14616,0.03803470730781555
test_14617,0.9999871253967285
test_14618,0.999970555305481
test_14619,0.8874320983886719
test_14620,0.9999736547470093
test_14621,0.9999793767929077
test_14622,0.9999929666519165
test_14623,0.9999967813491821
test_14624,0.9988943934440613
test_14625,0.9967436790466309
test_14626,0.9999967813491821
test_14627,0.9999967813491821
test_14628,0.06612447649240494
test_14629,0.9999967813491821
test_14630,3.1475640298594953e-06
test_14631,0.6312397122383118
test_14632,8.156745752785355e-05
test_14633,0.9973766803741455
test_14634,0.00505115557461977
test_14635,0.9999920129776001
test_14636,0.0002673787821549922
test_14637,0.07384562492370605
test_14638,0.9990159273147583
test_14639,3.1475640298594953e-06
test_14640,0.0028348457999527454
test_14641,1.2771070032613352e-05
test_14642,0.00010651749471435323
test_14643,0.9998328685760498
test_14644,0.006712152622640133
test_14645,0.46074357628822327
test_14646,0.87412029504776
test_14647,0.022440629079937935
test_14648,0.002979278564453125
test_14649,0.9944366216659546
test_14650,0.9998973608016968
test_14651,0.9886371493339539
test_14652,0.6480182409286499
test_14653,0.9999511241912842
test_14654,0.11421354115009308
test_14655,0.19655227661132812
test_14656,0.0003682269889395684
test_14657,0.999964714050293
test_14658,0.05018746852874756
test_14659,0.94143146276474
test_14660,8.336270548170432e-05
test_14661,0.012196407653391361
test_14662,0.9999297857284546
test_14663,0.9999841451644897
test_14664,0.999977707862854
test_14665,0.0010153069160878658
test_14666,0.9916970729827881
test_14667,0.5164163708686829
test_14668,0.9999783039093018
test_14669,0.34880971908569336
test_14670,0.999846339225769
test_14671,0.002818784676492214
test_14672,0.9999914169311523
test_14673,0.9464252591133118
test_14674,0.9999967813491821
test_14675,0.9999963045120239
test_14676,0.9999967813491821
test_14677,0.002825761679559946
test_14678,0.9999967813491821
test_14679,0.9408535361289978
test_14680,0.001206845510751009
test_14681,0.4298258125782013
test_14682,0.9999138116836548
test_14683,0.0023763133212924004
test_14684,0.9996762275695801
test_14685,0.9996614456176758
test_14686,0.05360446870326996
test_14687,0.9633573889732361
test_14688,0.9999967813491821
test_14689,0.20094627141952515
test_14690,0.9934704303741455
test_14691,0.9994401335716248
test_14692,0.0004293487872928381
test_14693,0.9999457597732544
test_14694,0.10589010268449783
test_14695,0.9634522199630737
test_14696,0.9999967813491821
test_14697,0.019351115450263023
test_14698,0.9975972771644592
test_14699,0.9999967813491821
test_14700,0.9999967813491821
test_14701,0.023524513468146324
test_14702,0.9999967813491821
test_14703,0.007491918746381998
test_14704,0.9999967813491821
test_14705,0.28759798407554626
test_14706,0.7957894802093506
test_14707,4.007920506410301e-05
test_14708,0.17111118137836456
test_14709,0.9999815225601196
test_14710,0.9996850490570068
test_14711,0.02554321102797985
test_14712,9.081417374545708e-05
test_14713,0.9999258518218994
test_14714,0.9999967813491821
test_14715,0.7822475433349609
test_14716,0.9999967813491821
test_14717,0.9999892711639404
test_14718,0.017272960394620895
test_14719,0.007746632676571608
test_14720,0.9991753697395325
test_14721,0.9996556043624878
test_14722,0.9998610019683838
test_14723,0.9999967813491821
test_14724,0.9911714196205139
test_14725,0.9999927282333374
test_14726,0.9997090697288513
test_14727,0.999830961227417
test_14728,0.005006375722587109
test_14729,0.9883468747138977
test_14730,0.9999855756759644
test_14731,0.9999967813491821
test_14732,0.9992907047271729
test_14733,0.9999759197235107
test_14734,5.0283983000554144e-05
test_14735,0.9999754428863525
test_14736,0.9107457995414734
test_14737,0.9956167936325073
test_14738,3.1475640298594953e-06
test_14739,0.9988771080970764
test_14740,0.9998399019241333
test_14741,0.00011294676369288936
test_14742,0.5672699213027954
test_14743,0.9999967813491821
test_14744,0.9999967813491821
test_14745,0.9999967813491821
test_14746,0.999932050704956
test_14747,0.9999251365661621
test_14748,0.704741358757019
test_14749,0.7518361806869507
test_14750,0.2851722538471222
test_14751,0.12583769857883453
test_14752,0.0037799214478582144
test_14753,0.007105011492967606
test_14754,0.9999946355819702
test_14755,0.005242573097348213
test_14756,0.9942359328269958
test_14757,0.9999967813491821
test_14758,0.9999946355819702
test_14759,0.00340240728110075
test_14760,0.4390634596347809
test_14761,0.9977893829345703
test_14762,5.299645636114292e-06
test_14763,0.9221252202987671
test_14764,0.9999967813491821
test_14765,0.0001265683094970882
test_14766,0.9999966621398926
test_14767,0.9999967813491821
test_14768,0.9998471736907959
test_14769,0.9999967813491821
test_14770,0.9999967813491821
test_14771,0.9999955892562866
test_14772,0.0016918040346354246
test_14773,0.039909884333610535
test_14774,0.9999815225601196
test_14775,0.15127424895763397
test_14776,0.9611078500747681
test_14777,0.9999895095825195
test_14778,0.9966529011726379
test_14779,0.023232372477650642
test_14780,0.9999967813491821
test_14781,0.014122042804956436
test_14782,0.9979735016822815
test_14783,0.006965599022805691
test_14784,0.6053403615951538
test_14785,0.9999946355819702
test_14786,0.0009113390115089715
test_14787,0.0033803980331867933
test_14788,0.9999914169311523
test_14789,0.048677533864974976
test_14790,0.0015180888585746288
test_14791,0.9992820620536804
test_14792,0.9972264170646667
test_14793,0.9999967813491821
test_14794,0.00018752865435089916
test_14795,0.9544708132743835
test_14796,0.9923691749572754
test_14797,0.9999967813491821
test_14798,0.9999967813491821
test_14799,0.002582741202786565
test_14800,0.000578450271859765
test_14801,0.01870005391538143
test_14802,3.1475640298594953e-06
test_14803,0.9186129570007324
test_14804,0.021613474935293198
test_14805,9.770460019353777e-05
test_14806,3.1475640298594953e-06
test_14807,0.17644447088241577
test_14808,0.7999818921089172
test_14809,0.9999383687973022
test_14810,0.9733409881591797
test_14811,0.9999762773513794
test_14812,0.9999967813491821
test_14813,0.9889369010925293
test_14814,0.9971650242805481
test_14815,0.9682208299636841
test_14816,0.000861173786688596
test_14817,0.019903821870684624
test_14818,0.8020666241645813
test_14819,0.9999927282333374
test_14820,0.26360994577407837
test_14821,0.0022284684237092733
test_14822,0.9999691247940063
test_14823,0.11428622156381607
test_14824,0.9978863596916199
test_14825,0.0010790372034534812
test_14826,0.9958741068840027
test_14827,0.9993890523910522
test_14828,0.005093889310956001
test_14829,0.9992473125457764
test_14830,0.17009957134723663
test_14831,0.9997316002845764
test_14832,0.0003301017568446696
test_14833,0.0009786129230633378
test_14834,0.9999711513519287
test_14835,3.940299939131364e-05
test_14836,0.9999381303787231
test_14837,0.001546954270452261
test_14838,2.7555130145628937e-05
test_14839,0.012985693290829659
test_14840,0.10422694683074951
test_14841,0.9994321465492249
test_14842,0.9999967813491821
test_14843,0.08101698756217957
test_14844,0.9999502897262573
test_14845,0.9999328851699829
test_14846,0.9999803304672241
test_14847,0.9945462942123413
test_14848,0.9993560910224915
test_14849,0.9999967813491821
test_14850,0.011063971556723118
test_14851,0.9997565150260925
test_14852,0.01393618993461132
test_14853,2.0507182853179984e-05
test_14854,0.006642672698944807
test_14855,0.9392165541648865
test_14856,3.1475640298594953e-06
test_14857,0.9998595714569092
test_14858,0.9999240636825562
test_14859,0.9997662901878357
test_14860,0.9999641180038452
test_14861,0.9990615248680115
test_14862,0.9999966621398926
test_14863,0.08310602605342865
test_14864,1.5383802747237496e-05
test_14865,0.9999967813491821
test_14866,0.0010715011740103364
test_14867,0.0004981093225069344
test_14868,0.9990770816802979
test_14869,0.9999967813491821
test_14870,0.012928326614201069
test_14871,0.9986554384231567
test_14872,0.9931526184082031
test_14873,0.009344971738755703
test_14874,0.9943174719810486
test_14875,0.9999446868896484
test_14876,0.0002736188762355596
test_14877,0.00038184065488167107
test_14878,0.9952695965766907
test_14879,0.9999967813491821
test_14880,0.9999967813491821
test_14881,0.006028448697179556
test_14882,0.0021844306029379368
test_14883,0.9999967813491821
test_14884,0.7195502519607544
test_14885,0.9999765157699585
test_14886,0.9893597364425659
test_14887,0.030909989029169083
test_14888,0.9994760155677795
test_14889,0.0005217213183641434
test_14890,0.05603119730949402
test_14891,0.9999898672103882
test_14892,0.006282443646341562
test_14893,0.001892966334708035
test_14894,0.29591748118400574
test_14895,0.9989125728607178
test_14896,7.603697304148227e-05
test_14897,0.07420604676008224
test_14898,0.9999967813491821
test_14899,0.0029520064126700163
test_14900,0.033379390835762024
test_14901,0.2300294190645218
test_14902,0.009600103832781315
test_14903,0.9998145699501038
test_14904,0.9994638562202454
test_14905,0.9999942779541016
test_14906,0.9999963045120239
test_14907,0.03394397348165512
test_14908,0.07163358479738235
test_14909,0.009619482792913914
test_14910,0.3251713514328003
test_14911,0.9999898672103882
test_14912,0.9999967813491821
test_14913,0.5491415858268738
test_14914,0.9999967813491821
test_14915,0.00025996152544394135
test_14916,0.9999829530715942
test_14917,0.9994725584983826
test_14918,0.08209367096424103
test_14919,0.004574925638735294
test_14920,0.25299546122550964
test_14921,0.0002164781908504665
test_14922,7.236432429635897e-05
test_14923,0.0002908591122832149
test_14924,0.9999847412109375
test_14925,0.9999967813491821
test_14926,7.850687688915059e-05
test_14927,0.06229819729924202
test_14928,0.9999967813491821
test_14929,3.194311602783273e-06
test_14930,0.6690798401832581
test_14931,0.9999967813491821
test_14932,0.001012900029309094
test_14933,0.8222894668579102
test_14934,0.002505025826394558
test_14935,0.9325132966041565
test_14936,0.9978362917900085
test_14937,0.9999967813491821
test_14938,0.408311665058136
test_14939,0.002580201020464301
test_14940,0.045460160821676254
test_14941,0.9999871253967285
test_14942,0.999884843826294
test_14943,0.0024319018702954054
test_14944,0.9900631308555603
test_14945,0.0014834462199360132
test_14946,0.01760348118841648
test_14947,0.9821370244026184
test_14948,0.999937891960144
test_14949,0.9428690671920776
test_14950,0.9998453855514526
test_14951,0.2441353052854538
test_14952,0.004840808920562267
test_14953,0.9998278617858887
test_14954,8.886478099157102e-06
test_14955,0.005024271551519632
test_14956,0.0014832902234047651
test_14957,0.9965644478797913
test_14958,3.1475640298594953e-06
test_14959,0.0006685812841169536
test_14960,0.9958521127700806
test_14961,0.9981350898742676
test_14962,0.9888843297958374
test_14963,0.9999573230743408
test_14964,2.885370486183092e-05
test_14965,0.9999349117279053
test_14966,0.999991774559021
test_14967,0.3568679690361023
test_14968,3.1475640298594953e-06
test_14969,0.027318118140101433
test_14970,1.628502104722429e-05
test_14971,0.000970727123785764
test_14972,0.9988787770271301
test_14973,0.32245707511901855
test_14974,0.9999967813491821
test_14975,0.9987394213676453
test_14976,0.0011041337857022882
test_14977,0.013651017099618912
test_14978,0.4182010591030121
test_14979,0.011187084019184113
test_14980,0.9999967813491821
test_14981,0.989963710308075
test_14982,0.9892516732215881
test_14983,0.9994910955429077
test_14984,0.13875287771224976
test_14985,0.35538968443870544
test_14986,0.987970769405365
test_14987,0.00045918248360976577
test_14988,0.026541635394096375
test_14989,0.9999967813491821
test_14990,0.004833520855754614
test_14991,0.9999867677688599
test_14992,0.972209632396698
test_14993,0.9999967813491821
test_14994,0.9490339756011963
test_14995,0.039494484663009644
test_14996,0.9999575614929199
test_14997,0.004858075175434351
test_14998,0.9999407529830933
test_14999,0.44614750146865845
test_15000,0.9999734163284302
test_15001,0.9990253448486328
test_15002,0.00015517431893385947
test_15003,3.388349114175071e-06
test_15004,0.010334145277738571
test_15005,0.05304945632815361
test_15006,0.00044681402505375445
test_15007,0.4210834801197052
test_15008,0.9982985854148865
test_15009,0.0005397810600697994
test_15010,1.0801952157635242e-05
test_15011,3.1475640298594953e-06
test_15012,0.001185171422548592
test_15013,0.9999521970748901
test_15014,0.9999825954437256
test_15015,0.9999537467956543
test_15016,0.0003740350075531751
test_15017,0.17755882441997528
test_15018,0.9999967813491821
test_15019,0.044459544122219086
test_15020,0.9999967813491821
test_15021,0.00012175369920441881
test_15022,0.0013044148217886686
test_15023,0.998309850692749
test_15024,0.999494194984436
test_15025,0.7534390687942505
test_15026,0.002162450458854437
test_15027,6.407783803297207e-05
test_15028,0.0008475161157548428
test_15029,0.9987891316413879
test_15030,0.001018524169921875
test_15031,0.00021883654699195176
test_15032,0.07702039182186127
test_15033,3.2655272661941126e-05
test_15034,0.9999967813491821
test_15035,0.9996875524520874
test_15036,0.024569962173700333
test_15037,0.013774329796433449
test_15038,0.9999967813491821
test_15039,0.008024806156754494
test_15040,0.9923295378684998
test_15041,0.18898892402648926
test_15042,0.9998304843902588
test_15043,0.009150752797722816
test_15044,0.9911024570465088
test_15045,0.00012158304161857814
test_15046,4.315885234973393e-06
test_15047,0.9999966621398926
test_15048,0.9988517761230469
test_15049,0.9999967813491821
test_15050,0.9999892711639404
test_15051,0.9997884631156921
test_15052,0.998610258102417
test_15053,0.14247287809848785
test_15054,0.000664754188619554
test_15055,0.0002676042204257101
test_15056,0.9994176626205444
test_15057,0.999193012714386
test_15058,0.9998519420623779
test_15059,0.999589741230011
test_15060,0.6251413226127625
test_15061,0.998024582862854
test_15062,0.9987244009971619
test_15063,0.9999963045120239
test_15064,0.025311263278126717
test_15065,0.9957103729248047
test_15066,0.09468889981508255
test_15067,0.9957899451255798
test_15068,0.5343703627586365
test_15069,0.0006426808540709317
test_15070,0.9999711513519287
test_15071,0.08749834448099136
test_15072,0.9986492991447449
test_15073,0.003043310483917594
test_15074,0.00010807892249431461
test_15075,4.707375046564266e-05
test_15076,0.9945051074028015
test_15077,0.999716579914093
test_15078,0.04364072531461716
test_15079,0.8954528570175171
test_15080,0.024000568315386772
test_15081,0.999285876750946
test_15082,0.9999967813491821
test_15083,0.9999967813491821
test_15084,0.9999959468841553
test_15085,0.9999967813491821
test_15086,0.07505231350660324
test_15087,0.9977442026138306
test_15088,0.9876471757888794
test_15089,3.1475640298594953e-06
test_15090,0.8843638896942139
test_15091,0.9996442794799805
test_15092,0.9999920129776001
test_15093,0.8209086060523987
test_15094,0.9991145730018616
test_15095,5.938709364272654e-06
test_15096,0.23859025537967682
test_15097,0.9999967813491821
test_15098,0.0005852894391864538
test_15099,0.9998505115509033
test_15100,0.059239279478788376
test_15101,0.028961125761270523
test_15102,0.9996294975280762
test_15103,0.003900348674505949
test_15104,0.9997963309288025
test_15105,0.9995966553688049
test_15106,0.9995890259742737
test_15107,0.0007374205160886049
test_15108,3.1475640298594953e-06
test_15109,0.8666424751281738
test_15110,0.9999867677688599
test_15111,0.9999967813491821
test_15112,0.9999383687973022
test_15113,0.9777002930641174
test_15114,0.9999967813491821
test_15115,0.9999661445617676
test_15116,0.9999722242355347
test_15117,0.9945573806762695
test_15118,0.024700967594981194
test_15119,0.4360821843147278
test_15120,0.09239641577005386
test_15121,4.415557850734331e-05
test_15122,0.96510249376297
test_15123,0.8711599111557007
test_15124,9.886747648124583e-06
test_15125,0.9538024663925171
test_15126,0.0016796180279925466
test_15127,0.9999967813491821
test_15128,0.04513215646147728
test_15129,0.00022519273625221103
test_15130,0.0038331497926265
test_15131,0.9999817609786987
test_15132,0.02897009067237377
test_15133,0.9999592304229736
test_15134,0.9999855756759644
test_15135,0.9914617538452148
test_15136,0.9998685121536255
test_15137,0.7453621029853821
test_15138,0.9999927282333374
test_15139,0.043616946786642075
test_15140,0.0005050693871453404
test_15141,0.9983751773834229
test_15142,0.9999967813491821
test_15143,0.06600680202245712
test_15144,0.004550276789814234
test_15145,0.9999368190765381
test_15146,0.9978103041648865
test_15147,1.8704649846768007e-05
test_15148,0.13677585124969482
test_15149,0.0830053985118866
test_15150,0.920395016670227
test_15151,0.9992541670799255
test_15152,0.03417831286787987
test_15153,0.000677308184094727
test_15154,0.9998502731323242
test_15155,0.009275932796299458
test_15156,0.029806625097990036
test_15157,0.9999959468841553
test_15158,8.149538916768506e-05
test_15159,0.00024648700491525233
test_15160,0.9907714128494263
test_15161,0.9999967813491821
test_15162,0.9995404481887817
test_15163,0.002027088077738881
test_15164,0.9999967813491821
test_15165,0.009908938780426979
test_15166,0.0012621304485946894
test_15167,0.9997960925102234
test_15168,0.010039901360869408
test_15169,6.0594808019232005e-05
test_15170,0.041346609592437744
test_15171,0.9985698461532593
test_15172,0.002895692829042673
test_15173,0.0017634627874940634
test_15174,0.08743966370820999
test_15175,0.9981582760810852
test_15176,0.9914621710777283
test_15177,0.005361592397093773
test_15178,0.12338873744010925
test_15179,0.698537290096283
test_15180,0.9999617338180542
test_15181,0.0008032878977246583
test_15182,0.9851515889167786
test_15183,0.0003214714815840125
test_15184,0.9999923706054688
test_15185,0.9996473789215088
test_15186,0.9569944143295288
test_15187,0.47852006554603577
test_15188,0.9999877214431763
test_15189,0.9993987083435059
test_15190,1.6725169189157896e-05
test_15191,0.0009557755547575653
test_15192,0.013848927803337574
test_15193,0.21671558916568756
test_15194,0.007191802840679884
test_15195,4.0466429709340446e-06
test_15196,0.11507044732570648
test_15197,0.9999967813491821
test_15198,1.1086154700024053e-05
test_15199,0.06386329978704453
test_15200,0.020587069913744926
test_15201,0.938169538974762
test_15202,0.9999967813491821
test_15203,0.0003586702805478126
test_15204,0.9929353594779968
test_15205,0.9940711855888367
test_15206,0.999276340007782
test_15207,0.9996272325515747
test_15208,0.06234871223568916
test_15209,0.00019791153317783028
test_15210,6.895902333781123e-05
test_15211,0.007968408055603504
test_15212,0.06900408864021301
test_15213,0.9999967813491821
test_15214,0.9999797344207764
test_15215,0.9095228314399719
test_15216,0.9999603033065796
test_15217,0.8469087481498718
test_15218,0.9999967813491821
test_15219,0.9996644258499146
test_15220,0.09433002769947052
test_15221,1.4943410860723816e-05
test_15222,0.9999895095825195
test_15223,0.14719751477241516
test_15224,0.2407507598400116
test_15225,0.49940162897109985
test_15226,0.8889082074165344
test_15227,0.00010043654765468091
test_15228,0.9999908208847046
test_15229,1.4113878933130763e-05
test_15230,0.9996588230133057
test_15231,0.9998941421508789
test_15232,0.2232067584991455
test_15233,0.014628009870648384
test_15234,0.8319314122200012
test_15235,1.1159430869156495e-05
test_15236,0.9999967813491821
test_15237,0.035397060215473175
test_15238,0.9999644756317139
test_15239,0.8080808520317078
test_15240,0.9999473094940186
test_15241,0.9877937436103821
test_15242,0.0001712360099190846
test_15243,0.570222795009613
test_15244,0.3434252440929413
test_15245,0.9999967813491821
test_15246,0.18700262904167175
test_15247,0.9999955892562866
test_15248,0.9992383718490601
test_15249,0.35408011078834534
test_15250,0.9997730851173401
test_15251,0.9999959468841553
test_15252,0.9991499185562134
test_15253,0.9999849796295166
test_15254,0.0011630711378529668
test_15255,9.113724081544206e-05
test_15256,4.648122194339521e-05
test_15257,0.9951534271240234
test_15258,3.1475640298594953e-06
test_15259,0.0007362436153925955
test_15260,0.9999959468841553
test_15261,0.9908342957496643
test_15262,0.9608723521232605
test_15263,0.9999898672103882
test_15264,0.016219183802604675
test_15265,0.00115962082054466
test_15266,0.9999967813491821
test_15267,3.7516003885684768e-06
test_15268,0.0030484795570373535
test_15269,0.9984762072563171
test_15270,0.999970555305481
test_15271,0.03647123649716377
test_15272,0.9999967813491821
test_15273,0.9997840523719788
test_15274,0.0029214739333838224
test_15275,0.001563724596053362
test_15276,0.3044475018978119
test_15277,0.22211702167987823
test_15278,0.9999967813491821
test_15279,0.9999186992645264
test_15280,0.9999929666519165
test_15281,0.0002325595123693347
test_15282,0.9999967813491821
test_15283,0.9999825954437256
test_15284,0.9724401235580444
test_15285,0.00142183480784297
test_15286,0.7481245398521423
test_15287,0.917436957359314
test_15288,3.1475640298594953e-06
test_15289,1.0582544746284839e-05
test_15290,0.9992938041687012
test_15291,0.0013952039880678058
test_15292,0.009937169030308723
test_15293,0.06705568730831146
test_15294,0.9999904632568359
test_15295,0.42799410223960876
test_15296,0.9999570846557617
test_15297,0.9999967813491821
test_15298,3.1475640298594953e-06
test_15299,0.06425189226865768
test_15300,0.00018166650261264294
test_15301,0.014452483505010605
test_15302,0.015119137242436409
test_15303,0.9829462766647339
test_15304,0.9994558691978455
test_15305,0.9999967813491821
test_15306,0.9999967813491821
test_15307,0.9659661054611206
test_15308,0.0914144515991211
test_15309,0.999764621257782
test_15310,0.023004693910479546
test_15311,0.0005625166231766343
test_15312,0.00018666041432879865
test_15313,4.640446786652319e-05
test_15314,0.0030999695882201195
test_15315,0.9999861717224121
test_15316,0.9908043146133423
test_15317,0.14920182526111603
test_15318,0.016971422359347343
test_15319,0.15985235571861267
test_15320,0.003492035437375307
test_15321,0.997147262096405
test_15322,0.1600285768508911
test_15323,0.9998119473457336
test_15324,0.9998636245727539
test_15325,0.9999967813491821
test_15326,0.9790424704551697
test_15327,0.9992154836654663
test_15328,0.014394906349480152
test_15329,0.9999709129333496
test_15330,0.002856931881979108
test_15331,0.9998119473457336
test_15332,0.9999959468841553
test_15333,3.214860953448806e-06
test_15334,0.8424206972122192
test_15335,0.02628973126411438
test_15336,0.9995065927505493
test_15337,0.9999967813491821
test_15338,0.0077477251179516315
test_15339,0.14616958796977997
test_15340,0.9833958148956299
test_15341,0.9998626708984375
test_15342,0.004258851520717144
test_15343,0.00032765112700872123
test_15344,0.9999967813491821
test_15345,0.9996538162231445
test_15346,0.006096079479902983
test_15347,0.9998410940170288
test_15348,5.9801186580443755e-05
test_15349,0.9999967813491821
test_15350,0.007091551553457975
test_15351,0.002022752072662115
test_15352,0.0014060729881748557
test_15353,0.9938203692436218
test_15354,0.9995682835578918
test_15355,0.9989269375801086
test_15356,0.001072061131708324
test_15357,0.0840199813246727
test_15358,0.020343489944934845
test_15359,0.9999773502349854
test_15360,0.9999967813491821
test_15361,0.9984219074249268
test_15362,0.001423621317371726
test_15363,0.7532113194465637
test_15364,0.9979220032691956
test_15365,0.040106989443302155
test_15366,0.04993642866611481
test_15367,0.9999967813491821
test_15368,0.9998712539672852
test_15369,0.9999655485153198
test_15370,0.0033724093809723854
test_15371,0.4205299913883209
test_15372,0.003635200671851635
test_15373,0.22550886869430542
test_15374,0.9834142327308655
test_15375,0.020640628412365913
test_15376,0.9999728202819824
test_15377,0.9999271631240845
test_15378,0.9999967813491821
test_15379,0.9999785423278809
test_15380,0.9999871253967285
test_15381,0.9999967813491821
test_15382,0.0025852101389318705
test_15383,0.002356922486796975
test_15384,0.060692187398672104
test_15385,0.050563063472509384
test_15386,0.999931812286377
test_15387,0.9999967813491821
test_15388,0.993867814540863
test_15389,0.9978635907173157
test_15390,0.003920387011021376
test_15391,0.9998935461044312
test_15392,0.001080919406376779
test_15393,0.9999521970748901
test_15394,0.030983760952949524
test_15395,0.9999867677688599
test_15396,3.4033353585982695e-05
test_15397,0.9997356534004211
test_15398,0.9999967813491821
test_15399,0.9840866923332214
test_15400,0.9999940395355225
test_15401,0.9999825954437256
test_15402,0.9996238946914673
test_15403,0.25067707896232605
test_15404,0.4153573215007782
test_15405,0.9999653100967407
test_15406,0.999439537525177
test_15407,0.9999967813491821
test_15408,0.6315003633499146
test_15409,0.9748465418815613
test_15410,0.8461458683013916
test_15411,0.9999877214431763
test_15412,0.9999967813491821
test_15413,0.998302698135376
test_15414,0.9995623230934143
test_15415,0.7550270557403564
test_15416,4.6560988266719505e-05
test_15417,0.9999756813049316
test_15418,0.9999967813491821
test_15419,0.9999920129776001
test_15420,0.9999967813491821
test_15421,0.9999691247940063
test_15422,0.07433974742889404
test_15423,0.07547809183597565
test_15424,0.9999967813491821
test_15425,0.9999877214431763
test_15426,0.9980337023735046
test_15427,0.9999513626098633
test_15428,0.9999967813491821
test_15429,0.3610333800315857
test_15430,0.9999967813491821
test_15431,0.9999791383743286
test_15432,0.0008673555566929281
test_15433,0.00010726504115154967
test_15434,0.9999967813491821
test_15435,0.9994528889656067
test_15436,0.9612155556678772
test_15437,0.9999967813491821
test_15438,0.0028123974334448576
test_15439,0.999776303768158
test_15440,0.12390962243080139
test_15441,0.9972466230392456
test_15442,0.08146370947360992
test_15443,0.011173298582434654
test_15444,0.07278118282556534
test_15445,0.9999967813491821
test_15446,0.9690644145011902
test_15447,0.7325243949890137
test_15448,0.9915908575057983
test_15449,0.03786652535200119
test_15450,0.9999910593032837
test_15451,0.00010999072401318699
test_15452,0.99965500831604
test_15453,0.9992614388465881
test_15454,0.1892772614955902
test_15455,0.9999967813491821
test_15456,0.9999551773071289
test_15457,0.016317924484610558
test_15458,0.01758642867207527
test_15459,0.48772338032722473
test_15460,0.9999920129776001
test_15461,0.9933862090110779
test_15462,0.9999949932098389
test_15463,0.00047978360089473426
test_15464,0.04377410560846329
test_15465,0.9989074468612671
test_15466,0.9999967813491821
test_15467,0.7959164381027222
test_15468,0.9970721006393433
test_15469,0.0270841121673584
test_15470,0.9999908208847046
test_15471,0.4939608871936798
test_15472,0.001825300743803382
test_15473,0.026470916345715523
test_15474,0.8512558341026306
test_15475,0.9871426820755005
test_15476,0.22220851480960846
test_15477,0.996751070022583
test_15478,0.9999910593032837
test_15479,0.9999967813491821
test_15480,0.4675070345401764
test_15481,0.9999967813491821
test_15482,0.787079393863678
test_15483,0.9999966621398926
test_15484,0.006281672511249781
test_15485,0.9999955892562866
test_15486,0.7080893516540527
test_15487,0.00016708462499082088
test_15488,0.0689801350235939
test_15489,0.04303378611803055
test_15490,0.017105773091316223
test_15491,0.0007870267145335674
test_15492,0.9999946355819702
test_15493,0.0018395939841866493
test_15494,0.9999465942382812
test_15495,0.0066802529618144035
test_15496,0.0010974534088745713
test_15497,0.9998853206634521
test_15498,0.9992932081222534
test_15499,0.9999967813491821
test_15500,3.1475640298594953e-06
test_15501,0.9999967813491821
test_15502,0.9998705387115479
test_15503,0.9999967813491821
test_15504,0.9999967813491821
test_15505,0.9999967813491821
test_15506,0.9970982074737549
test_15507,2.4472217774018645e-05
test_15508,0.9999459981918335
test_15509,0.06134039908647537
test_15510,0.009340585209429264
test_15511,0.9999949932098389
test_15512,0.529522180557251
test_15513,0.9857795238494873
test_15514,0.9999526739120483
test_15515,0.9997819066047668
test_15516,0.9886810779571533
test_15517,0.01392341684550047
test_15518,0.0002796849294099957
test_15519,0.9999691247940063
test_15520,0.0011850614100694656
test_15521,0.9998024106025696
test_15522,0.9999967813491821
test_15523,3.154589285259135e-05
test_15524,0.00025094885495491326
test_15525,0.002554000588133931
test_15526,0.9999967813491821
test_15527,0.9999967813491821
test_15528,0.004557870328426361
test_15529,0.00011403318785596639
test_15530,0.9998456239700317
test_15531,0.4578229784965515
test_15532,0.1251041144132614
test_15533,0.001969288568943739
test_15534,3.0512408557115123e-05
test_15535,0.0009097027941606939
test_15536,0.023764995858073235
test_15537,0.9998396635055542
test_15538,0.5496000647544861
test_15539,0.0059587834402918816
test_15540,0.0007220958941616118
test_15541,0.9999967813491821
test_15542,0.007835729978978634
test_15543,0.03883374482393265
test_15544,0.9939243197441101
test_15545,0.5092252492904663
test_15546,0.01395444292575121
test_15547,3.1475640298594953e-06
test_15548,5.618874183710432e-06
test_15549,0.4971019923686981
test_15550,0.9999744892120361
test_15551,9.827770554693416e-06
test_15552,2.0609149942174554e-05
test_15553,0.9988909363746643
test_15554,0.7904244661331177
test_15555,0.999830961227417
test_15556,0.9962818026542664
test_15557,7.972370076458901e-05
test_15558,0.00012471982336137444
test_15559,0.9596530795097351
test_15560,0.9999057054519653
test_15561,0.6366764903068542
test_15562,0.9984647035598755
test_15563,0.9940561056137085
test_15564,0.00011134229862364009
test_15565,0.0010244410950690508
test_15566,0.9999657869338989
test_15567,0.000813872495200485
test_15568,0.835910975933075
test_15569,3.675846755868406e-06
test_15570,0.9999967813491821
test_15571,0.613675594329834
test_15572,0.12747471034526825
test_15573,0.9967639446258545
test_15574,0.9995303153991699
test_15575,0.011298972181975842
test_15576,0.9999967813491821
test_15577,0.9934717416763306
test_15578,0.9999383687973022
test_15579,0.9995707869529724
test_15580,0.9999967813491821
test_15581,9.760486136656255e-05
test_15582,0.9999886751174927
test_15583,0.00029800733318552375
test_15584,0.07167097926139832
test_15585,0.999897837638855
test_15586,0.9999946355819702
test_15587,0.011797433719038963
test_15588,0.007772295270115137
test_15589,0.9998983144760132
test_15590,2.3222728486871347e-05
test_15591,0.8373239040374756
test_15592,0.9999967813491821
test_15593,0.9999967813491821
test_15594,0.9986333250999451
test_15595,0.00020682199101429433
test_15596,0.9999927282333374
test_15597,0.9991660118103027
test_15598,0.004870490171015263
test_15599,0.020465869456529617
test_15600,0.24742604792118073
test_15601,0.9998345375061035
test_15602,0.02764115110039711
test_15603,0.2572352886199951
test_15604,0.28093934059143066
test_15605,0.00012315243657212704
test_15606,0.45078244805336
test_15607,0.999981164932251
test_15608,0.15869306027889252
test_15609,0.9999967813491821
test_15610,0.8195868730545044
test_15611,0.04572642594575882
test_15612,0.9795038104057312
test_15613,0.9999967813491821
test_15614,0.04593874141573906
test_15615,5.047533704782836e-05
test_15616,0.09328002482652664
test_15617,0.5403077006340027
test_15618,0.00023561048146802932
test_15619,0.9999817609786987
test_15620,0.006681644823402166
test_15621,0.9999526739120483
test_15622,0.0037083642091602087
test_15623,0.00821245089173317
test_15624,0.001654706778936088
test_15625,0.0011876656208187342
test_15626,0.999963641166687
test_15627,0.9999657869338989
test_15628,3.741788532352075e-06
test_15629,1.2063358553859871e-05
test_15630,0.00020565296290442348
test_15631,0.9999750852584839
test_15632,0.9840583205223083
test_15633,0.9999871253967285
test_15634,9.685672011983115e-06
test_15635,0.0007863104692660272
test_15636,0.999970555305481
test_15637,0.9998705387115479
test_15638,0.9999003410339355
test_15639,0.025487830862402916
test_15640,0.999963641166687
test_15641,0.999991774559021
test_15642,0.9960950016975403
test_15643,0.9999229907989502
test_15644,0.015408644452691078
test_15645,0.9999967813491821
test_15646,0.9999740123748779
test_15647,3.1475640298594953e-06
test_15648,0.0010252988431602716
test_15649,0.4207526445388794
test_15650,0.9999967813491821
test_15651,0.002493160543963313
test_15652,0.9999688863754272
test_15653,0.0010764545295387506
test_15654,0.9999967813491821
test_15655,0.0916815847158432
test_15656,0.9773330688476562
test_15657,0.018053026869893074
test_15658,0.9999967813491821
test_15659,0.4091204106807709
test_15660,0.0005335372406989336
test_15661,0.026658179238438606
test_15662,0.8728305101394653
test_15663,0.9999611377716064
test_15664,3.1475640298594953e-06
test_15665,0.9990322589874268
test_15666,0.9999513626098633
test_15667,0.00035136673250235617
test_15668,0.9999967813491821
test_15669,0.9994385838508606
test_15670,0.3814789652824402
test_15671,0.9705865979194641
test_15672,0.9999967813491821
test_15673,0.2754550874233246
test_15674,0.029346834868192673
test_15675,0.9999953508377075
test_15676,1.82625008164905e-05
test_15677,0.8965857625007629
test_15678,0.9999959468841553
test_15679,0.9999849796295166
test_15680,0.9994614720344543
test_15681,0.9708529114723206
test_15682,0.04033723473548889
test_15683,0.9108406901359558
test_15684,0.9998371601104736
test_15685,0.007454290986061096
test_15686,0.06287090480327606
test_15687,0.9999967813491821
test_15688,0.9999722242355347
test_15689,0.04410218074917793
test_15690,0.00013053159636911005
test_15691,8.935238838603254e-06
test_15692,0.002774351043626666
test_15693,0.9999967813491821
test_15694,0.013936713337898254
test_15695,0.8071873188018799
test_15696,0.9999173879623413
test_15697,0.9997308850288391
test_15698,3.94396556657739e-05
test_15699,0.9999855756759644
test_15700,1.5593917851219885e-05
test_15701,0.9999686479568481
test_15702,0.9957494735717773
test_15703,0.9996455907821655
test_15704,0.00158675666898489
test_15705,0.09057862311601639
test_15706,0.9936493039131165
test_15707,0.9996292591094971
test_15708,0.6538541913032532
test_15709,0.9999902248382568
test_15710,0.9999914169311523
test_15711,0.9995749592781067
test_15712,3.1475640298594953e-06
test_15713,0.9995552897453308
test_15714,0.3482859432697296
test_15715,0.999991774559021
test_15716,0.514233410358429
test_15717,0.23376785218715668
test_15718,0.9995796084403992
test_15719,0.003297817427664995
test_15720,0.9917154908180237
test_15721,0.9999678134918213
test_15722,0.9995044469833374
test_15723,0.999521017074585
test_15724,0.9999967813491821
test_15725,0.9900976419448853
test_15726,0.9967869520187378
test_15727,0.4742219150066376
test_15728,0.26248088479042053
test_15729,0.32224059104919434
test_15730,9.811118798097596e-05
test_15731,0.01609489880502224
test_15732,0.9998831748962402
test_15733,0.9978035092353821
test_15734,0.019289040938019753
test_15735,0.924728274345398
test_15736,6.189565283420961e-06
test_15737,0.9999967813491821
test_15738,0.028447799384593964
test_15739,0.9999663829803467
test_15740,0.007637448608875275
test_15741,0.9999600648880005
test_15742,0.999970555305481
test_15743,0.9999967813491821
test_15744,0.1478954255580902
test_15745,0.9990076422691345
test_15746,0.9999867677688599
test_15747,0.9999809265136719
test_15748,0.00020043461699970067
test_15749,0.9999967813491821
test_15750,0.782845675945282
test_15751,0.9999955892562866
test_15752,0.7568496465682983
test_15753,0.9999886751174927
test_15754,0.0006520681781694293
test_15755,0.9999967813491821
test_15756,0.10275713354349136
test_15757,0.9980707764625549
test_15758,0.9810873866081238
test_15759,0.7330250144004822
test_15760,0.9980195760726929
test_15761,0.9999889135360718
test_15762,0.9685718417167664
test_15763,0.37869879603385925
test_15764,0.9778875708580017
test_15765,0.9995724558830261
test_15766,0.10245222598314285
test_15767,0.9999754428863525
test_15768,0.0015064828330650926
test_15769,0.002600494073703885
test_15770,0.9970855116844177
test_15771,7.973448191478383e-06
test_15772,0.9939461350440979
test_15773,7.993212784640491e-05
test_15774,0.9999817609786987
test_15775,0.9996241331100464
test_15776,0.0003817467368207872
test_15777,0.0022036749869585037
test_15778,3.1475640298594953e-06
test_15779,0.04508192464709282
test_15780,0.01243075542151928
test_15781,0.15303340554237366
test_15782,0.9999946355819702
test_15783,0.9994569420814514
test_15784,0.9500449299812317
test_15785,0.4377678334712982
test_15786,0.9997267127037048
test_15787,0.03702036291360855
test_15788,0.013100843876600266
test_15789,0.0007910128333605826
test_15790,0.9953321814537048
test_15791,0.9111820459365845
test_15792,0.9999617338180542
test_15793,0.801457405090332
test_15794,0.9998316764831543
test_15795,0.09705221652984619
test_15796,0.16726158559322357
test_15797,0.0010062111541628838
test_15798,0.00044248957419767976
test_15799,0.0009141393238678575
test_15800,0.7869373559951782
test_15801,0.9984569549560547
test_15802,0.22035323083400726
test_15803,0.0004181605763733387
test_15804,3.1475640298594953e-06
test_15805,0.9999923706054688
test_15806,5.783347660326399e-06
test_15807,0.9999929666519165
test_15808,0.9949918389320374
test_15809,0.8597532510757446
test_15810,0.0007221368723548949
test_15811,0.9999722242355347
test_15812,0.014674839563667774
test_15813,0.9999444484710693
test_15814,0.8993508815765381
test_15815,0.41248825192451477
test_15816,0.9983067512512207
test_15817,0.12289512902498245
test_15818,0.5918658375740051
test_15819,0.9998695850372314
test_15820,0.024581678211688995
test_15821,0.9999823570251465
test_15822,0.9999532699584961
test_15823,0.0006858707056380808
test_15824,0.09492699801921844
test_15825,0.005064727272838354
test_15826,0.0002874645870178938
test_15827,0.9899064898490906
test_15828,0.9999967813491821
test_15829,0.9737736582756042
test_15830,0.012930791825056076
test_15831,0.0023087006993591785
test_15832,0.9999967813491821
test_15833,0.9881924986839294
test_15834,0.3059396743774414
test_15835,0.3850656747817993
test_15836,0.9999967813491821
test_15837,0.9993284940719604
test_15838,0.00041682927985675633
test_15839,0.9999967813491821
test_15840,0.9998863935470581
test_15841,5.764306933997432e-06
test_15842,0.9986942410469055
test_15843,0.31986573338508606
test_15844,0.057007309049367905
test_15845,0.9998214840888977
test_15846,0.7682134509086609
test_15847,0.09916862100362778
test_15848,0.6377145648002625
test_15849,0.980860710144043
test_15850,0.0033026295714080334
test_15851,0.7160202860832214
test_15852,3.2331492548109964e-05
test_15853,0.9994588494300842
test_15854,0.984511137008667
test_15855,0.9989470839500427
test_15856,0.9995778203010559
test_15857,0.00032363913487643003
test_15858,0.9991857409477234
test_15859,0.9999967813491821
test_15860,3.1475640298594953e-06
test_15861,0.9984834790229797
test_15862,0.07381707429885864
test_15863,0.9995861649513245
test_15864,0.9999967813491821
test_15865,0.9999967813491821
test_15866,0.9999967813491821
test_15867,0.9994910955429077
test_15868,0.9975941777229309
test_15869,0.10610693693161011
test_15870,0.00012969067029189318
test_15871,0.9865254163742065
test_15872,0.033324774354696274
test_15873,0.9184889197349548
test_15874,0.00168471725191921
test_15875,0.00021807254233863205
test_15876,0.000654366915114224
test_15877,0.003030782798305154
test_15878,0.9967945218086243
test_15879,0.9998732805252075
test_15880,0.016092980280518532
test_15881,6.430789653677493e-05
test_15882,0.9456028938293457
test_15883,0.0011368748964741826
test_15884,0.9999967813491821
test_15885,0.9999791383743286
test_15886,0.01831917278468609
test_15887,0.9998050332069397
test_15888,0.9806770086288452
test_15889,0.9346653819084167
test_15890,0.9943972826004028
test_15891,0.9999216794967651
test_15892,0.9999967813491821
test_15893,0.011236674152314663
test_15894,3.1475640298594953e-06
test_15895,0.9999963045120239
test_15896,0.9999680519104004
test_15897,0.9997377991676331
test_15898,0.8238781690597534
test_15899,0.00014433347678277642
test_15900,0.9999967813491821
test_15901,0.9999967813491821
test_15902,0.03887220844626427
test_15903,0.9939185380935669
test_15904,0.00039962129085324705
test_15905,0.9999575614929199
test_15906,0.0015248960116878152
test_15907,0.9915980100631714
test_15908,2.6532487026997842e-05
test_15909,0.9999967813491821
test_15910,0.9999322891235352
test_15911,0.030066784471273422
test_15912,0.9998786449432373
test_15913,0.9999592304229736
test_15914,0.999991774559021
test_15915,2.569567004684359e-05
test_15916,3.1475640298594953e-06
test_15917,0.11113136261701584
test_15918,0.0013735232641920447
test_15919,0.9876444935798645
test_15920,0.9888591766357422
test_15921,0.9999666213989258
test_15922,0.03065912052989006
test_15923,0.9999967813491821
test_15924,0.07205519825220108
test_15925,0.9965732097625732
test_15926,0.9998456239700317
test_15927,0.9999967813491821
test_15928,0.999812662601471
test_15929,0.9999967813491821
test_15930,0.0004881660279352218
test_15931,0.7983039021492004
test_15932,0.9993252754211426
test_15933,0.9999409914016724
test_15934,0.0032793525606393814
test_15935,0.9998340606689453
test_15936,0.17320607602596283
test_15937,0.9996246099472046
test_15938,0.9989607334136963
test_15939,0.9735876321792603
test_15940,0.9999967813491821
test_15941,0.9999959468841553
test_15942,3.836497126030736e-05
test_15943,0.999396562576294
test_15944,0.0010588528821244836
test_15945,0.9999967813491821
test_15946,0.0013004166539758444
test_15947,0.00013114055036567152
test_15948,0.9999711513519287
test_15949,0.9999936819076538
test_15950,0.0005114404484629631
test_15951,3.1475640298594953e-06
test_15952,0.9934839606285095
test_15953,0.574628472328186
test_15954,0.9999967813491821
test_15955,0.0040276795625686646
test_15956,0.01466213259845972
test_15957,0.03375006467103958
test_15958,0.9999967813491821
test_15959,0.9999967813491821
test_15960,0.9685876369476318
test_15961,0.9998742341995239
test_15962,0.9999967813491821
test_15963,0.02567283622920513
test_15964,0.9993411898612976
test_15965,0.004273802973330021
test_15966,0.9995148181915283
test_15967,0.00023520286777056754
test_15968,1.477747628086945e-05
test_15969,0.077328622341156
test_15970,0.9999513626098633
test_15971,0.0024517120327800512
test_15972,0.46637120842933655
test_15973,0.0019622992258518934
test_15974,0.8938128352165222
test_15975,0.39595404267311096
test_15976,0.9518658518791199
test_15977,0.9706703424453735
test_15978,0.9872445464134216
test_15979,0.9992345571517944
test_15980,0.0008169296779669821
test_15981,0.9999967813491821
test_15982,0.00029156680102460086
test_15983,0.9999910593032837
test_15984,0.9999959468841553
test_15985,0.0006464950274676085
test_15986,0.040077731013298035
test_15987,0.001277063274756074
test_15988,0.9999955892562866
test_15989,0.0554761067032814
test_15990,0.9999929666519165
test_15991,0.9999843835830688
test_15992,0.0005149914650246501
test_15993,0.9867106080055237
test_15994,4.258602348272689e-05
test_15995,0.8882272243499756
test_15996,0.7044002413749695
test_15997,0.007300704251974821
test_15998,0.11587785929441452
test_15999,0.4839669167995453
test_16000,0.004829327575862408
test_16001,0.970657229423523
test_16002,0.00015025462198536843
test_16003,0.9996975660324097
test_16004,3.1475640298594953e-06
test_16005,0.0008619878790341318
test_16006,0.6402738690376282
test_16007,0.8747087121009827
test_16008,0.2985672354698181
test_16009,0.00014203705359250307
test_16010,0.7837957143783569
test_16011,0.0007160686072893441
test_16012,0.04268300533294678
test_16013,0.9999967813491821
test_16014,8.280119800474495e-06
test_16015,8.544683805666864e-05
test_16016,0.5995305180549622
test_16017,0.009889151901006699
test_16018,0.9999734163284302
test_16019,0.0012130679097026587
test_16020,0.9986152648925781
test_16021,0.9999967813491821
test_16022,0.9997602105140686
test_16023,0.0010948426788672805
test_16024,0.23647083342075348
test_16025,0.22992703318595886
test_16026,0.9995664954185486
test_16027,0.9999825954437256
test_16028,0.032582610845565796
test_16029,0.0037228583823889494
test_16030,0.0006386942113749683
test_16031,0.6530796885490417
test_16032,0.9999779462814331
test_16033,2.6776226150104776e-05
test_16034,0.9999967813491821
test_16035,0.026443706825375557
test_16036,0.01185320969671011
test_16037,0.0010668585309758782
test_16038,0.005846927408128977
test_16039,0.009695474989712238
test_16040,4.731317676487379e-05
test_16041,0.9999829530715942
test_16042,0.9942007064819336
test_16043,0.9999754428863525
test_16044,0.9999791383743286
test_16045,0.9990147352218628
test_16046,7.596466275572311e-06
test_16047,0.6843470931053162
test_16048,0.9999682903289795
test_16049,0.16115731000900269
test_16050,0.9001521468162537
test_16051,0.8792575001716614
test_16052,9.578448225511238e-05
test_16053,0.9999138116836548
test_16054,0.06473014503717422
test_16055,0.009861912578344345
test_16056,0.9996304512023926
test_16057,0.9540798664093018
test_16058,0.010133424773812294
test_16059,0.9999328851699829
test_16060,0.6264156699180603
test_16061,0.9999927282333374
test_16062,0.10750395804643631
test_16063,0.9695651531219482
test_16064,0.999326229095459
test_16065,0.9996852874755859
test_16066,0.9900980591773987
test_16067,0.9988718628883362
test_16068,0.24694348871707916
test_16069,0.1831425279378891
test_16070,0.942460298538208
test_16071,0.9995861649513245
test_16072,0.9997424483299255
test_16073,0.0137493209913373
test_16074,0.9005869626998901
test_16075,0.9796997904777527
test_16076,0.9914702773094177
test_16077,0.9999817609786987
test_16078,0.7068495154380798
test_16079,0.9914755821228027
test_16080,0.9999575614929199
test_16081,0.986440122127533
test_16082,0.8880794048309326
test_16083,0.021964620798826218
test_16084,0.001265074941329658
test_16085,0.0015148634556680918
test_16086,0.9999819993972778
test_16087,0.9994449019432068
test_16088,0.999988317489624
test_16089,5.708096796297468e-05
test_16090,0.05018121004104614
test_16091,0.9980779886245728
test_16092,0.9720380902290344
test_16093,0.2152620255947113
test_16094,0.9999967813491821
test_16095,0.9999967813491821
test_16096,0.9999505281448364
test_16097,0.0001490790891693905
test_16098,0.9981016516685486
test_16099,0.9999967813491821
test_16100,1.5836612874409184e-05
test_16101,0.33187177777290344
test_16102,0.9999967813491821
test_16103,0.001203326159156859
test_16104,0.947498619556427
test_16105,0.7760356068611145
test_16106,0.999974250793457
test_16107,0.9999967813491821
test_16108,0.6964328289031982
test_16109,0.9999967813491821
test_16110,0.004045646172016859
test_16111,0.9999783039093018
test_16112,0.9999967813491821
test_16113,0.9999967813491821
test_16114,0.16715045273303986
test_16115,0.006055882666260004
test_16116,0.004482778254896402
test_16117,0.9999788999557495
test_16118,0.9999967813491821
test_16119,0.9999487400054932
test_16120,0.03490150347352028
test_16121,0.9999967813491821
test_16122,0.00826281774789095
test_16123,0.9993337988853455
test_16124,0.9999736547470093
test_16125,0.999884843826294
test_16126,0.049635738134384155
test_16127,0.9996320009231567
test_16128,0.016344696283340454
test_16129,0.0030640403274446726
test_16130,0.9997667670249939
test_16131,0.9999473094940186
test_16132,0.9999914169311523
test_16133,9.526971552986652e-05
test_16134,0.9999933242797852
test_16135,0.9999967813491821
test_16136,0.9999963045120239
test_16137,0.9999927282333374
test_16138,0.9671797156333923
test_16139,0.9998478889465332
test_16140,0.28899821639060974
test_16141,0.000877529673743993
test_16142,0.011937301605939865
test_16143,0.9806760549545288
test_16144,0.9988771080970764
test_16145,0.3342723250389099
test_16146,0.0023990715853869915
test_16147,9.593073627911508e-05
test_16148,0.1419127732515335
test_16149,0.018129879608750343
test_16150,0.5441235899925232
test_16151,0.9990473389625549
test_16152,0.10750661790370941
test_16153,0.9999967813491821
test_16154,0.15980100631713867
test_16155,0.9999697208404541
test_16156,0.999371349811554
test_16157,0.4081721603870392
test_16158,0.003519936464726925
test_16159,0.50407874584198
test_16160,0.184861421585083
test_16161,0.8948134779930115
test_16162,0.9997743964195251
test_16163,0.0024809620808809996
test_16164,0.9902541041374207
test_16165,0.056583866477012634
test_16166,0.00010881501657422632
test_16167,0.5598409175872803
test_16168,3.1475640298594953e-06
test_16169,0.9999949932098389
test_16170,0.9997120499610901
test_16171,1.8268561689183116e-05
test_16172,0.10585267841815948
test_16173,0.9994007349014282
test_16174,4.176841684966348e-06
test_16175,0.9806429147720337
test_16176,0.20875218510627747
test_16177,9.62430058280006e-05
test_16178,0.01296150777488947
test_16179,0.024235840886831284
test_16180,0.008253038860857487
test_16181,0.9999963045120239
test_16182,0.002901002299040556
test_16183,0.07789956033229828
test_16184,0.9957882761955261
test_16185,0.9999183416366577
test_16186,5.922062700847164e-05
test_16187,0.3868427276611328
test_16188,0.0021570082753896713
test_16189,0.999763548374176
test_16190,0.7550661563873291
test_16191,0.368418425321579
test_16192,0.979915201663971
test_16193,0.9999967813491821
test_16194,0.24920907616615295
test_16195,0.9999967813491821
test_16196,0.0027342219837009907
test_16197,0.9999967813491821
test_16198,0.23275873064994812
test_16199,0.9891407489776611
test_16200,0.0026527417358011007
test_16201,0.0005637836293317378
test_16202,0.9999953508377075
test_16203,0.9976097345352173
test_16204,0.9999967813491821
test_16205,0.9998162388801575
test_16206,0.9999967813491821
test_16207,0.9999409914016724
test_16208,0.9979495406150818
test_16209,0.7501024007797241
test_16210,0.9999967813491821
test_16211,0.9999748468399048
test_16212,0.9999967813491821
test_16213,0.9640463590621948
test_16214,0.00020488341397140175
test_16215,0.9977333545684814
test_16216,0.9999967813491821
test_16217,0.00845580454915762
test_16218,0.9996763467788696
test_16219,0.9999831914901733
test_16220,0.9999797344207764
test_16221,0.9999967813491821
test_16222,0.9999617338180542
test_16223,0.9883384108543396
test_16224,0.9999967813491821
test_16225,0.9995229244232178
test_16226,0.9999967813491821
test_16227,0.0048598614521324635
test_16228,0.015046140179038048
test_16229,0.9999967813491821
test_16230,0.998358428478241
test_16231,0.9999511241912842
test_16232,0.35718032717704773
test_16233,4.228200850775465e-06
test_16234,0.9679993987083435
test_16235,0.970367968082428
test_16236,0.0020858999341726303
test_16237,0.9999946355819702
test_16238,0.36976930499076843
test_16239,0.21765494346618652
test_16240,0.9999653100967407
test_16241,5.9758142015198246e-05
test_16242,0.9943806529045105
test_16243,0.9916952252388
test_16244,0.10725142806768417
test_16245,0.9999966621398926
test_16246,0.999962568283081
test_16247,0.007142519112676382
test_16248,0.9999959468841553
test_16249,8.033094673010055e-06
test_16250,0.9757241606712341
test_16251,0.16829615831375122
test_16252,0.008826001547276974
test_16253,0.9860389232635498
test_16254,0.9999644756317139
test_16255,0.010276815854012966
test_16256,0.0029063730034977198
test_16257,0.47627100348472595
test_16258,0.033672578632831573
test_16259,0.9999163150787354
test_16260,0.1253448873758316
test_16261,0.9977060556411743
test_16262,0.9999967813491821
test_16263,0.84175044298172
test_16264,0.000373920367565006
test_16265,0.9999967813491821
test_16266,0.9999946355819702
test_16267,0.0022354288958013058
test_16268,0.999954342842102
test_16269,0.0015545720234513283
test_16270,0.9999967813491821
test_16271,0.9999967813491821
test_16272,0.9999967813491821
test_16273,0.9999967813491821
test_16274,0.9972084164619446
test_16275,3.1475640298594953e-06
test_16276,3.553970964276232e-05
test_16277,0.9999967813491821
test_16278,3.1475640298594953e-06
test_16279,0.00014055849169380963
test_16280,0.9982728958129883
test_16281,0.999018669128418
test_16282,0.9999967813491821
test_16283,0.0007230313494801521
test_16284,0.31018564105033875
test_16285,0.9996522665023804
test_16286,0.7288129329681396
test_16287,0.9999967813491821
test_16288,0.009866210632026196
test_16289,0.9995111227035522
test_16290,0.0016005239449441433
test_16291,0.9999929666519165
test_16292,0.9998207688331604
test_16293,0.999983549118042
test_16294,0.00022464439098257571
test_16295,0.9999699592590332
test_16296,4.367489236756228e-05
test_16297,0.9999967813491821
test_16298,0.998369038105011
test_16299,0.9639065861701965
test_16300,0.004061149898916483
test_16301,5.756858081440441e-05
test_16302,0.00046444364124909043
test_16303,0.9998040795326233
test_16304,0.8737456798553467
test_16305,0.9999967813491821
test_16306,0.9998853206634521
test_16307,0.9999470710754395
test_16308,0.9999967813491821
test_16309,0.9999967813491821
test_16310,3.1475640298594953e-06
test_16311,0.9966827034950256
test_16312,0.00046687634312547743
test_16313,0.04546671733260155
test_16314,0.9999537467956543
test_16315,0.07056952267885208
test_16316,0.982417106628418
test_16317,0.999922513961792
test_16318,0.999915361404419
test_16319,0.004302931018173695
test_16320,0.9999967813491821
test_16321,0.992828905582428
test_16322,0.9242427349090576
test_16323,0.0009740777895785868
test_16324,0.9999728202819824
test_16325,0.9932291507720947
test_16326,0.9999967813491821
test_16327,0.28782975673675537
test_16328,0.013060634024441242
test_16329,0.0017752426210790873
test_16330,0.999977707862854
test_16331,3.1475640298594953e-06
test_16332,0.9197294116020203
test_16333,0.011447597295045853
test_16334,0.9999843835830688
test_16335,0.9999513626098633
test_16336,0.00020535063231363893
test_16337,0.09619119018316269
test_16338,0.9997299313545227
test_16339,0.9996893405914307
test_16340,0.9977036118507385
test_16341,0.9998531341552734
test_16342,0.9998841285705566
test_16343,0.9999788999557495
test_16344,0.9445326328277588
test_16345,0.1920139342546463
test_16346,0.9999908208847046
test_16347,0.9036535620689392
test_16348,0.9990171194076538
test_16349,0.9999967813491821
test_16350,0.9491916298866272
test_16351,0.9991317391395569
test_16352,3.1475640298594953e-06
test_16353,0.9991438388824463
test_16354,0.7837240695953369
test_16355,0.9999967813491821
test_16356,0.04864819347858429
test_16357,0.3012126088142395
test_16358,0.005095252767205238
test_16359,0.9993284940719604
test_16360,0.0005066545563749969
test_16361,2.62994653894566e-05
test_16362,0.9999756813049316
test_16363,0.060573894530534744
test_16364,0.012879744172096252
test_16365,0.983340322971344
test_16366,0.9608032703399658
test_16367,0.9999967813491821
test_16368,0.0039768400602042675
test_16369,0.0003673021274153143
test_16370,2.5465818907832727e-05
test_16371,0.9993346333503723
test_16372,0.9999505281448364
test_16373,0.9951901435852051
test_16374,0.04535435512661934
test_16375,0.997870922088623
test_16376,0.999897837638855
test_16377,0.9999680519104004
test_16378,0.9611121416091919
test_16379,0.00012510764645412564
test_16380,0.8092495203018188
test_16381,0.975885808467865
test_16382,8.989733032649383e-05
test_16383,0.9988605976104736
test_16384,0.9999967813491821
test_16385,0.0008179106516763568
test_16386,0.9961127638816833
test_16387,0.9999967813491821
test_16388,0.6560119986534119
test_16389,0.9988182187080383
test_16390,0.9998043179512024
test_16391,0.07994458824396133
test_16392,0.9999967813491821
test_16393,0.000102864476502873
test_16394,0.9979464411735535
test_16395,0.007996738888323307
test_16396,0.9999967813491821
test_16397,0.010722283273935318
test_16398,0.9999967813491821
test_16399,0.04333886504173279
test_16400,0.001112334430217743
test_16401,0.9999171495437622
test_16402,0.9999431371688843
test_16403,0.9999064207077026
test_16404,0.9999967813491821
test_16405,0.0002756318135652691
test_16406,0.0005836950149387121
test_16407,0.9999892711639404
test_16408,0.988324761390686
test_16409,0.0019737770780920982
test_16410,0.008036669343709946
test_16411,0.004894658923149109
test_16412,0.0003342301642987877
test_16413,3.1475640298594953e-06
test_16414,0.9964151382446289
test_16415,0.9999967813491821
test_16416,7.090483995852992e-05
test_16417,0.0024563136976212263
test_16418,0.04145742580294609
test_16419,0.010561242699623108
test_16420,3.1475640298594953e-06
test_16421,0.9999966621398926
test_16422,0.9999967813491821
test_16423,0.9999966621398926
test_16424,0.04160018265247345
test_16425,0.31618326902389526
test_16426,0.08206881582736969
test_16427,0.990220308303833
test_16428,0.00019272466306574643
test_16429,0.999485969543457
test_16430,0.9999967813491821
test_16431,0.9999895095825195
test_16432,0.9954142570495605
test_16433,0.009338952600955963
test_16434,0.5030969977378845
test_16435,0.058358509093523026
test_16436,0.001753872842527926
test_16437,0.9970729351043701
test_16438,0.9872597455978394
test_16439,0.9999967813491821
test_16440,0.9998631477355957
test_16441,0.0002669768291525543
test_16442,0.9999967813491821
test_16443,0.0014669067459180951
test_16444,0.9999967813491821
test_16445,0.9981539845466614
test_16446,0.00032616296084597707
test_16447,0.9700983166694641
test_16448,0.07298723608255386
test_16449,0.9999809265136719
test_16450,0.007458055391907692
test_16451,0.0008641996537335217
test_16452,2.078251782222651e-05
test_16453,0.9994766116142273
test_16454,5.045421858085319e-06
test_16455,0.9999655485153198
test_16456,0.9949808716773987
test_16457,0.09259366989135742
test_16458,0.00014787596592213959
test_16459,0.044299788773059845
test_16460,0.00042057421524077654
test_16461,0.9999967813491821
test_16462,0.025124788284301758
test_16463,0.9999967813491821
test_16464,0.9982901215553284
test_16465,0.990426242351532
test_16466,0.989081859588623
test_16467,0.999494194984436
test_16468,0.9994646906852722
test_16469,0.9995877146720886
test_16470,0.9998712539672852
test_16471,0.0007669232436455786
test_16472,5.1537084800656885e-05
test_16473,0.02848435565829277
test_16474,0.3838619887828827
test_16475,0.011798790656030178
test_16476,0.0013820858439430594
test_16477,0.6099274754524231
test_16478,0.9999783039093018
test_16479,0.5025471448898315
test_16480,0.9999967813491821
test_16481,0.00030946102924644947
test_16482,0.9966421127319336
test_16483,0.001045825076289475
test_16484,0.9959646463394165
test_16485,0.0152638740837574
test_16486,0.9984546899795532
test_16487,0.7429208755493164
test_16488,0.006276251282542944
test_16489,0.022028053179383278
test_16490,0.9977091550827026
test_16491,0.8644247651100159
test_16492,0.12144283205270767
test_16493,0.00046599001507274806
test_16494,0.1851138472557068
test_16495,0.9325772523880005
test_16496,0.9999967813491821
test_16497,1.687693475105334e-05
test_16498,0.09103193134069443
test_16499,0.19116489589214325
test_16500,0.02193150855600834
test_16501,0.9845669865608215
test_16502,0.0021175292786210775
test_16503,0.000415349641116336
test_16504,9.237316589860711e-06
test_16505,0.9999959468841553
test_16506,0.24440285563468933
test_16507,0.9996981620788574
test_16508,0.9997982382774353
test_16509,0.0012093643890693784
test_16510,0.0027080236468464136
test_16511,0.9999880790710449
test_16512,0.009096097201108932
test_16513,0.04449538141489029
test_16514,0.021221088245511055
test_16515,0.8780677318572998
test_16516,0.9999967813491821
test_16517,0.030606435611844063
test_16518,0.9999551773071289
test_16519,0.9999713897705078
test_16520,0.9859321117401123
test_16521,0.06709170341491699
test_16522,0.9999949932098389
test_16523,0.9999967813491821
test_16524,0.9822023510932922
test_16525,0.4142490029335022
test_16526,0.9999966621398926
test_16527,0.0005420180968940258
test_16528,0.055509116500616074
test_16529,0.9996895790100098
test_16530,0.11255920678377151
test_16531,0.12034399807453156
test_16532,0.9999785423278809
test_16533,0.00013161133392713964
test_16534,0.9998210072517395
test_16535,0.9419861435890198
test_16536,3.1475640298594953e-06
test_16537,0.9611696600914001
test_16538,0.9999967813491821
test_16539,0.9996790885925293
test_16540,2.981729994644411e-05
test_16541,0.04980912059545517
test_16542,0.062448982149362564
test_16543,0.9818167686462402
test_16544,0.9591242074966431
test_16545,0.00021165456564631313
test_16546,0.9999967813491821
test_16547,0.9990092515945435
test_16548,0.04419959709048271
test_16549,0.0031099470797926188
test_16550,0.9999955892562866
test_16551,0.9999967813491821
test_16552,0.999737560749054
test_16553,0.748536229133606
test_16554,0.003996616695076227
test_16555,0.2555252015590668
test_16556,0.9687579870223999
test_16557,0.9999967813491821
test_16558,0.9999929666519165
test_16559,0.9996929168701172
test_16560,0.014163968153297901
test_16561,0.9999344348907471
test_16562,0.9830117225646973
test_16563,0.010893050581216812
test_16564,0.9955564141273499
test_16565,0.9999967813491821
test_16566,0.0009364805300720036
test_16567,0.9999967813491821
test_16568,0.9963790774345398
test_16569,0.06913889944553375
test_16570,0.9999657869338989
test_16571,0.9999457597732544
test_16572,0.13511762022972107
test_16573,2.9705306587857194e-05
test_16574,0.027488788589835167
test_16575,1.2536426766018849e-05
test_16576,0.0009258770733140409
test_16577,0.03970235213637352
test_16578,0.9999889135360718
test_16579,0.0004222163406666368
test_16580,0.001817014068365097
test_16581,0.00016733909433241934
test_16582,0.8042255640029907
test_16583,0.9999920129776001
test_16584,0.9435949325561523
test_16585,4.408291351865046e-05
test_16586,0.842326819896698
test_16587,0.9989678859710693
test_16588,0.0016430839896202087
test_16589,0.9999967813491821
test_16590,0.024805286899209023
test_16591,0.9999967813491821
test_16592,0.0011920910328626633
test_16593,0.0017832781886681914
test_16594,0.031136268749833107
test_16595,0.6150137782096863
test_16596,0.0012688175775110722
test_16597,0.25133588910102844
test_16598,0.9993934631347656
test_16599,0.7787498235702515
test_16600,0.9999420642852783
test_16601,0.00010296839900547639
test_16602,0.9999967813491821
test_16603,0.9985111355781555
test_16604,0.9999788999557495
test_16605,9.998540008382406e-06
test_16606,0.022055471315979958
test_16607,0.025399494916200638
test_16608,0.9999967813491821
test_16609,0.999839186668396
test_16610,0.0010478162439540029
test_16611,0.9984464049339294
test_16612,0.09994639456272125
test_16613,0.9999949932098389
test_16614,0.9999967813491821
test_16615,0.1541152149438858
test_16616,0.16577477753162384
test_16617,7.519161590607837e-05
test_16618,0.22342024743556976
test_16619,0.6347703337669373
test_16620,0.9998923540115356
test_16621,0.9997287392616272
test_16622,0.9957418441772461
test_16623,0.9860399961471558
test_16624,0.9641988277435303
test_16625,0.3440307676792145
test_16626,0.0017009936273097992
test_16627,0.0008748965337872505
test_16628,0.15507490932941437
test_16629,0.5127835869789124
test_16630,1.2460464859032072e-05
test_16631,0.0021367385052144527
test_16632,0.9999927282333374
test_16633,0.00019147820421494544
test_16634,0.06180988997220993
test_16635,0.0012148289242759347
test_16636,0.9905409216880798
test_16637,0.003000593278557062
test_16638,0.998372495174408
test_16639,0.9999927282333374
test_16640,0.9989129304885864
test_16641,0.9857979416847229
test_16642,0.999991774559021
test_16643,0.9999946355819702
test_16644,0.9999967813491821
test_16645,0.9999853372573853
test_16646,0.9999910593032837
test_16647,0.9999021291732788
test_16648,0.9886205196380615
test_16649,0.9988648891448975
test_16650,0.38606780767440796
test_16651,3.1475640298594953e-06
test_16652,0.003813548479229212
test_16653,0.9999963045120239
test_16654,0.9999967813491821
test_16655,0.0006649885908700526
test_16656,0.9885047078132629
test_16657,0.9999936819076538
test_16658,0.9999375343322754
test_16659,0.031086094677448273
test_16660,0.9999967813491821
test_16661,0.01763473078608513
test_16662,0.9999949932098389
test_16663,0.0009761350811459124
test_16664,0.9999923706054688
test_16665,0.06609407812356949
test_16666,0.9999266862869263
test_16667,0.0012236515758559108
test_16668,0.9993450045585632
test_16669,9.442079317523167e-06
test_16670,0.018807508051395416
test_16671,0.5379442572593689
test_16672,0.9999831914901733
test_16673,0.0051171197555959225
test_16674,0.6898435950279236
test_16675,0.6602873802185059
test_16676,0.16137516498565674
test_16677,0.999782383441925
test_16678,0.99856036901474
test_16679,0.0037561398930847645
test_16680,0.04065454378724098
test_16681,0.0003558783791959286
test_16682,0.9996931552886963
test_16683,0.00468414556235075
test_16684,0.011902022175490856
test_16685,0.005632385145872831
test_16686,0.016644813120365143
test_16687,0.9828150868415833
test_16688,0.5931578874588013
test_16689,0.9998373985290527
test_16690,0.9999653100967407
test_16691,0.9394802451133728
test_16692,0.9999967813491821
test_16693,0.3959241211414337
test_16694,0.9998928308486938
test_16695,0.0015244096284732223
test_16696,0.03644989803433418
test_16697,0.002362437080591917
test_16698,0.6580643653869629
test_16699,0.39703142642974854
test_16700,0.9842619895935059
test_16701,0.30865660309791565
test_16702,0.05537646636366844
test_16703,0.9999967813491821
test_16704,0.07740297168493271
test_16705,0.9555792808532715
test_16706,0.9972319006919861
test_16707,0.9873090386390686
test_16708,0.9999967813491821
test_16709,0.9999867677688599
test_16710,2.0717410734505393e-05
test_16711,0.9948446750640869
test_16712,0.9942359328269958
test_16713,0.006802323739975691
test_16714,0.02081657387316227
test_16715,0.00011054716014768928
test_16716,0.011328916996717453
test_16717,0.7659143805503845
test_16718,0.12628400325775146
test_16719,0.9831526279449463
test_16720,0.0009490543743595481
test_16721,0.9824421405792236
test_16722,0.9999967813491821
test_16723,0.9999967813491821
test_16724,0.38444027304649353
test_16725,0.23741701245307922
test_16726,0.0005190609372220933
test_16727,0.9998451471328735
test_16728,0.0015111840330064297
test_16729,0.9740816354751587
test_16730,0.9999256134033203
test_16731,0.02134532853960991
test_16732,0.19258423149585724
test_16733,0.001039756229147315
test_16734,0.999955415725708
test_16735,3.1475640298594953e-06
test_16736,0.9999955892562866
test_16737,0.9999886751174927
test_16738,0.9999892711639404
test_16739,0.9997606873512268
test_16740,0.9999748468399048
test_16741,0.0004759323492180556
test_16742,0.00021337790531106293
test_16743,0.00010023915820056573
test_16744,0.9998663663864136
test_16745,0.000365758576663211
test_16746,0.9803110361099243
test_16747,0.6635986566543579
test_16748,0.9999967813491821
test_16749,0.9985550045967102
test_16750,0.11895573139190674
test_16751,0.9999967813491821
test_16752,0.0007757461280561984
test_16753,0.9998493194580078
test_16754,0.00028503898647613823
test_16755,0.0001233818766195327
test_16756,0.9999967813491821
test_16757,0.09399469196796417
test_16758,0.9999967813491821
test_16759,0.9987308382987976
test_16760,0.9999967813491821
test_16761,0.9999904632568359
test_16762,0.9976656436920166
test_16763,0.9999719858169556
test_16764,0.00020758717437274754
test_16765,0.9994582533836365
test_16766,0.9999586343765259
test_16767,0.11338231712579727
test_16768,0.00013181289250496775
test_16769,0.9989060163497925
test_16770,0.9953343272209167
test_16771,0.8768287897109985
test_16772,0.0010097447084262967
test_16773,0.9924015998840332
test_16774,0.9876982569694519
test_16775,0.0006043895846232772
test_16776,0.0016725208843126893
test_16777,0.9999967813491821
test_16778,0.013076389208436012
test_16779,0.04908761382102966
test_16780,0.9999967813491821
test_16781,0.6554506421089172
test_16782,0.9999880790710449
test_16783,0.5914974808692932
test_16784,0.9985806941986084
test_16785,0.9999959468841553
test_16786,0.001500466139987111
test_16787,0.2896895110607147
test_16788,0.7717244625091553
test_16789,0.9999963045120239
test_16790,0.2359772026538849
test_16791,9.422465518582612e-05
test_16792,0.9999663829803467
test_16793,3.1475640298594953e-06
test_16794,0.9999762773513794
test_16795,2.8160344299976714e-05
test_16796,0.9969063401222229
test_16797,0.8844152688980103
test_16798,0.9939697980880737
test_16799,0.9998863935470581
test_16800,0.9999953508377075
test_16801,0.9994660019874573
test_16802,0.9995560050010681
test_16803,3.1746690183354076e-06
test_16804,0.9999967813491821
test_16805,0.999962568283081
test_16806,0.9999641180038452
test_16807,0.9997772574424744
test_16808,5.431297540781088e-05
test_16809,0.01274840533733368
test_16810,3.1475640298594953e-06
test_16811,0.9999967813491821
test_16812,0.2819842994213104
test_16813,0.021195171400904655
test_16814,0.5196000933647156
test_16815,0.9999953508377075
test_16816,0.001402118243277073
test_16817,0.9999819993972778
test_16818,0.00013018430036026984
test_16819,0.9999920129776001
test_16820,6.411879439838231e-06
test_16821,0.9732797741889954
test_16822,0.9989381432533264
test_16823,0.9998188614845276
test_16824,0.9999967813491821
test_16825,0.9990713596343994
test_16826,0.9993588328361511
test_16827,0.5129421949386597
test_16828,0.0002536746033001691
test_16829,0.012700524181127548
test_16830,0.0023234400432556868
test_16831,0.9999959468841553
test_16832,0.9997010827064514
test_16833,0.009461166337132454
test_16834,0.9990206956863403
test_16835,0.9645237922668457
test_16836,3.1475640298594953e-06
test_16837,0.9999933242797852
test_16838,0.921500027179718
test_16839,0.9969634413719177
test_16840,0.9998292922973633
test_16841,0.9999855756759644
test_16842,0.9999498128890991
test_16843,1.6437321392004378e-05
test_16844,0.9999967813491821
test_16845,3.1475640298594953e-06
test_16846,0.00014372864097822458
test_16847,0.9763774275779724
test_16848,0.9999942779541016
test_16849,0.9999966621398926
test_16850,0.07659485936164856
test_16851,0.00044589373283088207
test_16852,0.007148292846977711
test_16853,0.49952802062034607
test_16854,0.017413554713129997
test_16855,0.05243678018450737
test_16856,0.9981653094291687
test_16857,0.9999967813491821
test_16858,0.9991136193275452
test_16859,0.5956060290336609
test_16860,0.9999346733093262
test_16861,0.011697247624397278
test_16862,4.25967009505257e-05
test_16863,0.9999967813491821
test_16864,0.01835114322602749
test_16865,0.0031561912037432194
test_16866,0.015453964471817017
test_16867,0.9997180104255676
test_16868,0.9998410940170288
test_16869,0.9997157454490662
test_16870,0.9999871253967285
test_16871,0.9993564486503601
test_16872,0.9999473094940186
test_16873,0.0324079692363739
test_16874,0.9484817981719971
test_16875,0.002361124847084284
test_16876,0.9999873638153076
test_16877,0.00021789464517496526
test_16878,0.001822368474677205
test_16879,0.9873141646385193
test_16880,0.999803364276886
test_16881,0.005061869043856859
test_16882,0.05596671998500824
test_16883,0.9999967813491821
test_16884,0.9999967813491821
test_16885,0.42111605405807495
test_16886,0.9861534833908081
test_16887,0.9996815919876099
test_16888,0.9998788833618164
test_16889,0.9999967813491821
test_16890,0.9955623149871826
test_16891,0.6866638660430908
test_16892,0.9996145963668823
test_16893,0.9999933242797852
test_16894,0.9999734163284302
test_16895,0.10036909580230713
test_16896,0.9994762539863586
test_16897,0.00376638351008296
test_16898,0.32086750864982605
test_16899,0.06628598272800446
test_16900,8.661223546369001e-05
test_16901,0.001302925287745893
test_16902,0.00020292987755965441
test_16903,0.9999630451202393
test_16904,0.9999489784240723
test_16905,0.06445775181055069
test_16906,0.5314172506332397
test_16907,0.9997913241386414
test_16908,0.022208480164408684
test_16909,0.9999468326568604
test_16910,0.00042403812403790653
test_16911,0.011767236515879631
test_16912,0.9999967813491821
test_16913,0.05596764385700226
test_16914,0.01314575131982565
test_16915,0.9999622106552124
test_16916,0.9976229071617126
test_16917,0.00021428822947200388
test_16918,0.9999768733978271
test_16919,0.061578169465065
test_16920,0.9999889135360718
test_16921,0.9839298129081726
test_16922,0.7971952557563782
test_16923,0.0007461337954737246
test_16924,0.9995334148406982
test_16925,0.03822041302919388
test_16926,0.0018265601247549057
test_16927,0.014980597421526909
test_16928,0.27331385016441345
test_16929,0.0018532429821789265
test_16930,0.6779335737228394
test_16931,0.9999967813491821
test_16932,0.0023414306342601776
test_16933,0.9999216794967651
test_16934,0.9999967813491821
test_16935,0.16952140629291534
test_16936,0.999886155128479
test_16937,0.9999023675918579
test_16938,0.025998923927545547
test_16939,0.9964189529418945
test_16940,0.9996286630630493
test_16941,0.9998045563697815
test_16942,0.07718615978956223
test_16943,0.9962222576141357
test_16944,3.5192551877116784e-06
test_16945,0.0005442332476377487
test_16946,0.9999575614929199
test_16947,0.00011521966371219605
test_16948,0.05111698806285858
test_16949,0.9999967813491821
test_16950,0.998727023601532
test_16951,0.9999967813491821
test_16952,0.9999927282333374
test_16953,0.9999967813491821
test_16954,0.000385215476853773
test_16955,0.9955599308013916
test_16956,0.000215413689147681
test_16957,0.39383766055107117
test_16958,0.9999967813491821
test_16959,0.9460590481758118
test_16960,0.9997469782829285
test_16961,0.0351821593940258
test_16962,0.5751780271530151
test_16963,0.9966985583305359
test_16964,0.0019585543777793646
test_16965,0.9717299938201904
test_16966,0.00044202711433172226
test_16967,0.6765813231468201
test_16968,3.1475640298594953e-06
test_16969,0.9935774207115173
test_16970,0.007530319504439831
test_16971,0.9999502897262573
test_16972,0.2231205552816391
test_16973,0.9999736547470093
test_16974,0.9378646016120911
test_16975,7.208166789496318e-05
test_16976,0.689103901386261
test_16977,0.0005028615705668926
test_16978,0.9948624968528748
test_16979,0.16202020645141602
test_16980,0.9999942779541016
test_16981,0.999893307685852
test_16982,0.02358940802514553
test_16983,0.9999933242797852
test_16984,0.002293427474796772
test_16985,0.37508612871170044
test_16986,0.48347046971321106
test_16987,0.010150034911930561
test_16988,0.40884819626808167
test_16989,0.0027776630595326424
test_16990,0.019855601713061333
test_16991,0.09051617234945297
test_16992,0.9999773502349854
test_16993,0.6531195044517517
test_16994,8.607391646364704e-05
test_16995,0.9848055243492126
test_16996,0.998753547668457
test_16997,0.9869437217712402
test_16998,0.000512595463078469
test_16999,0.9999967813491821
test_17000,0.75469970703125
test_17001,0.6706446409225464
test_17002,0.9999756813049316
test_17003,8.456933574052528e-05
test_17004,0.9999871253967285
test_17005,0.998742401599884
test_17006,0.9690297842025757
test_17007,0.9875124096870422
test_17008,0.9972960352897644
test_17009,3.1475640298594953e-06
test_17010,0.0003213893505744636
test_17011,0.875335693359375
test_17012,0.987237811088562
test_17013,0.8201314806938171
test_17014,0.0010358513100072742
test_17015,0.6626138687133789
test_17016,0.867668092250824
test_17017,0.9310856461524963
test_17018,0.007911545224487782
test_17019,0.015667766332626343
test_17020,0.9999940395355225
test_17021,0.9996732473373413
test_17022,0.00010375473357271403
test_17023,0.002136872848495841
test_17024,0.9999825954437256
test_17025,0.014471289701759815
test_17026,0.6697323322296143
test_17027,0.9999966621398926
test_17028,0.999954104423523
test_17029,0.20052433013916016
test_17030,0.9999967813491821
test_17031,0.7992743253707886
test_17032,0.9999586343765259
test_17033,0.9940735697746277
test_17034,0.0037942538037896156
test_17035,0.5319656133651733
test_17036,0.9999967813491821
test_17037,0.4932318925857544
test_17038,0.988349437713623
test_17039,0.04810917004942894
test_17040,0.11065426468849182
test_17041,0.3167273998260498
test_17042,5.096986933494918e-05
test_17043,0.10419633984565735
test_17044,0.3294112980365753
test_17045,7.310188084375113e-05
test_17046,0.9999953508377075
test_17047,0.9958051443099976
test_17048,0.5358666181564331
test_17049,0.9999967813491821
test_17050,0.9498778581619263
test_17051,0.9988148212432861
test_17052,0.011198747903108597
test_17053,0.9868676662445068
test_17054,0.9963088631629944
test_17055,0.0003834401722997427
test_17056,0.9999923706054688
test_17057,0.9999967813491821
test_17058,0.0012902182061225176
test_17059,0.0005584057071246207
test_17060,0.42852216958999634
test_17061,0.0009665089310146868
test_17062,0.9999186992645264
test_17063,0.9999967813491821
test_17064,0.009304240345954895
test_17065,0.997917115688324
test_17066,0.9882282614707947
test_17067,0.9999765157699585
test_17068,0.0016347498167306185
test_17069,0.9994944334030151
test_17070,0.0033080331049859524
test_17071,0.985333263874054
test_17072,0.9987917542457581
test_17073,0.8000649809837341
test_17074,0.9996310472488403
test_17075,0.9831089377403259
test_17076,0.0004561780660878867
test_17077,0.9965502023696899
test_17078,0.04705135524272919
test_17079,0.999345600605011
test_17080,0.999935507774353
test_17081,0.04255244880914688
test_17082,0.9965893030166626
test_17083,0.002411350142210722
test_17084,0.43542033433914185
test_17085,0.00048373008030466735
test_17086,0.996991753578186
test_17087,0.9923890233039856
test_17088,0.9999967813491821
test_17089,0.16643394529819489
test_17090,0.024291744455695152
test_17091,3.863516030833125e-05
test_17092,0.0139562226831913
test_17093,0.6219710111618042
test_17094,0.002484473865479231
test_17095,0.9999967813491821
test_17096,0.6646173000335693
test_17097,0.9999967813491821
test_17098,0.7150043845176697
test_17099,0.9999967813491821
test_17100,0.020741404965519905
test_17101,0.009557182900607586
test_17102,0.9999967813491821
test_17103,6.342324923025444e-06
test_17104,0.9930353164672852
test_17105,0.9999895095825195
test_17106,0.9951796531677246
test_17107,0.0030413928907364607
test_17108,0.9182989597320557
test_17109,0.999969482421875
test_17110,0.9997805953025818
test_17111,0.9942745566368103
test_17112,0.9977555871009827
test_17113,0.9999655485153198
test_17114,0.9996532201766968
test_17115,0.4226717948913574
test_17116,0.9961284399032593
test_17117,0.0014186280313879251
test_17118,0.9991620779037476
test_17119,0.9997535347938538
test_17120,0.999715268611908
test_17121,0.996403694152832
test_17122,0.9999967813491821
test_17123,0.09731093049049377
test_17124,0.5656740665435791
test_17125,0.9999953508377075
test_17126,0.9999967813491821
test_17127,0.00034078690805472434
test_17128,0.00011709617683663964
test_17129,0.9999904632568359
test_17130,0.9999910593032837
test_17131,0.011098661459982395
test_17132,0.9998811483383179
test_17133,0.5540297627449036
test_17134,0.0011507224990054965
test_17135,0.03275687247514725
test_17136,0.9999500513076782
test_17137,0.8788516521453857
test_17138,0.9474295973777771
test_17139,0.45045581459999084
test_17140,0.9902505874633789
test_17141,0.9571200609207153
test_17142,0.9999966621398926
test_17143,0.9999791383743286
test_17144,0.0014479478122666478
test_17145,0.00021171975822653621
test_17146,0.9999936819076538
test_17147,0.9999967813491821
test_17148,0.0022797957062721252
test_17149,0.7466214299201965
test_17150,0.0013448622776195407
test_17151,0.9262462854385376
test_17152,0.003556045237928629
test_17153,1.7510237739770673e-05
test_17154,0.003459781175479293
test_17155,0.0032515053171664476
test_17156,0.00011960564006585628
test_17157,0.9978895783424377
test_17158,0.5587723255157471
test_17159,4.841360805585282e-06
test_17160,0.999933123588562
test_17161,0.9999521970748901
test_17162,0.00027202878845855594
test_17163,0.9983320832252502
test_17164,0.9998891353607178
test_17165,0.9999736547470093
test_17166,0.013412402011454105
test_17167,0.08286941051483154
test_17168,0.9999849796295166
test_17169,0.9999336004257202
test_17170,0.11309347301721573
test_17171,0.00011096677917521447
test_17172,0.9710479974746704
test_17173,0.9992154836654663
test_17174,0.9999759197235107
test_17175,0.915347695350647
test_17176,0.0009453555103391409
test_17177,0.9999967813491821
test_17178,0.03749017044901848
test_17179,0.9914295077323914
test_17180,0.9985027313232422
test_17181,0.9999949932098389
test_17182,0.11124163866043091
test_17183,0.9998252987861633
test_17184,0.2457226663827896
test_17185,0.9990652203559875
test_17186,0.8548424243927002
test_17187,0.9993821382522583
test_17188,0.11832723766565323
test_17189,0.002890125149860978
test_17190,0.015028075315058231
test_17191,0.09344547986984253
test_17192,0.36649778485298157
test_17193,0.0958537682890892
test_17194,0.9999967813491821
test_17195,0.00017949870380107313
test_17196,0.8685510754585266
test_17197,0.00037369030178524554
test_17198,0.009738418273627758
test_17199,0.0009543693158775568
test_17200,0.998084306716919
test_17201,0.0002907501475419849
test_17202,0.9970073103904724
test_17203,0.9999933242797852
test_17204,0.9994720816612244
test_17205,0.0021671319846063852
test_17206,0.9973917007446289
test_17207,0.007120801601558924
test_17208,0.9999581575393677
test_17209,0.006911139003932476
test_17210,0.3727516829967499
test_17211,0.0006751945475116372
test_17212,0.9982354640960693
test_17213,0.9819970726966858
test_17214,0.9999263286590576
test_17215,0.9999396800994873
test_17216,0.10034328699111938
test_17217,0.0415741428732872
test_17218,0.01248396560549736
test_17219,6.916884740348905e-05
test_17220,0.00742270378395915
test_17221,0.037013325840234756
test_17222,0.9999923706054688
test_17223,0.19409319758415222
test_17224,0.0002603938919492066
test_17225,0.562234103679657
test_17226,0.5274258255958557
test_17227,0.9998966455459595
test_17228,0.9999955892562866
test_17229,0.9999967813491821
test_17230,0.9648203253746033
test_17231,0.9993607401847839
test_17232,7.169626042013988e-05
test_17233,0.004736097063869238
test_17234,0.5513871312141418
test_17235,0.9999949932098389
test_17236,3.3141772291855887e-05
test_17237,0.999817430973053
test_17238,0.0005780259380117059
test_17239,0.9999711513519287
test_17240,0.28634634613990784
test_17241,0.21203868091106415
test_17242,0.9983049631118774
test_17243,7.029266271274537e-05
test_17244,0.9985097050666809
test_17245,0.0004843028436880559
test_17246,0.8820563554763794
test_17247,0.0046264538541436195
test_17248,0.0033528367057442665
test_17249,0.9999953508377075
test_17250,0.0001447078975616023
test_17251,0.9972994923591614
test_17252,0.9999388456344604
test_17253,0.9903533458709717
test_17254,0.826420783996582
test_17255,0.9999889135360718
test_17256,0.03177923709154129
test_17257,0.32186776399612427
test_17258,0.9953162670135498
test_17259,0.9999953508377075
test_17260,9.345421858597547e-05
test_17261,0.9997227787971497
test_17262,0.9969727993011475
test_17263,0.9884169697761536
test_17264,0.9994688630104065
test_17265,0.9999967813491821
test_17266,2.014853453147225e-05
test_17267,0.0017440327210351825
test_17268,0.07383780926465988
test_17269,0.017089394852519035
test_17270,0.9408026933670044
test_17271,0.00010227224993286654
test_17272,0.9988952875137329
test_17273,0.9999001026153564
test_17274,0.9968394041061401
test_17275,0.49440667033195496
test_17276,0.9999176263809204
test_17277,0.9999967813491821
test_17278,0.42125019431114197
test_17279,1.6537731426069513e-05
test_17280,0.9991249442100525
test_17281,0.4816925823688507
test_17282,0.49253979325294495
test_17283,4.094011728739133e-06
test_17284,0.9986901879310608
test_17285,0.9999459981918335
test_17286,0.9999967813491821
test_17287,0.0009241808438673615
test_17288,0.9999452829360962
test_17289,0.2897018790245056
test_17290,0.11676543205976486
test_17291,0.8167293071746826
test_17292,0.9999756813049316
test_17293,0.010528212413191795
test_17294,0.9991635084152222
test_17295,0.007231469266116619
test_17296,0.9999967813491821
test_17297,0.9999967813491821
test_17298,0.04184076935052872
test_17299,0.9939829707145691
test_17300,0.05303492397069931
test_17301,0.9999431371688843
test_17302,0.004313596524298191
test_17303,0.09343595802783966
test_17304,0.003839343786239624
test_17305,0.998986542224884
test_17306,0.9998012185096741
test_17307,0.9995456337928772
test_17308,0.9727336764335632
test_17309,0.01883370243012905
test_17310,0.9998903274536133
test_17311,3.1475640298594953e-06
test_17312,0.9959447979927063
test_17313,0.9999383687973022
test_17314,0.9979944229125977
test_17315,0.9965600371360779
test_17316,0.003860813332721591
test_17317,0.9937735795974731
test_17318,0.9999122619628906
test_17319,0.999915361404419
test_17320,0.9990993738174438
test_17321,0.9999817609786987
test_17322,0.011259132996201515
test_17323,0.9999929666519165
test_17324,0.0007475351449102163
test_17325,0.6595482230186462
test_17326,0.9999967813491821
test_17327,0.0005252412520349026
test_17328,0.9546976089477539
test_17329,0.00019414241251070052
test_17330,5.9998087635904085e-06
test_17331,0.7264325618743896
test_17332,0.9999963045120239
test_17333,0.9864945411682129
test_17334,0.00786619819700718
test_17335,0.9998062252998352
test_17336,0.9408971667289734
test_17337,0.04107273370027542
test_17338,0.9999955892562866
test_17339,0.03461335599422455
test_17340,0.012591955251991749
test_17341,6.176203896757215e-06
test_17342,0.0008370032883249223
test_17343,0.02010594680905342
test_17344,0.9994515776634216
test_17345,0.9961322546005249
test_17346,0.9976499676704407
test_17347,0.0026376445312052965
test_17348,0.9999942779541016
test_17349,7.608711712236982e-06
test_17350,0.05929654464125633
test_17351,0.9947938323020935
test_17352,0.9999967813491821
test_17353,0.9987608194351196
test_17354,0.9999967813491821
test_17355,0.0002978513657581061
test_17356,0.25895366072654724
test_17357,0.9998712539672852
test_17358,0.4894368052482605
test_17359,0.9996827840805054
test_17360,0.9999452829360962
test_17361,0.9999014139175415
test_17362,0.012063401751220226
test_17363,0.00043941024341620505
test_17364,0.0003349178587086499
test_17365,0.025144483894109726
test_17366,2.5513465516269207e-05
test_17367,0.894119918346405
test_17368,0.011854813434183598
test_17369,0.9940902590751648
test_17370,0.9235200881958008
test_17371,0.9999955892562866
test_17372,0.5194686651229858
test_17373,0.162601500749588
test_17374,0.8811992406845093
test_17375,0.0052817645482718945
test_17376,0.9939125776290894
test_17377,1.2507968676800374e-05
test_17378,0.7011653780937195
test_17379,0.855745792388916
test_17380,0.9999711513519287
test_17381,0.0001622523705009371
test_17382,0.9799948334693909
test_17383,0.9999967813491821
test_17384,0.9860132336616516
test_17385,0.02926660142838955
test_17386,0.000397764437366277
test_17387,0.9999455213546753
test_17388,9.052278983290307e-06
test_17389,0.001458559650927782
test_17390,0.6426729559898376
test_17391,0.011593651957809925
test_17392,0.21858307719230652
test_17393,0.13485360145568848
test_17394,0.0033397639635950327
test_17395,0.033858321607112885
test_17396,0.9999927282333374
test_17397,0.001761559396982193
test_17398,0.9999967813491821
test_17399,0.800812304019928
test_17400,0.031790100038051605
test_17401,0.9989476799964905
test_17402,0.9999370574951172
test_17403,0.9998747110366821
test_17404,0.9931100606918335
test_17405,0.9970567226409912
test_17406,0.0031394436955451965
test_17407,0.9265180230140686
test_17408,0.004527223762124777
test_17409,0.9144558310508728
test_17410,0.696927547454834
test_17411,0.9999158382415771
test_17412,0.40622130036354065
test_17413,0.9984007477760315
test_17414,0.009436771273612976
test_17415,0.049602169543504715
test_17416,0.9934931397438049
test_17417,0.9999967813491821
test_17418,0.1373450756072998
test_17419,0.000518453714903444
test_17420,0.9999771118164062
test_17421,0.9998948574066162
test_17422,0.9446347951889038
test_17423,0.999985933303833
test_17424,0.004679652396589518
test_17425,0.9464830160140991
test_17426,0.9999492168426514
test_17427,0.9999967813491821
test_17428,0.1570541262626648
test_17429,0.0031476079020649195
test_17430,0.9999066591262817
test_17431,0.009135978296399117
test_17432,0.09826188534498215
test_17433,0.0195243488997221
test_17434,0.9859862327575684
test_17435,0.9925904273986816
test_17436,0.012722443789243698
test_17437,0.08058151602745056
test_17438,0.999988317489624
test_17439,0.005952899809926748
test_17440,6.130876045062905e-06
test_17441,0.999985933303833
test_17442,0.0022958903573453426
test_17443,0.9999908208847046
test_17444,0.00044083569082431495
test_17445,5.484275970957242e-05
test_17446,0.9999289512634277
test_17447,0.9396467208862305
test_17448,0.99973064661026
test_17449,0.9997648596763611
test_17450,0.9967417120933533
test_17451,0.31372442841529846
test_17452,0.00019480941409710795
test_17453,0.9999967813491821
test_17454,0.9999598264694214
test_17455,0.06608802825212479
test_17456,0.7560979127883911
test_17457,0.9920990467071533
test_17458,0.0007424455834552646
test_17459,0.6251251101493835
test_17460,0.00035168390604667366
test_17461,0.9994981288909912
test_17462,0.05446137860417366
test_17463,0.0007138514192774892
test_17464,0.000360212434316054
test_17465,0.0002139891148544848
test_17466,0.9879072308540344
test_17467,0.999985933303833
test_17468,0.9989796280860901
test_17469,0.03520291671156883
test_17470,0.007528694812208414
test_17471,0.5820556282997131
test_17472,0.9999942779541016
test_17473,0.9999967813491821
test_17474,0.9997313618659973
test_17475,0.06411335617303848
test_17476,0.8837000131607056
test_17477,0.0019693193025887012
test_17478,0.009598562493920326
test_17479,0.002026058267802
test_17480,0.9972856044769287
test_17481,0.999005138874054
test_17482,0.9992339611053467
test_17483,0.08310448378324509
test_17484,0.031579479575157166
test_17485,0.9999910593032837
test_17486,0.4089730679988861
test_17487,0.21104855835437775
test_17488,0.07989130914211273
test_17489,0.9999967813491821
test_17490,0.0006636733305640519
test_17491,0.07319030165672302
test_17492,1.6020720067899674e-05
test_17493,0.9999967813491821
test_17494,0.4394945204257965
test_17495,0.00218066549859941
test_17496,0.03600110486149788
test_17497,0.0701272189617157
test_17498,0.32307565212249756
test_17499,0.9999967813491821
test_17500,0.0002659065939951688
test_17501,0.9723386764526367
test_17502,3.446884420554852e-06
test_17503,0.9999967813491821
test_17504,0.00014341773930937052
test_17505,0.00028777722036466
test_17506,5.133151262270985e-06
test_17507,0.9999880790710449
test_17508,0.999974250793457
test_17509,0.9999799728393555
test_17510,0.01763119362294674
test_17511,0.9988258481025696
test_17512,0.00954614020884037
test_17513,0.9998514652252197
test_17514,0.9999967813491821
test_17515,0.9999967813491821
test_17516,0.00019293499644845724
test_17517,0.9834939241409302
test_17518,0.006619533058255911
test_17519,0.0008660135790705681
test_17520,0.07933980971574783
test_17521,0.9998179078102112
test_17522,0.9992746710777283
test_17523,0.0008945981389842927
test_17524,0.8394876718521118
test_17525,0.295028954744339
test_17526,0.9999967813491821
test_17527,0.12806332111358643
test_17528,0.9999079704284668
test_17529,0.5243039727210999
test_17530,0.9995226860046387
test_17531,0.0005613476387225091
test_17532,0.2000974416732788
test_17533,0.9997840523719788
test_17534,0.9997428059577942
test_17535,0.9999967813491821
test_17536,0.9999908208847046
test_17537,0.9871658682823181
test_17538,0.9996614456176758
test_17539,0.9444202780723572
test_17540,0.004950839094817638
test_17541,0.9999967813491821
test_17542,0.9960994720458984
test_17543,0.9995187520980835
test_17544,0.003351692808791995
test_17545,0.9995656609535217
test_17546,0.9960544109344482
test_17547,0.010555214248597622
test_17548,0.9978461265563965
test_17549,3.1475640298594953e-06
test_17550,0.9937905669212341
test_17551,0.03942658752202988
test_17552,0.9999216794967651
test_17553,0.043721407651901245
test_17554,0.9285714626312256
test_17555,0.0008559373673051596
test_17556,0.002276655752211809
test_17557,0.9999258518218994
test_17558,0.9995185136795044
test_17559,0.9999914169311523
test_17560,0.00020686360949184746
test_17561,0.004226882476359606
test_17562,0.00014695498975925148
test_17563,0.9626573920249939
test_17564,0.006044883280992508
test_17565,0.011024524457752705
test_17566,0.026742491871118546
test_17567,0.9995380640029907
test_17568,0.9998377561569214
test_17569,0.0055009485222399235
test_17570,0.7763923406600952
test_17571,0.03235287964344025
test_17572,0.9996943473815918
test_17573,0.993409276008606
test_17574,0.001207516877911985
test_17575,0.0002749014238361269
test_17576,0.9993770718574524
test_17577,0.9999967813491821
test_17578,0.000340585655067116
test_17579,0.6946017146110535
test_17580,0.0002617587160784751
test_17581,0.014134814031422138
test_17582,0.9996563196182251
test_17583,0.9985135197639465
test_17584,0.9997138381004333
test_17585,0.9999412298202515
test_17586,3.1475640298594953e-06
test_17587,0.8358787298202515
test_17588,0.255698561668396
test_17589,0.9991046786308289
test_17590,3.1475640298594953e-06
test_17591,0.9561488032341003
test_17592,0.0026106529403477907
test_17593,0.9999933242797852
test_17594,3.37790152116213e-05
test_17595,0.9999967813491821
test_17596,0.9999815225601196
test_17597,0.9847798943519592
test_17598,0.0053307716734707355
test_17599,0.9868402481079102
test_17600,0.7721197009086609
test_17601,0.03966527804732323
test_17602,0.9867116212844849
test_17603,0.10734241455793381
test_17604,0.0011541394051164389
test_17605,2.694141039683018e-05
test_17606,0.00011739637557184324
test_17607,0.01745007000863552
test_17608,0.012638603337109089
test_17609,0.9988916516304016
test_17610,0.9999666213989258
test_17611,0.9999216794967651
test_17612,0.16828987002372742
test_17613,0.9888365268707275
test_17614,0.9973025321960449
test_17615,3.1475640298594953e-06
test_17616,0.9996482133865356
test_17617,6.75902483635582e-05
test_17618,1.5398289178847335e-05
test_17619,0.9996991157531738
test_17620,0.9936741590499878
test_17621,0.972724199295044
test_17622,0.39555710554122925
test_17623,0.8843941688537598
test_17624,0.9999240636825562
test_17625,0.9999831914901733
test_17626,0.2539884150028229
test_17627,0.16837327182292938
test_17628,0.9999359846115112
test_17629,0.9999680519104004
test_17630,0.9999967813491821
test_17631,0.9938169121742249
test_17632,0.004537966568022966
test_17633,0.9999967813491821
test_17634,0.00968041829764843
test_17635,0.9999619722366333
test_17636,0.00037965012597851455
test_17637,0.0004940361250191927
test_17638,0.9994823932647705
test_17639,0.7919009327888489
test_17640,0.9992079138755798
test_17641,0.009506357833743095
test_17642,0.9999815225601196
test_17643,0.0033697737380862236
test_17644,0.9941849112510681
test_17645,0.9999855756759644
test_17646,0.9995124340057373
test_17647,3.1475640298594953e-06
test_17648,0.997765064239502
test_17649,0.10565511882305145
test_17650,0.07310427725315094
test_17651,0.999723494052887
test_17652,0.9464738368988037
test_17653,0.005528003443032503
test_17654,0.0006821618298999965
test_17655,5.5058233556337655e-05
test_17656,0.9999967813491821
test_17657,0.9961243271827698
test_17658,0.5489243865013123
test_17659,3.177914550178684e-05
test_17660,0.9961296319961548
test_17661,0.9843085408210754
test_17662,0.0019440683536231518
test_17663,0.9999967813491821
test_17664,0.0010045890230685472
test_17665,0.0003323072742205113
test_17666,0.010033193044364452
test_17667,0.9999967813491821
test_17668,0.0002469560713507235
test_17669,0.251179575920105
test_17670,0.00192485679872334
test_17671,0.010755154304206371
test_17672,0.9999967813491821
test_17673,0.030343951657414436
test_17674,0.0032570285256952047
test_17675,0.9999967813491821
test_17676,0.9999967813491821
test_17677,0.9983104467391968
test_17678,0.00010574117914075032
test_17679,0.9999014139175415
test_17680,0.0010348339565098286
test_17681,5.15949068358168e-05
test_17682,0.9982407093048096
test_17683,0.9999959468841553
test_17684,0.9992483258247375
test_17685,0.999666690826416
test_17686,0.4917323589324951
test_17687,0.04384702444076538
test_17688,0.016946928575634956
test_17689,0.9999967813491821
test_17690,0.19910970330238342
test_17691,0.9995373487472534
test_17692,0.7557832598686218
test_17693,0.9972460269927979
test_17694,0.9999946355819702
test_17695,0.9999967813491821
test_17696,0.9999967813491821
test_17697,0.9999949932098389
test_17698,0.04620380699634552
test_17699,0.7433091402053833
test_17700,0.008182699792087078
test_17701,0.9999740123748779
test_17702,0.1971670389175415
test_17703,0.0009780438849702477
test_17704,6.430207122321008e-06
test_17705,0.001661628601141274
test_17706,0.9998062252998352
test_17707,1.628528661967721e-05
test_17708,0.982707679271698
test_17709,0.29169538617134094
test_17710,0.9969853758811951
test_17711,0.07196834683418274
test_17712,0.004158766940236092
test_17713,0.006091052200645208
test_17714,0.017471512779593468
test_17715,0.07535615563392639
test_17716,1.8870630810852163e-05
test_17717,0.9996931552886963
test_17718,0.500665545463562
test_17719,6.456036499002948e-05
test_17720,0.027488958090543747
test_17721,0.2961474359035492
test_17722,0.12945346534252167
test_17723,0.9864873290061951
test_17724,0.999991774559021
test_17725,0.00045983705786056817
test_17726,0.9997255206108093
test_17727,0.8643074035644531
test_17728,0.9999904632568359
test_17729,0.9729257822036743
test_17730,0.9999904632568359
test_17731,0.38613128662109375
test_17732,0.9999967813491821
test_17733,0.9999728202819824
test_17734,0.000596029101870954
test_17735,0.9998319149017334
test_17736,0.9999837875366211
test_17737,0.002908415859565139
test_17738,0.003909717313945293
test_17739,0.9999955892562866
test_17740,3.1475640298594953e-06
test_17741,0.9996030926704407
test_17742,0.9004154801368713
test_17743,0.9999963045120239
test_17744,0.9995724558830261
test_17745,0.4479925334453583
test_17746,0.1483803391456604
test_17747,0.0013970747822895646
test_17748,0.9876201748847961
test_17749,0.9999886751174927
test_17750,0.28821414709091187
test_17751,0.38508060574531555
test_17752,0.004611624404788017
test_17753,0.9997308850288391
test_17754,0.028484327718615532
test_17755,0.8769556879997253
test_17756,0.9961728453636169
test_17757,0.9960135221481323
test_17758,6.55010444461368e-05
test_17759,0.9999967813491821
test_17760,0.979013979434967
test_17761,0.6054333448410034
test_17762,0.01215271558612585
test_17763,0.7509749531745911
test_17764,0.017211003229022026
test_17765,0.9999967813491821
test_17766,0.003828685963526368
test_17767,0.010053194127976894
test_17768,0.9999967813491821
test_17769,0.000224807663471438
test_17770,0.999852180480957
test_17771,0.9239767789840698
test_17772,0.9981325268745422
test_17773,0.014318456873297691
test_17774,3.1475640298594953e-06
test_17775,0.19771237671375275
test_17776,0.9999967813491821
test_17777,0.0003529054520186037
test_17778,0.006927767302840948
test_17779,0.0235246904194355
test_17780,0.999983549118042
test_17781,0.00012876107939518988
test_17782,0.9999967813491821
test_17783,0.0001380605681333691
test_17784,0.9999145269393921
test_17785,0.9999189376831055
test_17786,0.9997695088386536
test_17787,0.9642701148986816
test_17788,0.9999967813491821
test_17789,0.0006020835717208683
test_17790,0.0017915632342919707
test_17791,0.9999524354934692
test_17792,0.011328446678817272
test_17793,0.0008588036289438605
test_17794,3.1475640298594953e-06
test_17795,0.0007058561313897371
test_17796,0.0019661702681332827
test_17797,0.9978240728378296
test_17798,0.012626934796571732
test_17799,7.944025855977088e-05
test_17800,0.998258650302887
test_17801,0.001470511662773788
test_17802,0.18123705685138702
test_17803,0.00047096089110709727
test_17804,0.9992594122886658
test_17805,0.9999619722366333
test_17806,0.9994532465934753
test_17807,1.543242615298368e-05
test_17808,0.032800737768411636
test_17809,0.005337355192750692
test_17810,0.004189707804471254
test_17811,0.2884408235549927
test_17812,0.3153769075870514
test_17813,0.08228956907987595
test_17814,0.999846339225769
test_17815,0.9998551607131958
test_17816,0.9999513626098633
test_17817,0.00029550600447691977
test_17818,0.3512817919254303
test_17819,0.9998838901519775
test_17820,7.360382824117551e-06
test_17821,0.9999967813491821
test_17822,5.192935532249976e-06
test_17823,0.0005941451527178288
test_17824,0.99849534034729
test_17825,0.0004886811366304755
test_17826,0.20969516038894653
test_17827,0.9943619966506958
test_17828,0.9999703168869019
test_17829,0.9463686347007751
test_17830,0.9997223019599915
test_17831,0.028574571013450623
test_17832,0.05611727759242058
test_17833,0.9720906615257263
test_17834,0.3795880079269409
test_17835,0.999991774559021
test_17836,0.9971945285797119
test_17837,0.9319952726364136
test_17838,0.9999297857284546
test_17839,0.9999861717224121
test_17840,0.9976276755332947
test_17841,0.9944987893104553
test_17842,0.9999785423278809
test_17843,0.40723252296447754
test_17844,0.03636787831783295
test_17845,0.9886410236358643
test_17846,0.05622812733054161
test_17847,0.9999967813491821
test_17848,0.9976857900619507
test_17849,0.0001629242760827765
test_17850,0.0004117073258385062
test_17851,0.7537163496017456
test_17852,0.999983549118042
test_17853,0.9995678067207336
test_17854,0.022832602262496948
test_17855,0.002072545001283288
test_17856,0.9999967813491821
test_17857,7.082252705004066e-05
test_17858,0.9829716086387634
test_17859,0.8362888693809509
test_17860,0.39565736055374146
test_17861,0.9999420642852783
test_17862,0.9998769760131836
test_17863,0.1258929967880249
test_17864,0.0322355255484581
test_17865,0.9967617988586426
test_17866,0.00022712477948516607
test_17867,0.013430214487016201
test_17868,0.7694525718688965
test_17869,0.022691892459988594
test_17870,0.999991774559021
test_17871,0.9885989427566528
test_17872,0.26833686232566833
test_17873,0.99905925989151
test_17874,3.0699440685566515e-05
test_17875,0.9999963045120239
test_17876,0.15927991271018982
test_17877,0.04673480987548828
test_17878,0.01813298836350441
test_17879,0.9995707869529724
test_17880,0.020699944347143173
test_17881,0.9988958835601807
test_17882,0.9679813981056213
test_17883,0.9929384589195251
test_17884,0.9962456822395325
test_17885,0.9999963045120239
test_17886,0.019195659086108208
test_17887,0.9999967813491821
test_17888,0.05345861613750458
test_17889,0.9999959468841553
test_17890,0.9999771118164062
test_17891,0.9998551607131958
test_17892,0.9999489784240723
test_17893,0.9998626708984375
test_17894,0.9900452494621277
test_17895,0.026665883138775826
test_17896,0.11879923939704895
test_17897,0.0012642088113352656
test_17898,0.9998595714569092
test_17899,0.020295877009630203
test_17900,0.9999837875366211
test_17901,0.0007944843964651227
test_17902,0.2944611608982086
test_17903,0.9999963045120239
test_17904,0.9999902248382568
test_17905,0.026535935699939728
test_17906,0.9999920129776001
test_17907,0.6718779802322388
test_17908,0.9496407508850098
test_17909,0.9996484518051147
test_17910,0.00014086563896853477
test_17911,0.0002150773216271773
test_17912,0.9999967813491821
test_17913,0.9992021918296814
test_17914,0.4703196585178375
test_17915,0.9993707537651062
test_17916,3.798447141889483e-05
test_17917,1.1856315722980071e-05
test_17918,0.00864102877676487
test_17919,0.061124835163354874
test_17920,6.852610385976732e-05
test_17921,0.9999967813491821
test_17922,0.9996968507766724
test_17923,0.99628746509552
test_17924,0.013611196540296078
test_17925,0.8725095391273499
test_17926,3.1762818252900615e-05
test_17927,0.19543442130088806
test_17928,0.9999966621398926
test_17929,0.5342263579368591
test_17930,0.9999967813491821
test_17931,0.9999661445617676
test_17932,0.0012806961312890053
test_17933,0.999934196472168
test_17934,0.00020098021195735782
test_17935,0.029348157346248627
test_17936,0.9999967813491821
test_17937,0.680526852607727
test_17938,0.008815675042569637
test_17939,0.9999967813491821
test_17940,0.9999967813491821
test_17941,0.10797623544931412
test_17942,0.9999966621398926
test_17943,0.9999861717224121
test_17944,0.9953528642654419
test_17945,0.0023528356105089188
test_17946,0.9512110948562622
test_17947,0.004720747936517
test_17948,9.23454572330229e-05
test_17949,0.9653456807136536
test_17950,0.9993531107902527
test_17951,0.8461107611656189
test_17952,0.0019187964498996735
test_17953,0.9998517036437988
test_17954,0.38771048188209534
test_17955,0.00040971566340886056
test_17956,0.9993588328361511
test_17957,0.0017169121420010924
test_17958,0.10748009383678436
test_17959,0.00288448971696198
test_17960,0.0011087850434705615
test_17961,0.9436237812042236
test_17962,6.8960107455495745e-06
test_17963,0.9961144924163818
test_17964,0.9951841235160828
test_17965,0.9999967813491821
test_17966,0.9999886751174927
test_17967,0.9997132420539856
test_17968,0.032530367374420166
test_17969,0.004218657501041889
test_17970,8.275627806142438e-06
test_17971,0.9999967813491821
test_17972,0.006989357993006706
test_17973,0.9999967813491821
test_17974,0.02047371305525303
test_17975,0.02655540592968464
test_17976,0.9996324777603149
test_17977,0.0014263965422287583
test_17978,0.9993159770965576
test_17979,0.9994531273841858
test_17980,0.7679045796394348
test_17981,0.23801320791244507
test_17982,0.9999967813491821
test_17983,0.965797483921051
test_17984,0.00012115274876123294
test_17985,0.17934028804302216
test_17986,0.00010019204637501389
test_17987,0.0030637227464467287
test_17988,0.9968215227127075
test_17989,0.9999809265136719
test_17990,0.3646926283836365
test_17991,0.9984954595565796
test_17992,0.9996286630630493
test_17993,7.752022065687925e-05
test_17994,0.45036816596984863
test_17995,0.3437758684158325
test_17996,0.999962568283081
test_17997,0.0004622119595296681
test_17998,0.9975752234458923
test_17999,0.5658402442932129
test_18000,0.9992696642875671
test_18001,2.9216986149549484e-05
test_18002,0.9999793767929077
test_18003,0.9988788962364197
test_18004,0.04915383830666542
test_18005,0.9999967813491821
test_18006,0.9668338298797607
test_18007,0.9995645880699158
test_18008,0.9999967813491821
test_18009,0.9980854988098145
test_18010,0.004337661433964968
test_18011,0.9993658661842346
test_18012,0.24930833280086517
test_18013,0.999426007270813
test_18014,0.6878436207771301
test_18015,0.0001686033938312903
test_18016,0.581749439239502
test_18017,0.0003245747648179531
test_18018,0.16160312294960022
test_18019,0.00034141502692364156
test_18020,0.6173880100250244
test_18021,0.9927712082862854
test_18022,0.9999967813491821
test_18023,0.9999967813491821
test_18024,0.36708343029022217
test_18025,0.002995986258611083
test_18026,0.9998799562454224
test_18027,0.0004309434734750539
test_18028,0.994971513748169
test_18029,0.0522996261715889
test_18030,0.9999967813491821
test_18031,0.9999867677688599
test_18032,0.0028133471496403217
test_18033,0.9994831085205078
test_18034,0.9998654127120972
test_18035,0.87080979347229
test_18036,0.9999902248382568
test_18037,0.3252538740634918
test_18038,0.9731936454772949
test_18039,0.9995402097702026
test_18040,0.9999967813491821
test_18041,0.9994947910308838
test_18042,0.9999967813491821
test_18043,0.0019367279019206762
test_18044,0.9999158382415771
test_18045,0.01249176450073719
test_18046,0.8347960114479065
test_18047,0.4349578619003296
test_18048,0.08923573046922684
test_18049,0.9999967813491821
test_18050,0.9999829530715942
test_18051,0.0007114814943633974
test_18052,0.00954185239970684
test_18053,0.009419282898306847
test_18054,0.9731036424636841
test_18055,0.9998619556427002
test_18056,0.022874601185321808
test_18057,0.44831323623657227
test_18058,0.9999889135360718
test_18059,0.6563023328781128
test_18060,0.9997672438621521
test_18061,0.9999936819076538
test_18062,0.9999967813491821
test_18063,0.002072809264063835
test_18064,0.9999260902404785
test_18065,0.9982557892799377
test_18066,0.05724748224020004
test_18067,0.9966931343078613
test_18068,0.7883068323135376
test_18069,0.9996956586837769
test_18070,0.9999967813491821
test_18071,0.0003886143967974931
test_18072,0.7702538371086121
test_18073,0.8002757430076599
test_18074,0.1350541114807129
test_18075,0.9999405145645142
test_18076,0.9999725818634033
test_18077,6.227547601156402e-06
test_18078,0.9999573230743408
test_18079,0.9999967813491821
test_18080,0.9999967813491821
test_18081,0.9998732805252075
test_18082,0.9999579191207886
test_18083,0.9999967813491821
test_18084,0.9999967813491821
test_18085,0.001599910669028759
test_18086,0.9999967813491821
test_18087,0.005537007469683886
test_18088,0.9972007274627686
test_18089,0.0843358263373375
test_18090,0.032909028232097626
test_18091,0.7846167087554932
test_18092,0.9993409514427185
test_18093,0.19516167044639587
test_18094,0.0482783168554306
test_18095,0.9988449811935425
test_18096,0.9789161086082458
test_18097,0.9999734163284302
test_18098,0.9999967813491821
test_18099,0.9999622106552124
test_18100,0.004459676798433065
test_18101,0.045702166855335236
test_18102,0.9999967813491821
test_18103,0.8439440727233887
test_18104,0.9994865655899048
test_18105,0.9999669790267944
test_18106,0.7088324427604675
test_18107,0.9759337306022644
test_18108,0.0018915145192295313
test_18109,0.0001787836808944121
test_18110,0.9593217968940735
test_18111,0.8905754685401917
test_18112,0.30557259917259216
test_18113,0.002838845131918788
test_18114,0.6812317371368408
test_18115,0.9995923638343811
test_18116,0.9999719858169556
test_18117,0.008691900409758091
test_18118,2.931357994384598e-05
test_18119,0.0009938678704202175
test_18120,0.0038151629269123077
test_18121,0.9986989498138428
test_18122,0.12452905625104904
test_18123,0.9962916374206543
test_18124,0.0009329706663265824
test_18125,0.9997692704200745
test_18126,0.9922508597373962
test_18127,0.10926917940378189
test_18128,0.11887654662132263
test_18129,0.0029078018851578236
test_18130,0.00025223096599802375
test_18131,0.9996259212493896
test_18132,3.1475640298594953e-06
test_18133,0.028398124501109123
test_18134,0.004178254399448633
test_18135,0.952497661113739
test_18136,0.3384750187397003
test_18137,5.739430434914539e-06
test_18138,0.20826083421707153
test_18139,0.6677986979484558
test_18140,0.0001906311372295022
test_18141,0.8740957975387573
test_18142,6.141559424577281e-05
test_18143,0.9982115030288696
test_18144,0.004432559013366699
test_18145,0.9997254014015198
test_18146,0.9991915822029114
test_18147,1.8728462237049825e-05
test_18148,0.003720358246937394
test_18149,0.9961366057395935
test_18150,0.9872325658798218
test_18151,0.9999967813491821
test_18152,0.9999967813491821
test_18153,0.005012246314436197
test_18154,0.9998207688331604
test_18155,0.9999967813491821
test_18156,0.0007932852604426444
test_18157,0.00010372258839197457
test_18158,0.9999054670333862
test_18159,0.9923840165138245
test_18160,0.9999125003814697
test_18161,0.9999797344207764
test_18162,0.05874589830636978
test_18163,0.0016437395242974162
test_18164,0.9978339076042175
test_18165,0.0603613555431366
test_18166,0.006568084470927715
test_18167,0.9999929666519165
test_18168,0.9999967813491821
test_18169,0.9950346946716309
test_18170,0.9989290833473206
test_18171,0.9992326498031616
test_18172,0.8851773738861084
test_18173,0.9999955892562866
test_18174,0.9999967813491821
test_18175,0.0005670081009157002
test_18176,0.9999967813491821
test_18177,0.9992074370384216
test_18178,0.9973087310791016
test_18179,0.9967053532600403
test_18180,5.3309886425267905e-05
test_18181,0.9765127897262573
test_18182,0.9999368190765381
test_18183,0.9997716546058655
test_18184,0.9855592250823975
test_18185,0.9999959468841553
test_18186,3.1475640298594953e-06
test_18187,0.00030307425186038017
test_18188,0.03826623409986496
test_18189,0.9789530038833618
test_18190,0.9999967813491821
test_18191,0.9991536140441895
test_18192,0.9999967813491821
test_18193,0.8869315981864929
test_18194,0.004494721535593271
test_18195,0.9986997842788696
test_18196,0.9999719858169556
test_18197,0.9728875160217285
test_18198,0.25398045778274536
test_18199,0.9562755823135376
test_18200,0.00665221968665719
test_18201,0.9985986351966858
test_18202,0.9717968702316284
test_18203,0.9701817035675049
test_18204,0.999908447265625
test_18205,0.9809470772743225
test_18206,0.056189440190792084
test_18207,0.9842466115951538
test_18208,0.18859589099884033
test_18209,0.9999809265136719
test_18210,0.9999953508377075
test_18211,0.024639807641506195
test_18212,0.538803219795227
test_18213,0.2824559211730957
test_18214,0.02412928268313408
test_18215,0.9986054301261902
test_18216,0.010178903117775917
test_18217,0.0004046967369504273
test_18218,0.9999955892562866
test_18219,0.000594316516071558
test_18220,0.9999967813491821
test_18221,0.006784502416849136
test_18222,2.3780185074429028e-05
test_18223,0.006834051571786404
test_18224,0.9999959468841553
test_18225,0.999691367149353
test_18226,0.9999967813491821
test_18227,0.999983549118042
test_18228,0.9999967813491821
test_18229,0.06852272897958755
test_18230,0.9997965693473816
test_18231,0.9967417120933533
test_18232,0.015096424147486687
test_18233,0.9131115674972534
test_18234,0.00973398145288229
test_18235,0.9992594122886658
test_18236,0.018550436943769455
test_18237,0.0004188597376924008
test_18238,0.9989381432533264
test_18239,0.9999967813491821
test_18240,0.8369038105010986
test_18241,0.9799526333808899
test_18242,1.7926073269336484e-05
test_18243,0.02389054372906685
test_18244,0.9999967813491821
test_18245,0.9958025813102722
test_18246,0.9999967813491821
test_18247,0.0008051536278799176
test_18248,0.9725930094718933
test_18249,0.0007140738889575005
test_18250,0.0011827179696410894
test_18251,0.9266048073768616
test_18252,0.9984238147735596
test_18253,0.9997987151145935
test_18254,4.155495480517857e-05
test_18255,0.0019224780844524503
test_18256,0.00018111200188286602
test_18257,0.02924063615500927
test_18258,0.9999967813491821
test_18259,0.8799070715904236
test_18260,0.9996651411056519
test_18261,0.9999967813491821
test_18262,0.0008888354641385376
test_18263,0.9999967813491821
test_18264,1.615390101505909e-05
test_18265,0.0008581329020671546
test_18266,0.0001750404917402193
test_18267,0.9992375373840332
test_18268,0.999991774559021
test_18269,3.104487041127868e-05
test_18270,0.9999923706054688
test_18271,0.06983392685651779
test_18272,0.001906865043565631
test_18273,0.0015057191485539079
test_18274,0.04243192449212074
test_18275,0.10220317542552948
test_18276,0.03017515502870083
test_18277,1.4914579878677614e-05
test_18278,0.04534507915377617
test_18279,0.9996116757392883
test_18280,0.9999967813491821
test_18281,0.25020089745521545
test_18282,0.9972978234291077
test_18283,0.002881063148379326
test_18284,0.9990302324295044
test_18285,0.9999793767929077
test_18286,0.14652983844280243
test_18287,0.0009504604968242347
test_18288,0.0034428955987095833
test_18289,0.9998633861541748
test_18290,0.9999953508377075
test_18291,0.1431565284729004
test_18292,0.02394050545990467
test_18293,0.999052107334137
test_18294,0.9970120191574097
test_18295,0.9997702240943909
test_18296,0.06828726083040237
test_18297,0.016737623140215874
test_18298,0.9989163875579834
test_18299,0.00019310874631628394
test_18300,0.6897991299629211
test_18301,0.0035104972776025534
test_18302,0.0004907582188025117
test_18303,0.001040696632117033
test_18304,0.00022760995489079505
test_18305,0.999238133430481
test_18306,0.01826900616288185
test_18307,0.17911823093891144
test_18308,0.0048647113144397736
test_18309,0.9992249011993408
test_18310,0.9999967813491821
test_18311,0.00589885376393795
test_18312,5.417851298261667e-06
test_18313,0.999908447265625
test_18314,0.0013649746542796493
test_18315,0.7630410194396973
test_18316,0.9956648945808411
test_18317,0.6654514670372009
test_18318,0.9958524703979492
test_18319,0.0003432525845710188
test_18320,0.8951844573020935
test_18321,0.0007297692354768515
test_18322,0.9999967813491821
test_18323,0.9988162517547607
test_18324,0.998915433883667
test_18325,0.7453548312187195
test_18326,0.9999967813491821
test_18327,0.002389361150562763
test_18328,0.0013890754198655486
test_18329,0.9999967813491821
test_18330,0.00037488905945792794
test_18331,0.999824583530426
test_18332,0.07146020978689194
test_18333,0.0004022714274469763
test_18334,0.9999955892562866
test_18335,0.481810599565506
test_18336,0.00030463855364359915
test_18337,0.9999967813491821
test_18338,0.9899699091911316
test_18339,0.0005502147832885385
test_18340,0.9999284744262695
test_18341,0.0001055691100191325
test_18342,0.0005556510295718908
test_18343,0.9999967813491821
test_18344,0.9999949932098389
test_18345,0.00028266693698242307
test_18346,0.11014377325773239
test_18347,0.9993543028831482
test_18348,0.006253524217754602
test_18349,0.5362672209739685
test_18350,0.9815981388092041
test_18351,0.011859253980219364
test_18352,0.04469047859311104
test_18353,0.038702331483364105
test_18354,0.5580571293830872
test_18355,0.9998458623886108
test_18356,0.0002701137273106724
test_18357,0.9999799728393555
test_18358,0.0026347057428210974
test_18359,3.8177051465027034e-05
test_18360,0.9999873638153076
test_18361,0.9999823570251465
test_18362,0.02580217644572258
test_18363,0.9999963045120239
test_18364,0.1055830791592598
test_18365,0.9994231462478638
test_18366,0.999858021736145
test_18367,0.2553325295448303
test_18368,0.9999967813491821
test_18369,0.9999967813491821
test_18370,0.9999927282333374
test_18371,0.00941088330000639
test_18372,0.9999929666519165
test_18373,0.05793294683098793
test_18374,0.9999619722366333
test_18375,0.999937891960144
test_18376,0.027721554040908813
test_18377,0.9999967813491821
test_18378,0.44437935948371887
test_18379,0.9999586343765259
test_18380,0.0004321974120102823
test_18381,0.9988223910331726
test_18382,0.42156097292900085
test_18383,0.9999837875366211
test_18384,0.09514932334423065
test_18385,0.9945247173309326
test_18386,0.9999889135360718
test_18387,0.5688520669937134
test_18388,0.9999666213989258
test_18389,0.9999949932098389
test_18390,0.9948158860206604
test_18391,4.229466139804572e-05
test_18392,0.19251857697963715
test_18393,0.9960424900054932
test_18394,0.00013270959607325494
test_18395,0.011776493862271309
test_18396,0.04671226814389229
test_18397,0.9999967813491821
test_18398,0.996647298336029
test_18399,0.9998050332069397
test_18400,0.10007518529891968
test_18401,0.9999127388000488
test_18402,0.9979425072669983
test_18403,0.9999788999557495
test_18404,0.994579553604126
test_18405,0.010266358964145184
test_18406,0.999915599822998
test_18407,0.9948269724845886
test_18408,0.9987433552742004
test_18409,0.24403683841228485
test_18410,0.9999967813491821
test_18411,0.999665379524231
test_18412,0.9999446868896484
test_18413,0.9999709129333496
test_18414,0.9300653338432312
test_18415,3.1475640298594953e-06
test_18416,0.9999322891235352
test_18417,9.468942880630493e-05
test_18418,0.9195756316184998
test_18419,0.9999709129333496
test_18420,0.9413444995880127
test_18421,0.7814505696296692
test_18422,0.9999967813491821
test_18423,0.9983009696006775
test_18424,0.999991774559021
test_18425,0.00108313316013664
test_18426,0.999964714050293
test_18427,0.9999502897262573
test_18428,0.015062423422932625
test_18429,0.0023732632398605347
test_18430,0.9998836517333984
test_18431,0.9999967813491821
test_18432,0.00011617739801295102
test_18433,0.9999967813491821
test_18434,0.9999023675918579
test_18435,0.9999967813491821
test_18436,0.9993195533752441
test_18437,0.2982742488384247
test_18438,4.9017482524504885e-05
test_18439,0.9978740215301514
test_18440,0.025261081755161285
test_18441,0.9981687068939209
test_18442,0.9997451901435852
test_18443,0.1592201590538025
test_18444,0.00928418803960085
test_18445,0.9992945194244385
test_18446,0.9927237629890442
test_18447,0.028671247884631157
test_18448,0.000267849798547104
test_18449,3.1475640298594953e-06
test_18450,0.8996123671531677
test_18451,0.6853349208831787
test_18452,0.15558551251888275
test_18453,0.9990085959434509
test_18454,0.06944817304611206
test_18455,0.9999967813491821
test_18456,0.9999138116836548
test_18457,0.731221079826355
test_18458,0.9998730421066284
test_18459,0.992584228515625
test_18460,0.9999967813491821
test_18461,0.9995871186256409
test_18462,0.9997195601463318
test_18463,0.9998898506164551
test_18464,0.9999513626098633
test_18465,0.0001929909485625103
test_18466,0.9996868371963501
test_18467,0.08173014223575592
test_18468,0.0043255933560431
test_18469,0.9387190341949463
test_18470,0.9986936450004578
test_18471,0.9999725818634033
test_18472,0.09193859249353409
test_18473,0.9999927282333374
test_18474,0.9012818932533264
test_18475,0.16201278567314148
test_18476,0.9999955892562866
test_18477,0.00018893809465225786
test_18478,0.04307187721133232
test_18479,0.9999936819076538
test_18480,0.9843079447746277
test_18481,0.033117037266492844
test_18482,0.0020202354062348604
test_18483,0.9999967813491821
test_18484,0.9734709858894348
test_18485,0.9999967813491821
test_18486,0.5930860638618469
test_18487,0.3934442698955536
test_18488,0.9969878792762756
test_18489,0.005749744828790426
test_18490,0.999983549118042
test_18491,0.000850594078656286
test_18492,0.0021865456365048885
test_18493,0.07618485391139984
test_18494,0.698524534702301
test_18495,0.9999289512634277
test_18496,0.9829761981964111
test_18497,0.9983910322189331
test_18498,0.9999771118164062
test_18499,0.0002391923771938309
test_18500,0.2815101742744446
test_18501,0.9999967813491821
test_18502,0.9995255470275879
test_18503,0.006301571615040302
test_18504,0.9987273812294006
test_18505,0.015584327280521393
test_18506,0.9999967813491821
test_18507,0.9999967813491821
test_18508,0.04642704129219055
test_18509,0.9999933242797852
test_18510,0.9999346733093262
test_18511,0.3643745481967926
test_18512,0.9990629553794861
test_18513,0.0013296144315972924
test_18514,0.9955323934555054
test_18515,0.02805980294942856
test_18516,0.9997523427009583
test_18517,0.99959796667099
test_18518,0.8647027611732483
test_18519,0.9999302625656128
test_18520,0.005589654669165611
test_18521,0.9870518445968628
test_18522,0.014952330850064754
test_18523,0.7777396440505981
test_18524,0.004555170889943838
test_18525,0.26259109377861023
test_18526,0.9965734481811523
test_18527,0.18728841841220856
test_18528,0.10642525553703308
test_18529,0.9999967813491821
test_18530,0.9999500513076782
test_18531,0.9999967813491821
test_18532,0.00018209172412753105
test_18533,0.9998818635940552
test_18534,0.00035312146064825356
test_18535,0.1453818827867508
test_18536,0.9998536109924316
test_18537,0.9968795776367188
test_18538,0.9894134998321533
test_18539,0.24827560782432556
test_18540,0.8567264676094055
test_18541,0.7055586576461792
test_18542,0.011349674314260483
test_18543,0.9998644590377808
test_18544,0.971177875995636
test_18545,0.9996097683906555
test_18546,0.9999748468399048
test_18547,0.9999837875366211
test_18548,0.9999953508377075
test_18549,0.9938748478889465
test_18550,0.999362051486969
test_18551,0.9997132420539856
test_18552,0.008853709325194359
test_18553,0.3200059235095978
test_18554,0.9999967813491821
test_18555,0.9999843835830688
test_18556,0.9969546794891357
test_18557,0.976290225982666
test_18558,0.9256068468093872
test_18559,0.9999967813491821
test_18560,0.0004029912524856627
test_18561,0.21186430752277374
test_18562,0.9977614879608154
test_18563,0.9999927282333374
test_18564,0.011436696164309978
test_18565,0.999406099319458
test_18566,0.012021461501717567
test_18567,0.8980665802955627
test_18568,0.9723186492919922
test_18569,0.9989602565765381
test_18570,0.0694182738661766
test_18571,0.10019291937351227
test_18572,0.0004618246457539499
test_18573,0.9893985986709595
test_18574,0.9962276220321655
test_18575,3.1475640298594953e-06
test_18576,0.020069792866706848
test_18577,0.01290575135499239
test_18578,0.999531626701355
test_18579,0.9976863861083984
test_18580,0.010002690367400646
test_18581,0.0002856837527360767
test_18582,0.9999933242797852
test_18583,0.005980353336781263
test_18584,0.1777362823486328
test_18585,0.37979814410209656
test_18586,0.9999823570251465
test_18587,0.9992793202400208
test_18588,0.9996682405471802
test_18589,0.0012562087504193187
test_18590,0.9999473094940186
test_18591,0.021271085366606712
test_18592,0.0005091006751172245
test_18593,0.018450967967510223
test_18594,0.007289485074579716
test_18595,0.9999300241470337
test_18596,0.9998483657836914
test_18597,0.9999953508377075
test_18598,0.9999967813491821
test_18599,0.9999967813491821
test_18600,0.9999967813491821
test_18601,0.9701902270317078
test_18602,0.9999967813491821
test_18603,0.99172443151474
test_18604,0.08673111349344254
test_18605,0.00012323452392593026
test_18606,0.9961295127868652
test_18607,0.9724816083908081
test_18608,0.12136010080575943
test_18609,0.002037780126556754
test_18610,0.0020285744685679674
test_18611,0.9941983222961426
test_18612,0.9999929666519165
test_18613,0.9401116967201233
test_18614,7.854537398088723e-05
test_18615,0.999908447265625
test_18616,3.1475640298594953e-06
test_18617,0.9979872703552246
test_18618,0.04255928099155426
test_18619,0.9981379508972168
test_18620,0.9999967813491821
test_18621,0.8729203939437866
test_18622,0.0010605932911857963
test_18623,0.9999923706054688
test_18624,0.0017588138580322266
test_18625,0.9999967813491821
test_18626,0.02250700816512108
test_18627,0.9952651262283325
test_18628,2.0381310605444014e-05
test_18629,0.9799715876579285
test_18630,0.9999967813491821
test_18631,0.04630254954099655
test_18632,0.8791898488998413
test_18633,0.00020779389888048172
test_18634,0.9999967813491821
test_18635,0.9999779462814331
test_18636,0.011847135610878468
test_18637,0.9997884631156921
test_18638,0.013611632399260998
test_18639,0.999707043170929
test_18640,0.9999953508377075
test_18641,0.1414780616760254
test_18642,0.0019438008312135935
test_18643,0.007025350816547871
test_18644,0.009213621728122234
test_18645,0.006077695172280073
test_18646,0.9597926735877991
test_18647,0.7456110715866089
test_18648,0.9999933242797852
test_18649,0.027998384088277817
test_18650,0.00033992991666309536
test_18651,0.9963512420654297
test_18652,0.0019393546972423792
test_18653,0.000618182064499706
test_18654,0.027051888406276703
test_18655,0.9919124841690063
test_18656,0.5689111351966858
test_18657,1.5715322660980746e-05
test_18658,0.00019490343402139843
test_18659,0.9975156784057617
test_18660,0.9999797344207764
test_18661,3.1475640298594953e-06
test_18662,5.111019345349632e-05
test_18663,0.9567666053771973
test_18664,0.9999967813491821
test_18665,7.970720616867766e-05
test_18666,0.15311022102832794
test_18667,0.9999967813491821
test_18668,0.9999483823776245
test_18669,0.9999967813491821
test_18670,0.01663038693368435
test_18671,0.002154374262318015
test_18672,3.1475640298594953e-06
test_18673,0.9998236298561096
test_18674,0.596161425113678
test_18675,0.0020763888023793697
test_18676,0.9980727434158325
test_18677,0.008188110776245594
test_18678,0.0031072059646248817
test_18679,0.9996954202651978
test_18680,0.9999151229858398
test_18681,0.9979596138000488
test_18682,0.9999638795852661
test_18683,0.9999967813491821
test_18684,0.9999508857727051
test_18685,0.9836687445640564
test_18686,0.9997667670249939
test_18687,0.9999966621398926
test_18688,0.00042107870103791356
test_18689,0.9999967813491821
test_18690,0.9921545386314392
test_18691,0.9999284744262695
test_18692,7.016943709459156e-05
test_18693,0.9999967813491821
test_18694,0.10267931967973709
test_18695,0.9999949932098389
test_18696,0.9999902248382568
test_18697,0.27813854813575745
test_18698,0.015358272939920425
test_18699,0.1615895926952362
test_18700,0.9930260181427002
test_18701,0.9973992109298706
test_18702,0.525428056716919
test_18703,0.004299243446439505
test_18704,0.9964428544044495
test_18705,0.00591626949608326
test_18706,0.9998335838317871
test_18707,1.1847181667690165e-05
test_18708,0.02995101734995842
test_18709,0.9964698553085327
test_18710,0.9293767809867859
test_18711,0.9999269247055054
test_18712,0.46656888723373413
test_18713,0.9999967813491821
test_18714,0.11784178763628006
test_18715,0.999830961227417
test_18716,0.9999967813491821
test_18717,0.008202867582440376
test_18718,0.4860028922557831
test_18719,0.9979791045188904
test_18720,0.001429456751793623
test_18721,0.9956121444702148
test_18722,0.9892922639846802
test_18723,0.0014103511348366737
test_18724,0.9949988126754761
test_18725,0.9999768733978271
test_18726,0.997570812702179
test_18727,0.9995612502098083
test_18728,0.9885500073432922
test_18729,0.38209274411201477
test_18730,0.08197097480297089
test_18731,0.9999589920043945
test_18732,7.145164272515103e-05
test_18733,0.9999963045120239
test_18734,0.9980870485305786
test_18735,3.1475640298594953e-06
test_18736,0.9996154308319092
test_18737,0.9997993111610413
test_18738,8.910220458346885e-06
test_18739,0.9998302459716797
test_18740,0.7382092475891113
test_18741,0.0006607468822039664
test_18742,0.16099399328231812
test_18743,0.9999967813491821
test_18744,0.999133288860321
test_18745,0.9999946355819702
test_18746,0.9998968839645386
test_18747,0.0023437966592609882
test_18748,0.9999394416809082
test_18749,0.9999688863754272
test_18750,0.6414670348167419
test_18751,0.8225080966949463
test_18752,0.06187036633491516
test_18753,0.9999967813491821
test_18754,0.9981948733329773
test_18755,0.9932796359062195
test_18756,0.046722959727048874
test_18757,0.003906749188899994
test_18758,0.22798624634742737
test_18759,0.9999549388885498
test_18760,0.1708986908197403
test_18761,0.4959765374660492
test_18762,0.9999967813491821
test_18763,0.9999867677688599
test_18764,0.9999898672103882
test_18765,8.733801223570481e-06
test_18766,0.007408651057630777
test_18767,0.9999914169311523
test_18768,0.1272001564502716
test_18769,0.000884674140252173
test_18770,0.9885187745094299
test_18771,6.640107312705368e-05
test_18772,0.010742037557065487
test_18773,0.6224167346954346
test_18774,0.013355795294046402
test_18775,0.9009838104248047
test_18776,0.3825931251049042
test_18777,0.09569127857685089
test_18778,0.9995824694633484
test_18779,0.9746189713478088
test_18780,0.9944204688072205
test_18781,0.0014239135198295116
test_18782,0.9999940395355225
test_18783,0.000615110679063946
test_18784,1.780607271939516e-05
test_18785,0.9062694907188416
test_18786,0.01094544492661953
test_18787,0.9999967813491821
test_18788,0.9995848536491394
test_18789,3.1475640298594953e-06
test_18790,0.0025027275551110506
test_18791,0.001897155772894621
test_18792,0.9999923706054688
test_18793,0.0016810568049550056
test_18794,0.9998863935470581
test_18795,2.8481466870289296e-05
test_18796,0.9995124340057373
test_18797,0.9999967813491821
test_18798,0.6226121783256531
test_18799,0.9999967813491821
test_18800,0.7358146905899048
test_18801,0.09724949300289154
test_18802,0.9999923706054688
test_18803,0.13078783452510834
test_18804,0.00015113875269889832
test_18805,0.6266586184501648
test_18806,0.9999841451644897
test_18807,0.00332999206148088
test_18808,0.0028870240785181522
test_18809,6.855498941149563e-05
test_18810,0.0015214078593999147
test_18811,0.31199216842651367
test_18812,0.00013009048416279256
test_18813,0.9999967813491821
test_18814,0.9559246897697449
test_18815,0.06275986135005951
test_18816,0.9999953508377075
test_18817,0.0013936195755377412
test_18818,0.012829074636101723
test_18819,0.9999953508377075
test_18820,0.9946867227554321
test_18821,0.9999967813491821
test_18822,0.999915361404419
test_18823,0.9999967813491821
test_18824,2.2809454094385728e-05
test_18825,0.7411313056945801
test_18826,2.451996442687232e-05
test_18827,0.00010641090193530545
test_18828,0.00042765794205479324
test_18829,7.83846917329356e-06
test_18830,0.0006630367133766413
test_18831,0.9988308548927307
test_18832,0.2834838032722473
test_18833,0.08141950517892838
test_18834,0.9999967813491821
test_18835,0.9999841451644897
test_18836,0.999983549118042
test_18837,0.9999967813491821
test_18838,0.016632648184895515
test_18839,0.9999967813491821
test_18840,0.9902442097663879
test_18841,0.0008628765936009586
test_18842,0.00015954289119690657
test_18843,0.9999967813491821
test_18844,7.984574040165171e-05
test_18845,0.9999516010284424
test_18846,0.992466390132904
test_18847,0.039758991450071335
test_18848,0.4748384356498718
test_18849,0.9999008178710938
test_18850,0.9581769108772278
test_18851,0.9996504783630371
test_18852,2.656053584360052e-05
test_18853,0.795594334602356
test_18854,0.9993494153022766
test_18855,7.540818478446454e-05
test_18856,0.14301076531410217
test_18857,0.0008186642662622035
test_18858,0.9553829431533813
test_18859,0.5590726733207703
test_18860,0.9998880624771118
test_18861,0.00152080156840384
test_18862,0.004016453865915537
test_18863,0.004571459721773863
test_18864,0.9999949932098389
test_18865,0.0008879402303136885
test_18866,0.006901543587446213
test_18867,0.9999914169311523
test_18868,0.027897275984287262
test_18869,0.9496544003486633
test_18870,0.9999097585678101
test_18871,0.0012898932909592986
test_18872,0.997312605381012
test_18873,0.020435357466340065
test_18874,0.1637411117553711
test_18875,0.03259327635169029
test_18876,0.9999877214431763
test_18877,4.410158908285666e-06
test_18878,0.9999929666519165
test_18879,0.0033287021797150373
test_18880,0.9997004270553589
test_18881,0.9999955892562866
test_18882,0.0003208346606697887
test_18883,0.6243289113044739
test_18884,0.9185910820960999
test_18885,3.364209260325879e-05
test_18886,0.9153035879135132
test_18887,0.6326878070831299
test_18888,0.15760406851768494
test_18889,0.021756518632173538
test_18890,0.00015147431986406446
test_18891,0.0034558135084807873
test_18892,0.9999967813491821
test_18893,0.9865591526031494
test_18894,0.9999831914901733
test_18895,0.9863327145576477
test_18896,0.9993621706962585
test_18897,0.9996148347854614
test_18898,0.9996185302734375
test_18899,0.9377526044845581
test_18900,0.0038543895352631807
test_18901,0.9999405145645142
test_18902,0.9984098672866821
test_18903,0.005751211661845446
test_18904,0.2726905941963196
test_18905,0.04826567322015762
test_18906,2.057009442069102e-05
test_18907,4.6603370719822124e-05
test_18908,0.8991720676422119
test_18909,0.9999967813491821
test_18910,4.199283284833655e-05
test_18911,0.0033362871035933495
test_18912,0.9986750483512878
test_18913,6.031186057953164e-05
test_18914,0.016993504017591476
test_18915,0.22969041764736176
test_18916,0.0002890453615691513
test_18917,0.05439567565917969
test_18918,0.9999967813491821
test_18919,0.9999949932098389
test_18920,0.0001775352720869705
test_18921,0.9996610879898071
test_18922,0.009656480513513088
test_18923,0.9999333620071411
test_18924,7.156811989261769e-06
test_18925,1.2900518413516693e-05
test_18926,0.0003559933975338936
test_18927,0.9989103078842163
test_18928,0.0002021569962380454
test_18929,0.027297604829072952
test_18930,0.9999967813491821
test_18931,0.9999946355819702
test_18932,0.05412521958351135
test_18933,0.9291749596595764
test_18934,0.9999967813491821
test_18935,0.9277529120445251
test_18936,0.010810053907334805
test_18937,0.9999967813491821
test_18938,0.000901046150829643
test_18939,0.026427289471030235
test_18940,0.001369070028886199
test_18941,0.9999740123748779
test_18942,0.001688829273916781
test_18943,0.42893025279045105
test_18944,5.9721853176597506e-05
test_18945,0.9999967813491821
test_18946,0.10909827053546906
test_18947,0.9999849796295166
test_18948,0.522830605506897
test_18949,0.9934518337249756
test_18950,0.0016021567862480879
test_18951,0.00019830765086226165
test_18952,0.8759485483169556
test_18953,0.9859122633934021
test_18954,0.9999967813491821
test_18955,0.001250067725777626
test_18956,0.0001153621487901546
test_18957,0.9999967813491821
test_18958,0.9988234639167786
test_18959,9.079642768483609e-05
test_18960,0.10552103072404861
test_18961,0.12219473719596863
test_18962,3.1475640298594953e-06
test_18963,0.00023722759215161204
test_18964,0.00014385765825863928
test_18965,0.02381211332976818
test_18966,0.9974440336227417
test_18967,0.9999967813491821
test_18968,0.9991387128829956
test_18969,0.9999967813491821
test_18970,7.66599623602815e-06
test_18971,0.9999936819076538
test_18972,0.030683357268571854
test_18973,0.9998891353607178
test_18974,0.9999967813491821
test_18975,0.9999933242797852
test_18976,0.9999567270278931
test_18977,0.9999967813491821
test_18978,0.9999967813491821
test_18979,0.9999779462814331
test_18980,0.9999483823776245
test_18981,0.0074799261055886745
test_18982,0.3358283042907715
test_18983,0.9993558526039124
test_18984,0.9999617338180542
test_18985,0.44270873069763184
test_18986,0.9988870024681091
test_18987,0.9999508857727051
test_18988,0.1612253338098526
test_18989,0.9999880790710449
test_18990,0.9999066591262817
test_18991,0.9996904134750366
test_18992,2.1248399207252078e-05
test_18993,0.999923825263977
test_18994,0.9405903220176697
test_18995,0.9997548460960388
test_18996,3.1475640298594953e-06
test_18997,0.007379710674285889
test_18998,0.9999457597732544
test_18999,0.08352147787809372
test_19000,0.9999967813491821
test_19001,0.0008407967980019748
test_19002,0.2814304530620575
test_19003,0.023738199844956398
test_19004,0.9439517855644226
test_19005,0.006321992725133896
test_19006,0.9999328851699829
test_19007,0.027084175497293472
test_19008,0.07461430877447128
test_19009,0.016520604491233826
test_19010,0.8393483757972717
test_19011,0.9999661445617676
test_19012,0.0030306444969028234
test_19013,0.00021851919882465154
test_19014,0.9997922778129578
test_19015,0.0018103885231539607
test_19016,0.9999967813491821
test_19017,0.013293017633259296
test_19018,0.02971479296684265
test_19019,0.9997621178627014
test_19020,0.7532168030738831
test_19021,0.3008531928062439
test_19022,0.4095832109451294
test_19023,3.901428863173351e-05
test_19024,0.9998143315315247
test_19025,0.9951181411743164
test_19026,0.999988317489624
test_19027,0.7258253693580627
test_19028,0.02609991282224655
test_19029,0.9999748468399048
test_19030,3.1475640298594953e-06
test_19031,0.9999967813491821
test_19032,0.07783882319927216
test_19033,0.9999815225601196
test_19034,0.9750848412513733
test_19035,2.7910282369703054e-05
test_19036,0.8784224987030029
test_19037,0.9999967813491821
test_19038,6.589409167645499e-06
test_19039,0.0676940456032753
test_19040,0.9999768733978271
test_19041,0.9949395656585693
test_19042,0.9999967813491821
test_19043,0.9741748571395874
test_19044,0.04186901077628136
test_19045,0.04474754258990288
test_19046,0.9999722242355347
test_19047,0.9971621036529541
test_19048,0.9995672106742859
test_19049,0.9995933175086975
test_19050,0.9982115030288696
test_19051,0.00016463240899611264
test_19052,0.6910020709037781
test_19053,0.9982689619064331
test_19054,3.1475640298594953e-06
test_19055,0.9979689717292786
test_19056,0.3080071210861206
test_19057,0.9999967813491821
test_19058,0.011379772797226906
test_19059,0.00011532848293427378
test_19060,0.014885476790368557
test_19061,0.8197465538978577
test_19062,0.9935203194618225
test_19063,0.9999967813491821
test_19064,0.023500721901655197
test_19065,0.28899094462394714
test_19066,0.00026639606221579015
test_19067,0.9999966621398926
test_19068,0.9997219443321228
test_19069,0.0001736888225423172
test_19070,0.83821702003479
test_19071,0.11210726201534271
test_19072,0.012941190041601658
test_19073,0.9999967813491821
test_19074,0.9999886751174927
test_19075,0.9999967813491821
test_19076,0.9999967813491821
test_19077,0.00023231217346619815
test_19078,0.00022474612342193723
test_19079,0.7993488311767578
test_19080,0.022294098511338234
test_19081,0.9999545812606812
test_19082,0.9323899745941162
test_19083,0.999269425868988
test_19084,0.9988294243812561
test_19085,0.004764142446219921
test_19086,0.0015668970299884677
test_19087,0.00015558901941403747
test_19088,0.00017946910520549864
test_19089,0.994020402431488
test_19090,5.246707587502897e-05
test_19091,0.9999581575393677
test_19092,0.9974442720413208
test_19093,0.0012029495555907488
test_19094,3.760139588848688e-05
test_19095,0.0017516203224658966
test_19096,0.9999967813491821
test_19097,0.3959985375404358
test_19098,0.5960296988487244
test_19099,0.9999967813491821
test_19100,0.0004296698316466063
test_19101,0.9999967813491821
test_19102,4.980015546607319e-06
test_19103,0.0005809451686218381
test_19104,0.00447686854749918
test_19105,0.9949802756309509
test_19106,0.010017277672886848
test_19107,0.9999966621398926
test_19108,0.049820493906736374
test_19109,0.001688763266429305
test_19110,0.0030169596429914236
test_19111,8.019546839932445e-06
test_19112,0.9999672174453735
test_19113,0.0027111321687698364
test_19114,0.0010522236116230488
test_19115,0.02585289068520069
test_19116,0.9996765851974487
test_19117,0.011404724791646004
test_19118,0.0004084751126356423
test_19119,0.3788018524646759
test_19120,0.5309377908706665
test_19121,0.999695897102356
test_19122,0.9975735545158386
test_19123,0.9999967813491821
test_19124,0.2851635813713074
test_19125,0.9997345805168152
test_19126,0.4929843544960022
test_19127,0.10373271256685257
test_19128,0.9999728202819824
test_19129,0.0006750134634785354
test_19130,0.999934196472168
test_19131,0.9999768733978271
test_19132,0.09164277464151382
test_19133,0.01180820632725954
test_19134,0.704276978969574
test_19135,0.048277582973241806
test_19136,0.9991029500961304
test_19137,0.9833891987800598
test_19138,0.0024576145224273205
test_19139,0.4990446865558624
test_19140,0.9999967813491821
test_19141,0.3141489624977112
test_19142,0.9999880790710449
test_19143,0.0001046912293531932
test_19144,0.9998062252998352
test_19145,0.9999847412109375
test_19146,0.9999967813491821
test_19147,0.9999967813491821
test_19148,0.9999608993530273
test_19149,0.9998307228088379
test_19150,0.3571898639202118
test_19151,1.1752679711207747e-05
test_19152,0.9998430013656616
test_19153,0.13720694184303284
test_19154,0.008728723973035812
test_19155,0.9994468092918396
test_19156,0.9926580786705017
test_19157,0.9997113347053528
test_19158,0.9995636343955994
test_19159,0.9999967813491821
test_19160,0.0013787539210170507
test_19161,0.02908184379339218
test_19162,0.00033538645948283374
test_19163,0.9943349361419678
test_19164,0.7379991412162781
test_19165,0.009456975385546684
test_19166,0.9996235370635986
test_19167,0.9985660910606384
test_19168,0.9997621178627014
test_19169,8.070929652603809e-06
test_19170,0.9999967813491821
test_19171,0.9999967813491821
test_19172,0.9988755583763123
test_19173,0.9891758561134338
test_19174,0.9741097092628479
test_19175,0.9082131385803223
test_19176,0.0008736323798075318
test_19177,0.9998236298561096
test_19178,0.9984959363937378
test_19179,0.6430433392524719
test_19180,0.0010281801223754883
test_19181,0.05867645889520645
test_19182,0.014928591437637806
test_19183,0.9999967813491821
test_19184,0.9999920129776001
test_19185,0.9965302348136902
test_19186,0.9937200546264648
test_19187,0.9997838139533997
test_19188,0.9997428059577942
test_19189,0.999504804611206
test_19190,0.9999967813491821
test_19191,0.01224351767450571
test_19192,0.9975064396858215
test_19193,0.6063663363456726
test_19194,0.00025272322818636894
test_19195,0.0002488753816578537
test_19196,0.9999929666519165
test_19197,0.041335251182317734
test_19198,0.9993610978126526
test_19199,0.0019554574973881245
test_19200,0.9993137121200562
test_19201,0.9999967813491821
test_19202,0.991669774055481
test_19203,0.9999871253967285
test_19204,0.3256884813308716
test_19205,0.031429223716259
test_19206,0.9995895028114319
test_19207,0.0010069669224321842
test_19208,0.9999967813491821
test_19209,0.9996863603591919
test_19210,0.17980942130088806
test_19211,0.037680257111787796
test_19212,0.9999967813491821
test_19213,0.9920551180839539
test_19214,0.07047568261623383
test_19215,0.03403818979859352
test_19216,0.052460528910160065
test_19217,0.999521017074585
test_19218,0.011045819148421288
test_19219,0.12038443237543106
test_19220,0.0928485095500946
test_19221,0.9959378242492676
test_19222,0.9917780160903931
test_19223,0.9972482323646545
test_19224,0.0031919183675199747
test_19225,0.09712793678045273
test_19226,0.9999967813491821
test_19227,0.6798941493034363
test_19228,0.9999967813491821
test_19229,3.1475640298594953e-06
test_19230,0.5485207438468933
test_19231,0.9998188614845276
test_19232,0.994097113609314
test_19233,0.9999672174453735
test_19234,0.0006445174221880734
test_19235,0.0034228989388793707
test_19236,0.002456161892041564
test_19237,3.1475640298594953e-06
test_19238,0.08065930008888245
test_19239,0.007182861212641001
test_19240,0.9998394250869751
test_19241,0.6470008492469788
test_19242,0.9995799660682678
test_19243,0.7920141220092773
test_19244,0.9999967813491821
test_19245,0.9999967813491821
test_19246,0.9999853372573853
test_19247,0.0002572937810327858
test_19248,0.9999109506607056
test_19249,0.00729740085080266
test_19250,0.9999967813491821
test_19251,0.9998133778572083
test_19252,0.00017329675029031932
test_19253,0.012989513576030731
test_19254,0.9981221556663513
test_19255,0.7003302574157715
test_19256,0.9999861717224121
test_19257,0.001559835160151124
test_19258,0.00036819680826738477
test_19259,0.0017644285690039396
test_19260,0.845160961151123
test_19261,0.9976578950881958
test_19262,0.9999476671218872
test_19263,0.06714010238647461
test_19264,0.561373770236969
test_19265,0.9997207522392273
test_19266,0.00967381987720728
test_19267,0.9999145269393921
test_19268,0.9999855756759644
test_19269,0.00961980875581503
test_19270,0.11420774459838867
test_19271,0.00010680707055144012
test_19272,0.9999967813491821
test_19273,0.9998252987861633
test_19274,0.004345541819930077
test_19275,0.4410978853702545
test_19276,0.9976822137832642
test_19277,0.08349727839231491
test_19278,6.314736674539745e-05
test_19279,0.6866245865821838
test_19280,0.9946311712265015
test_19281,0.8085924983024597
test_19282,0.1336817890405655
test_19283,0.4499549865722656
test_19284,0.9099616408348083
test_19285,0.5907834768295288
test_19286,0.1906072050333023
test_19287,0.9999967813491821
test_19288,0.7827343344688416
test_19289,5.476170190377161e-05
test_19290,0.9999967813491821
test_19291,1.7480173482908867e-05
test_19292,0.9872654676437378
test_19293,5.4776217439211905e-05
test_19294,0.9999526739120483
test_19295,0.9999719858169556
test_19296,0.999893069267273
test_19297,0.005682053044438362
test_19298,0.999991774559021
test_19299,0.38365572690963745
test_19300,0.00019124758546240628
test_19301,0.9813786745071411
test_19302,0.9999573230743408
test_19303,0.9999967813491821
test_19304,0.9999967813491821
test_19305,0.06463512033224106
test_19306,0.9999967813491821
test_19307,0.999588668346405
test_19308,0.9996576309204102
test_19309,0.021009014919400215
test_19310,0.0007114363834261894
test_19311,0.002181063639000058
test_19312,0.6295076012611389
test_19313,0.00028142784140072763
test_19314,0.7935120463371277
test_19315,0.9999967813491821
test_19316,0.9998823404312134
test_19317,0.2365262508392334
test_19318,0.9864971041679382
test_19319,0.0004213290521875024
test_19320,0.9999940395355225
test_19321,0.3618122935295105
test_19322,0.451993852853775
test_19323,0.9974125027656555
test_19324,0.0006952330586500466
test_19325,3.7079411413287744e-05
test_19326,0.44658470153808594
test_19327,0.9999967813491821
test_19328,0.0005179382860660553
test_19329,0.1163487657904625
test_19330,0.9843749403953552
test_19331,2.124546153936535e-05
test_19332,0.9995135068893433
test_19333,0.0016050051199272275
test_19334,0.0006409913767129183
test_19335,3.4668425996642327e-06
test_19336,0.00047606462612748146
test_19337,0.006718748714774847
test_19338,0.9999967813491821
test_19339,0.014852635562419891
test_19340,0.9999967813491821
test_19341,0.5636253952980042
test_19342,0.9999169111251831
test_19343,0.9998910427093506
test_19344,0.00358238210901618
test_19345,0.9999817609786987
test_19346,0.9932835102081299
test_19347,0.012768212705850601
test_19348,0.0801904946565628
test_19349,0.1298876404762268
test_19350,0.00012453396630007774
test_19351,0.005277578253298998
test_19352,0.9848273992538452
test_19353,0.045291468501091
test_19354,0.9999967813491821
test_19355,0.05614994838833809
test_19356,0.9676603674888611
test_19357,0.5864033102989197
test_19358,0.9830633997917175
test_19359,0.9908562898635864
test_19360,0.0017949269386008382
test_19361,0.00010217176168225706
test_19362,0.005636921618133783
test_19363,0.48026344180107117
test_19364,0.9987291693687439
test_19365,0.3255614936351776
test_19366,0.884539783000946
test_19367,0.7374424338340759
test_19368,0.9999967813491821
test_19369,0.977584183216095
test_19370,0.341251403093338
test_19371,0.0005442734691314399
test_19372,0.0013819232117384672
test_19373,0.5484258532524109
test_19374,0.9999446868896484
test_19375,0.734367847442627
test_19376,0.9998098015785217
test_19377,0.999935507774353
test_19378,0.9951450228691101
test_19379,0.33421590924263
test_19380,0.9999942779541016
test_19381,0.9992965459823608
test_19382,0.00012660041102208197
test_19383,0.9999886751174927
test_19384,0.9999967813491821
test_19385,0.9993659853935242
test_19386,0.46498343348503113
test_19387,0.7629660964012146
test_19388,0.9991734623908997
test_19389,0.7784184813499451
test_19390,0.9994403719902039
test_19391,0.9999401569366455
test_19392,0.015630856156349182
test_19393,0.9940387010574341
test_19394,0.9999967813491821
test_19395,0.002810903824865818
test_19396,0.918612539768219
test_19397,0.042730510234832764
test_19398,0.3474832773208618
test_19399,0.9380782246589661
test_19400,0.07953346520662308
test_19401,0.9998210072517395
test_19402,0.0001854938454926014
test_19403,0.1793341487646103
test_19404,0.0007117062923498452
test_19405,0.9937175512313843
test_19406,0.9998893737792969
test_19407,0.027057310566306114
test_19408,0.8619709014892578
test_19409,0.00990984681993723
test_19410,0.7935659885406494
test_19411,0.00046611347352154553
test_19412,0.004996857140213251
test_19413,0.9999967813491821
test_19414,7.3722553679544944e-06
test_19415,0.8281278610229492
test_19416,0.9995588660240173
test_19417,0.01607336290180683
test_19418,0.00042535533430054784
test_19419,0.9327101707458496
test_19420,0.028305836021900177
test_19421,0.9976995587348938
test_19422,0.9999920129776001
test_19423,0.999991774559021
test_19424,0.7868683338165283
test_19425,0.00010836301953531802
test_19426,0.0002521239803172648
test_19427,0.006712412927299738
test_19428,0.9999423027038574
test_19429,0.9985501170158386
test_19430,0.6383602023124695
test_19431,0.9999674558639526
test_19432,0.9995279312133789
test_19433,6.19576676399447e-05
test_19434,0.9995902180671692
test_19435,0.9999959468841553
test_19436,0.9999967813491821
test_19437,0.9999756813049316
test_19438,2.2991616788203828e-05
test_19439,0.6779579520225525
test_19440,0.7779952883720398
test_19441,0.9999310970306396
test_19442,0.5302915573120117
test_19443,0.0020144954323768616
test_19444,0.5802837610244751
test_19445,0.001085540046915412
test_19446,0.999985933303833
test_19447,0.002449426567181945
test_19448,0.9998751878738403
test_19449,0.9999068975448608
test_19450,0.9991307854652405
test_19451,0.9981849789619446
test_19452,0.9999967813491821
test_19453,0.9797016382217407
test_19454,0.9923553466796875
test_19455,0.04489700496196747
test_19456,0.003940492868423462
test_19457,0.9989044666290283
test_19458,0.999921441078186
test_19459,0.9999953508377075
test_19460,0.0013205764116719365
test_19461,0.022150367498397827
test_19462,0.9315570592880249
test_19463,4.261242793290876e-05
test_19464,0.04467293620109558
test_19465,0.010928505100309849
test_19466,0.9950323104858398
test_19467,0.9859557151794434
test_19468,0.9999438524246216
test_19469,0.9957380294799805
test_19470,0.005520898848772049
test_19471,0.00462390948086977
test_19472,0.9999967813491821
test_19473,0.9999955892562866
test_19474,0.9989147186279297
test_19475,0.9995607733726501
test_19476,0.998836100101471
test_19477,0.029517291113734245
test_19478,0.8638006448745728
test_19479,0.9999940395355225
test_19480,0.9999967813491821
test_19481,0.9999077320098877
test_19482,0.9117069244384766
test_19483,0.9999967813491821
test_19484,0.7193118333816528
test_19485,0.9998973608016968
test_19486,0.006098865531384945
test_19487,0.8037322163581848
test_19488,0.9999959468841553
test_19489,0.11262322217226028
test_19490,0.13920575380325317
test_19491,0.7280434370040894
test_19492,0.0070700752548873425
test_19493,0.9999886751174927
test_19494,0.232912078499794
test_19495,0.9999057054519653
test_19496,0.996109664440155
test_19497,0.0010809405939653516
test_19498,0.9975330829620361
test_19499,0.9997557997703552
test_19500,5.505219451151788e-05
test_19501,0.9994093179702759
test_19502,0.00017967868188861758
test_19503,0.6097825765609741
test_19504,0.2720257639884949
test_19505,0.9996993541717529
test_19506,0.700647234916687
test_19507,0.9986162185668945
test_19508,0.9999967813491821
test_19509,0.9999929666519165
test_19510,0.9996966123580933
test_19511,0.9448491334915161
test_19512,0.9997910857200623
test_19513,0.9821785092353821
test_19514,0.9999489784240723
test_19515,0.00031164189567789435
test_19516,0.9999256134033203
test_19517,0.17418888211250305
test_19518,0.9861040711402893
test_19519,0.9999967813491821
test_19520,0.7788957953453064
test_19521,0.9998406171798706
test_19522,0.00035081180976703763
test_19523,0.15530197322368622
test_19524,0.9743295311927795
test_19525,0.16834907233715057
test_19526,0.017776327207684517
test_19527,0.9998028874397278
test_19528,5.98842098042951e-06
test_19529,0.6312025785446167
test_19530,5.7074546930380166e-05
test_19531,0.0012868966441601515
test_19532,0.996635377407074
test_19533,0.01638604700565338
test_19534,0.9999686479568481
test_19535,0.0007439811015501618
test_19536,0.9624019265174866
test_19537,0.05953511968255043
test_19538,0.9986670017242432
test_19539,0.9999967813491821
test_19540,0.05101461708545685
test_19541,0.9934857487678528
test_19542,0.9926819205284119
test_19543,1.4085065231483895e-05
test_19544,0.9995092153549194
test_19545,0.9999805688858032
test_19546,0.9999655485153198
test_19547,0.007311657071113586
test_19548,0.9999967813491821
test_19549,0.0018291525775566697
test_19550,0.000816315645352006
test_19551,0.997400164604187
test_19552,0.9999788999557495
test_19553,0.0007539481739513576
test_19554,0.016107670962810516
test_19555,0.9994057416915894
test_19556,0.002647107234224677
test_19557,0.0012125808279961348
test_19558,0.036555055528879166
test_19559,0.025662735104560852
test_19560,0.9999895095825195
test_19561,0.999988317489624
test_19562,0.9999923706054688
test_19563,0.9997020363807678
test_19564,0.0024056618567556143
test_19565,0.5513259768486023
test_19566,0.00864177942276001
test_19567,0.9983863830566406
test_19568,0.6939218044281006
test_19569,0.3654462993144989
test_19570,0.9996786117553711
test_19571,0.9999898672103882
test_19572,0.99956876039505
test_19573,0.9986864924430847
test_19574,3.7018403418187518e-06
test_19575,0.7662785053253174
test_19576,0.9999967813491821
test_19577,0.9986224174499512
test_19578,0.9993365406990051
test_19579,0.053746920078992844
test_19580,0.0013418517773970962
test_19581,0.8309341073036194
test_19582,0.999953031539917
test_19583,7.365627971012145e-05
test_19584,0.0001299951400142163
test_19585,0.9999967813491821
test_19586,0.9999825954437256
test_19587,0.9266263246536255
test_19588,0.9996565580368042
test_19589,0.00015463870659004897
test_19590,0.9977306723594666
test_19591,0.5232387781143188
test_19592,0.999974250793457
test_19593,0.8571902513504028
test_19594,0.0031612408347427845
test_19595,1.3635740288009401e-05
test_19596,0.9999967813491821
test_19597,0.002582389861345291
test_19598,0.008591189980506897
test_19599,0.9999967813491821
test_19600,0.03394307941198349
test_19601,0.0008176604169420898
test_19602,0.021384404972195625
test_19603,0.9999967813491821
test_19604,0.9999967813491821
test_19605,0.014596241526305676
test_19606,0.9995716214179993
test_19607,3.4067514206981286e-05
test_19608,0.001146867754869163
test_19609,0.004681311547756195
test_19610,0.9999967813491821
test_19611,0.9989264607429504
test_19612,0.24646659195423126
test_19613,0.9999959468841553
test_19614,0.9815588593482971
test_19615,0.9999127388000488
test_19616,0.014439334161579609
test_19617,0.09590944647789001
test_19618,0.9411416053771973
test_19619,0.9964751601219177
test_19620,0.8192853927612305
test_19621,0.0008936912054196
test_19622,0.0008220885647460818
test_19623,0.0006179611664265394
test_19624,0.1411895602941513
test_19625,0.9999967813491821
test_19626,1.7166226825793274e-05
test_19627,0.0005676544969901443
test_19628,0.9999967813491821
test_19629,0.009401955641806126
test_19630,0.9999959468841553
test_19631,0.9990041851997375
test_19632,0.9999191761016846
test_19633,0.9999873638153076
test_19634,0.9954057931900024
test_19635,0.9999847412109375
test_19636,0.9997774958610535
test_19637,0.9373520612716675
test_19638,0.9998883008956909
test_19639,0.9532279372215271
test_19640,0.0005139165441505611
test_19641,0.9461498260498047
test_19642,0.0005207494832575321
test_19643,0.000842097622808069
test_19644,0.00023548671742901206
test_19645,0.07132948935031891
test_19646,0.6974691152572632
test_19647,0.9998809099197388
test_19648,0.023748891428112984
test_19649,0.9999165534973145
test_19650,0.0020162169821560383
test_19651,0.000126512095448561
test_19652,0.12266474217176437
test_19653,0.4754895865917206
test_19654,0.05155978724360466
test_19655,0.09188222885131836
test_19656,0.044616010040044785
test_19657,0.0033228369429707527
test_19658,0.0007149662706069648
test_19659,0.9993181228637695
test_19660,0.9999967813491821
test_19661,0.02409367449581623
test_19662,0.9874807000160217
test_19663,0.009970213286578655
test_19664,0.7077040076255798
test_19665,0.9999793767929077
test_19666,0.9996484518051147
test_19667,0.9999967813491821
test_19668,2.722139106481336e-05
test_19669,0.0014739660546183586
test_19670,0.9984620809555054
test_19671,0.16937965154647827
test_19672,0.9999535083770752
test_19673,0.02646341547369957
test_19674,4.045007244712906e-06
test_19675,0.8989018797874451
test_19676,0.9999967813491821
test_19677,0.9999001026153564
test_19678,0.0001459950435673818
test_19679,0.9613401293754578
test_19680,0.9995566010475159
test_19681,0.04570549726486206
test_19682,0.0009565636864863336
test_19683,0.9998028874397278
test_19684,0.0009290591115131974
test_19685,0.999985933303833
test_19686,0.9949493408203125
test_19687,3.1475640298594953e-06
test_19688,0.9991797804832458
test_19689,0.9999967813491821
test_19690,0.13403160870075226
test_19691,0.9998772144317627
test_19692,0.9999966621398926
test_19693,0.9309279918670654
test_19694,0.9991505146026611
test_19695,0.8888624310493469
test_19696,0.9960784316062927
test_19697,0.8997224569320679
test_19698,0.999951958656311
test_19699,0.9999967813491821
test_19700,0.055435072630643845
test_19701,0.4594586193561554
test_19702,0.04440601170063019
test_19703,0.00016255064110737294
test_19704,0.9995284080505371
test_19705,0.014146653935313225
test_19706,0.0006236203480511904
test_19707,0.9993236064910889
test_19708,0.9989109039306641
test_19709,4.340949544712203e-06
test_19710,0.9999825954437256
test_19711,0.006963603664189577
test_19712,0.9987345337867737
test_19713,0.9999967813491821
test_19714,0.24510005116462708
test_19715,0.000821500550955534
test_19716,0.001059258938767016
test_19717,0.9999967813491821
test_19718,0.9990611672401428
test_19719,0.9999831914901733
test_19720,0.9999929666519165
test_19721,0.7481825947761536
test_19722,0.001424720510840416
test_19723,0.9998829364776611
test_19724,3.1475640298594953e-06
test_19725,0.9999829530715942
test_19726,0.9999953508377075
test_19727,0.008549422025680542
test_19728,0.9999889135360718
test_19729,0.7821696996688843
test_19730,0.0001446222304366529
test_19731,0.17862790822982788
test_19732,0.9999966621398926
test_19733,0.9693813920021057
test_19734,0.9998868703842163
test_19735,0.9885777235031128
test_19736,0.9999825954437256
test_19737,0.5418648719787598
test_19738,0.8577697277069092
test_19739,9.784359463083092e-06
test_19740,0.9991539716720581
test_19741,0.9999423027038574
test_19742,0.004435615614056587
test_19743,9.039686119649559e-05
test_19744,0.9999871253967285
test_19745,0.9994441866874695
test_19746,0.00014233872934710234
test_19747,0.5619616508483887
test_19748,3.1475640298594953e-06
test_19749,0.5943580865859985
test_19750,0.9999967813491821
test_19751,6.359871804306749e-06
test_19752,0.9998136162757874
test_19753,0.00478117261081934
test_19754,0.02590177021920681
test_19755,0.9998364448547363
test_19756,0.9914491772651672
test_19757,0.99924635887146
test_19758,2.6714809791883454e-05
test_19759,0.9929724931716919
test_19760,0.9993581175804138
test_19761,0.019543971866369247
test_19762,0.0016028954414650798
test_19763,0.09793564677238464
test_19764,0.9924280047416687
test_19765,0.9999895095825195
test_19766,3.1475640298594953e-06
test_19767,0.0008747305255383253
test_19768,0.0008015090133994818
test_19769,0.09963801503181458
test_19770,1.169534425571328e-05
test_19771,0.9999428987503052
test_19772,0.9999895095825195
test_19773,9.435529500478879e-05
test_19774,0.003611623076722026
test_19775,0.0005010429304093122
test_19776,0.9999967813491821
test_19777,3.4047086955979466e-05
test_19778,0.9999967813491821
test_19779,0.9699649214744568
test_19780,0.8251591324806213
test_19781,1.3244479305285495e-05
test_19782,0.9932583570480347
test_19783,0.4225125014781952
test_19784,0.9999861717224121
test_19785,0.9961814880371094
test_19786,0.9999963045120239
test_19787,3.146144445054233e-05
test_19788,0.9931071400642395
test_19789,0.9782213568687439
test_19790,0.9946175217628479
test_19791,0.9893922805786133
test_19792,0.987878143787384
test_19793,0.011854277923703194
test_19794,0.0012610404519364238
test_19795,0.9958708882331848
test_19796,0.023869851604104042
test_19797,0.9996745586395264
test_19798,0.0004799404996447265
test_19799,0.9995447993278503
test_19800,0.00015724287368357182
test_19801,0.07075253874063492
test_19802,0.7733296155929565
test_19803,0.9988952875137329
test_19804,0.9381818771362305
test_19805,0.00013635490904562175
test_19806,0.4480891525745392
test_19807,0.9999895095825195
test_19808,0.47178271412849426
test_19809,0.0012802454875782132
test_19810,0.9999967813491821
test_19811,0.99250727891922
test_19812,0.013901639729738235
test_19813,0.2627106308937073
test_19814,0.9999942779541016
test_19815,0.0001494312018621713
test_19816,0.00024211946583818644
test_19817,0.9999438524246216
test_19818,0.004383280873298645
test_19819,0.9942637085914612
test_19820,0.0015879409620538354
test_19821,0.9999102354049683
test_19822,0.9999967813491821
test_19823,0.9999051094055176
test_19824,0.9940411448478699
test_19825,0.9995325803756714
test_19826,0.0012370293261483312
test_19827,0.9999967813491821
test_19828,0.060237232595682144
test_19829,0.37535157799720764
test_19830,0.9996815919876099
test_19831,0.004519455600529909
test_19832,0.9892882108688354
test_19833,0.09536324441432953
test_19834,0.0031707563903182745
test_19835,0.015432310290634632
test_19836,0.0018640909111127257
test_19837,0.9999967813491821
test_19838,0.9999967813491821
test_19839,0.12460384517908096
test_19840,0.9062344431877136
test_19841,0.24783198535442352
test_19842,0.010263622738420963
test_19843,8.570194950152654e-06
test_19844,0.00013808543735649437
test_19845,3.1475640298594953e-06
test_19846,0.9998449087142944
test_19847,0.9999936819076538
test_19848,0.014268884435296059
test_19849,0.004264262039214373
test_19850,0.999991774559021
test_19851,0.01778465323150158
test_19852,0.18204188346862793
test_19853,0.019453568384051323
test_19854,0.9997840523719788
test_19855,0.992426872253418
test_19856,0.9999967813491821
test_19857,0.0033952887170016766
test_19858,0.9997223019599915
test_19859,0.9814578890800476
test_19860,0.0006808261387050152
test_19861,3.1475640298594953e-06
test_19862,7.430553523590788e-05
test_19863,0.9739149212837219
test_19864,0.00045083981240168214
test_19865,0.9996101260185242
test_19866,0.002245873911306262
test_19867,0.9999940395355225
test_19868,0.9334457516670227
test_19869,0.0002384396066190675
test_19870,3.1475640298594953e-06
test_19871,0.9999719858169556
test_19872,0.9998195767402649
test_19873,0.9903754591941833
test_19874,0.005887486971914768
test_19875,0.0012771106557920575
test_19876,0.9678212404251099
test_19877,0.9981016516685486
test_19878,0.9999305009841919
test_19879,0.9995635151863098
test_19880,0.9857637286186218
test_19881,0.00019236336811445653
test_19882,0.9999967813491821
test_19883,0.9717943072319031
test_19884,8.88264476088807e-05
test_19885,0.9251191020011902
test_19886,0.9999967813491821
test_19887,0.9999967813491821
test_19888,0.00012181141937617213
test_19889,0.999500036239624
test_19890,0.9999600648880005
test_19891,0.8868908882141113
test_19892,0.9997506737709045
test_19893,0.9925096035003662
test_19894,0.015005497261881828
test_19895,0.9977567791938782
test_19896,0.4071512520313263
test_19897,0.49094870686531067
test_19898,0.05287203565239906
test_19899,0.004751901607960463
test_19900,0.9997015595436096
test_19901,0.00085538619896397
test_19902,0.14490456879138947
test_19903,0.9999933242797852
test_19904,0.9999120235443115
test_19905,0.9965819716453552
test_19906,0.43566256761550903
test_19907,0.3229804039001465
test_19908,0.0008329477277584374
test_19909,0.0010076867183670402
test_19910,9.965130448108539e-05
test_19911,0.015467996709048748
test_19912,0.99808669090271
test_19913,0.9999967813491821
test_19914,0.0018264540703967214
test_19915,0.001067733857780695
test_19916,0.1643938273191452
test_19917,0.009603246115148067
test_19918,0.023641521111130714
test_19919,0.00032584252767264843
test_19920,0.00037299966788850725
test_19921,0.9997159838676453
test_19922,0.9999829530715942
test_19923,0.9999904632568359
test_19924,0.24674971401691437
test_19925,0.9999929666519165
test_19926,0.008138969540596008
test_19927,0.36328911781311035
test_19928,0.10657592117786407
test_19929,0.9996664524078369
test_19930,0.8114078640937805
test_19931,0.9849507808685303
test_19932,0.9996337890625
test_19933,0.0024296240881085396
test_19934,0.9999779462814331
test_19935,2.9361812266870402e-05
test_19936,0.9999653100967407
test_19937,0.999991774559021
test_19938,0.9945225715637207
test_19939,0.017276033759117126
test_19940,0.00025568954879418015
test_19941,0.4359458088874817
test_19942,0.022476378828287125
test_19943,0.9958308339118958
test_19944,0.9999889135360718
test_19945,3.1475640298594953e-06
test_19946,0.00013436388690024614
test_19947,0.012852726504206657
test_19948,0.9954661130905151
test_19949,5.033977868151851e-05
test_19950,0.8522748351097107
test_19951,0.9999967813491821
test_19952,0.9999212026596069
test_19953,3.1475640298594953e-06
test_19954,0.0002754056185949594
test_19955,0.00026861726655624807
test_19956,2.5588049538782798e-05
test_19957,9.605020022718236e-05
test_19958,0.8684651255607605
test_19959,0.9999967813491821
test_19960,0.4162117838859558
test_19961,0.9995705485343933
test_19962,0.0016441832995042205
test_19963,0.0003957907320000231
test_19964,0.958861231803894
test_19965,0.0015738395741209388
test_19966,0.9999967813491821
test_19967,0.9992584586143494
test_19968,0.9994382262229919
test_19969,0.14448034763336182
test_19970,0.015723370015621185
test_19971,0.23415543138980865
test_19972,0.9743353128433228
test_19973,0.9538127779960632
test_19974,0.9989350438117981
test_19975,0.9167142510414124
test_19976,0.9921807050704956
test_19977,0.6822870969772339
test_19978,0.0016360708978027105
test_19979,0.0011511396151036024
test_19980,0.9943021535873413
test_19981,0.9999375343322754
test_19982,0.9999867677688599
test_19983,0.9999178647994995
test_19984,0.979642927646637
test_19985,0.005304309539496899
test_19986,0.0008061954285949469
test_19987,0.9998739957809448
test_19988,0.9999305009841919
test_19989,0.00646570697426796
test_19990,0.8305190801620483
test_19991,0.9999744892120361
test_19992,0.0037931904662400484
test_19993,0.07608191668987274
test_19994,0.23208889365196228
test_19995,0.9508217573165894
test_19996,0.0002579038555268198
test_19997,0.05457650125026703
test_19998,3.1475640298594953e-06
test_19999,0.032736919820308685
